﻿Quelle:;"Bayerisches Landesamt für Umwelt, www.gkd.bayern.de"
Datenbankabfrage:;"24.02.2023 16:00"
Zeitbezug:;MEZ
Messstellen-Name:;"Brunnbergquellen 9/19"
Messstellen-Nr.:;2524
Ostwert:;685010;Nordwert:;5503869;"ETRS89 / UTM Zone 32N"

Datum;"Quellschüttung [l/s]";Prüfstatus
2014-11-19;5,20;Rohdaten
2014-11-20;5,37;Rohdaten
2014-11-21;5,65;Rohdaten
2014-11-22;5,99;Rohdaten
2014-11-23;6,02;Rohdaten
2014-11-24;5,96;Rohdaten
2014-11-25;5,79;Rohdaten
2014-11-26;5,69;Rohdaten
2014-11-27;5,71;Rohdaten
2014-11-28;5,83;Rohdaten
2014-11-29;5,72;Rohdaten
2014-11-30;5,63;Rohdaten
2014-12-01;5,74;Rohdaten
2014-12-02;5,52;Rohdaten
2014-12-03;5,64;Rohdaten
2014-12-04;5,74;Rohdaten
2014-12-05;5,61;Rohdaten
2014-12-06;5,51;Rohdaten
2014-12-07;5,56;Rohdaten
2014-12-08;5,57;Rohdaten
2014-12-09;5,33;Rohdaten
2014-12-10;5,52;Rohdaten
2014-12-11;5,69;Rohdaten
2014-12-12;6,28;Rohdaten
2014-12-13;6,03;Rohdaten
2014-12-14;5,90;Rohdaten
2014-12-15;6,16;Rohdaten
2014-12-16;5,92;Rohdaten
2014-12-17;5,80;Rohdaten
2014-12-18;6,10;Rohdaten
2014-12-19;6,64;Rohdaten
2014-12-20;6,61;Rohdaten
2014-12-21;6,77;Rohdaten
2014-12-22;6,79;Rohdaten
2014-12-23;6,43;Rohdaten
2014-12-24;6,17;Rohdaten
2014-12-25;6,25;Rohdaten
2014-12-26;5,89;Rohdaten
2014-12-27;5,88;Rohdaten
2014-12-28;6,04;Rohdaten
2014-12-29;7,88;Rohdaten
2014-12-30;8,10;Rohdaten
2014-12-31;8,09;Rohdaten
2015-01-01;7,32;Rohdaten
2015-01-02;7,78;Rohdaten
2015-01-03;7,96;Rohdaten
2015-01-04;7,65;Rohdaten
2015-01-05;7,74;Rohdaten
2015-01-06;7,53;Rohdaten
2015-01-07;6,78;Rohdaten
2015-01-08;6,10;Rohdaten
2015-01-09;7,09;Rohdaten
2015-01-10;8,15;Rohdaten
2015-01-11;9,15;Rohdaten
2015-01-12;7,46;Rohdaten
2015-01-13;6,91;Rohdaten
2015-01-14;6,97;Rohdaten
2015-01-15;7,34;Rohdaten
2015-01-16;6,91;Rohdaten
2015-01-17;6,65;Rohdaten
2015-01-18;7,23;Rohdaten
2015-01-19;6,94;Rohdaten
2015-01-20;7,41;Rohdaten
2015-01-21;7,57;Rohdaten
2015-01-22;7,19;Rohdaten
2015-01-23;6,82;Rohdaten
2015-01-24;6,90;Rohdaten
2015-01-25;6,82;Rohdaten
2015-01-26;6,93;Rohdaten
2015-01-27;6,63;Rohdaten
2015-01-28;6,88;Rohdaten
2015-01-29;7,22;Rohdaten
2015-01-30;7,28;Rohdaten
2015-01-31;7,13;Rohdaten
2015-02-01;7,11;Rohdaten
2015-02-02;6,88;Rohdaten
2015-02-03;6,93;Rohdaten
2015-02-04;6,94;Rohdaten
2015-02-05;6,52;Rohdaten
2015-02-06;6,47;Rohdaten
2015-02-07;6,59;Rohdaten
2015-02-08;6,77;Rohdaten
2015-02-09;6,83;Rohdaten
2015-02-10;6,70;Rohdaten
2015-02-11;6,51;Rohdaten
2015-02-12;6,41;Rohdaten
2015-02-13;6,44;Rohdaten
2015-02-14;6,50;Rohdaten
2015-02-15;6,24;Rohdaten
2015-02-16;5,93;Rohdaten
2015-02-17;5,95;Rohdaten
2015-02-18;6,10;Rohdaten
2015-02-19;6,20;Rohdaten
2015-02-20;6,14;Rohdaten
2015-02-21;6,10;Rohdaten
2015-02-22;6,38;Rohdaten
2015-02-23;6,66;Rohdaten
2015-02-24;6,23;Rohdaten
2015-02-25;6,81;Rohdaten
2015-02-26;6,80;Rohdaten
2015-02-27;6,51;Rohdaten
2015-02-28;6,15;Rohdaten
2015-03-01;6,39;Rohdaten
2015-03-02;7,06;Rohdaten
2015-03-03;6,95;Rohdaten
2015-03-04;6,56;Rohdaten
2015-03-05;6,62;Rohdaten
2015-03-06;6,50;Rohdaten
2015-03-07;6,23;Rohdaten
2015-03-08;6,30;Rohdaten
2015-03-09;6,20;Rohdaten
2015-03-10;6,28;Rohdaten
2015-03-11;6,34;Rohdaten
2015-03-12;6,42;Rohdaten
2015-03-13;6,59;Rohdaten
2015-03-14;6,41;Rohdaten
2015-03-15;6,40;Rohdaten
2015-03-16;6,57;Rohdaten
2015-03-17;6,40;Rohdaten
2015-03-18;6,97;Rohdaten
2015-03-19;6,63;Rohdaten
2015-03-20;6,67;Rohdaten
2015-03-21;7,32;Rohdaten
2015-03-22;7,46;Rohdaten
2015-03-23;7,38;Rohdaten
2015-03-24;6,62;Rohdaten
2015-03-25;7,11;Rohdaten
2015-03-26;6,74;Rohdaten
2015-03-27;6,49;Rohdaten
2015-03-28;6,55;Rohdaten
2015-03-29;6,82;Rohdaten
2015-03-30;7,35;Rohdaten
2015-03-31;8,11;Rohdaten
2015-04-01;8,33;Rohdaten
2015-04-02;8,19;Rohdaten
2015-04-03;8,27;Rohdaten
2015-04-04;7,86;Rohdaten
2015-04-05;7,66;Rohdaten
2015-04-06;7,40;Rohdaten
2015-04-07;7,41;Rohdaten
2015-04-08;7,41;Rohdaten
2015-04-09;7,32;Rohdaten
2015-04-10;7,55;Rohdaten
2015-04-11;7,29;Rohdaten
2015-04-12;7,46;Rohdaten
2015-04-13;7,31;Rohdaten
2015-04-14;7,38;Rohdaten
2015-04-15;7,33;Rohdaten
2015-04-16;7,01;Rohdaten
2015-04-17;7,22;Rohdaten
2015-04-18;6,54;Rohdaten
2015-04-19;6,69;Rohdaten
2015-04-20;6,64;Rohdaten
2015-04-21;6,76;Rohdaten
2015-04-22;6,47;Rohdaten
2015-04-23;6,92;Rohdaten
2015-04-24;6,69;Rohdaten
2015-04-25;6,78;Rohdaten
2015-04-26;6,74;Rohdaten
2015-04-27;6,83;Rohdaten
2015-04-28;6,96;Rohdaten
2015-04-29;6,95;Rohdaten
2015-04-30;6,89;Rohdaten
2015-05-01;7,19;Rohdaten
2015-05-02;7,08;Rohdaten
2015-05-03;6,98;Rohdaten
2015-05-04;7,19;Rohdaten
2015-05-05;7,19;Rohdaten
2015-05-06;6,81;Rohdaten
2015-05-07;6,71;Rohdaten
2015-05-08;6,63;Rohdaten
2015-05-09;6,61;Rohdaten
2015-05-10;6,56;Rohdaten
2015-05-11;6,42;Rohdaten
2015-05-12;6,54;Rohdaten
2015-05-13;6,54;Rohdaten
2015-05-14;6,42;Rohdaten
2015-05-15;6,38;Rohdaten
2015-05-16;6,13;Rohdaten
2015-05-17;6,19;Rohdaten
2015-05-18;6,05;Rohdaten
2015-05-19;5,99;Rohdaten
2015-05-20;6,07;Rohdaten
2015-05-21;5,72;Rohdaten
2015-05-22;5,94;Rohdaten
2015-05-23;5,92;Rohdaten
2015-05-24;5,76;Rohdaten
2015-05-25;5,87;Rohdaten
2015-05-26;5,89;Rohdaten
2015-05-27;5,78;Rohdaten
2015-05-28;5,77;Rohdaten
2015-05-29;5,36;Rohdaten
2015-05-30;5,61;Rohdaten
2015-05-31;5,63;Rohdaten
2015-06-01;5,53;Rohdaten
2015-06-02;5,47;Rohdaten
2015-06-03;5,39;Rohdaten
2015-06-04;5,20;Rohdaten
2015-06-05;5,54;Rohdaten
2015-06-06;5,56;Rohdaten
2015-06-07;5,70;Rohdaten
2015-06-08;5,64;Rohdaten
2015-06-09;6,14;Rohdaten
2015-06-10;5,70;Rohdaten
2015-06-11;5,80;Rohdaten
2015-06-12;5,58;Rohdaten
2015-06-13;5,43;Rohdaten
2015-06-14;5,33;Rohdaten
2015-06-15;5,35;Rohdaten
2015-06-16;5,49;Rohdaten
2015-06-17;5,36;Rohdaten
2015-06-18;5,63;Rohdaten
2015-06-19;5,74;Rohdaten
2015-06-20;5,58;Rohdaten
2015-06-21;5,44;Rohdaten
2015-06-22;6,28;Rohdaten
2015-06-23;7,60;Rohdaten
2015-06-24;7,17;Rohdaten
2015-06-25;;Rohdaten
2015-06-26;5,74;Rohdaten
2015-06-27;5,91;Rohdaten
2015-06-28;5,79;Rohdaten
2015-06-29;5,82;Rohdaten
2015-06-30;5,84;Rohdaten
2015-07-01;5,83;Rohdaten
2015-07-02;5,49;Rohdaten
2015-07-03;5,45;Rohdaten
2015-07-04;5,48;Rohdaten
2015-07-05;5,25;Rohdaten
2015-07-06;5,22;Rohdaten
2015-07-07;5,26;Rohdaten
2015-07-08;5,31;Rohdaten
2015-07-09;5,14;Rohdaten
2015-07-10;5,20;Rohdaten
2015-07-11;5,22;Rohdaten
2015-07-12;5,08;Rohdaten
2015-07-13;5,14;Rohdaten
2015-07-14;5,19;Rohdaten
2015-07-15;5,30;Rohdaten
2015-07-16;5,72;Rohdaten
2015-07-17;5,60;Rohdaten
2015-07-18;5,19;Rohdaten
2015-07-19;5,17;Rohdaten
2015-07-20;4,92;Rohdaten
2015-07-21;4,88;Rohdaten
2015-07-22;4,96;Rohdaten
2015-07-23;4,95;Rohdaten
2015-07-24;5,13;Rohdaten
2015-07-25;5,09;Rohdaten
2015-07-26;5,05;Rohdaten
2015-07-27;5,32;Rohdaten
2015-07-28;5,05;Rohdaten
2015-07-29;4,85;Rohdaten
2015-07-30;5,00;Rohdaten
2015-07-31;5,86;Rohdaten
2015-08-01;6,59;Rohdaten
2015-08-02;6,92;Rohdaten
2015-08-03;6,37;Rohdaten
2015-08-04;6,29;Rohdaten
2015-08-05;6,37;Rohdaten
2015-08-06;6,02;Rohdaten
2015-08-07;4,34;Rohdaten
2015-08-08;6,31;Rohdaten
2015-08-09;7,19;Rohdaten
2015-08-10;7,53;Rohdaten
2015-08-11;4,90;Rohdaten
2015-08-12;5,20;Rohdaten
2015-08-13;5,45;Rohdaten
2015-08-14;4,36;Rohdaten
2015-08-15;4,62;Rohdaten
2015-08-16;6,22;Rohdaten
2015-08-17;4,67;Rohdaten
2015-08-18;4,66;Rohdaten
2015-08-19;4,44;Rohdaten
2015-08-20;4,26;Rohdaten
2015-08-21;4,41;Rohdaten
2015-08-22;4,10;Rohdaten
2015-08-23;4,08;Rohdaten
2015-08-24;3,98;Rohdaten
2015-08-25;4,35;Rohdaten
2015-08-26;5,11;Rohdaten
2015-08-27;4,35;Rohdaten
2015-08-28;4,43;Rohdaten
2015-08-29;4,92;Rohdaten
2015-08-30;4,15;Rohdaten
2015-08-31;4,94;Rohdaten
2015-09-01;3,37;Rohdaten
2015-09-02;3,03;Rohdaten
2015-09-03;3,17;Rohdaten
2015-09-04;3,86;Rohdaten
2015-09-05;3,36;Rohdaten
2015-09-06;3,29;Rohdaten
2015-09-07;3,52;Rohdaten
2015-09-08;3,69;Rohdaten
2015-09-09;4,10;Rohdaten
2015-09-10;4,41;Rohdaten
2015-09-11;4,20;Rohdaten
2015-09-12;5,66;Rohdaten
2015-09-13;5,70;Rohdaten
2015-09-14;5,24;Rohdaten
2015-09-15;5,44;Rohdaten
2015-09-16;5,77;Rohdaten
2015-09-17;4,91;Rohdaten
2015-09-18;3,39;Rohdaten
2015-09-19;3,27;Rohdaten
2015-09-20;3,38;Rohdaten
2015-09-21;3,52;Rohdaten
2015-09-22;3,56;Rohdaten
2015-09-23;2,88;Rohdaten
2015-09-24;2,89;Rohdaten
2015-09-25;2,92;Rohdaten
2015-09-26;2,89;Rohdaten
2015-09-27;2,85;Rohdaten
2015-09-28;3,81;Rohdaten
2015-09-29;3,69;Rohdaten
2015-09-30;3,03;Rohdaten
2015-10-01;3,04;Rohdaten
2015-10-02;3,15;Rohdaten
2015-10-03;3,79;Rohdaten
2015-10-04;4,06;Rohdaten
2015-10-05;4,11;Rohdaten
2015-10-06;3,99;Rohdaten
2015-10-07;3,76;Rohdaten
2015-10-08;3,67;Rohdaten
2015-10-09;3,47;Rohdaten
2015-10-10;4,17;Rohdaten
2015-10-11;6,94;Rohdaten
2015-10-12;5,26;Rohdaten
2015-10-13;3,60;Rohdaten
2015-10-14;3,50;Rohdaten
2015-10-15;3,62;Rohdaten
2015-10-16;3,67;Rohdaten
2015-10-17;3,63;Rohdaten
2015-10-18;3,66;Rohdaten
2015-10-19;4,24;Rohdaten
2015-10-20;4,05;Rohdaten
2015-10-21;3,42;Rohdaten
2015-10-22;3,42;Rohdaten
2015-10-23;3,35;Rohdaten
2015-10-24;3,07;Rohdaten
2015-10-25;3,21;Rohdaten
2015-10-26;3,29;Rohdaten
2015-10-27;4,03;Rohdaten
2015-10-28;4,66;Rohdaten
2015-10-29;4,23;Rohdaten
2015-10-30;3,34;Rohdaten
2015-10-31;3,63;Rohdaten
2015-11-01;3,56;Rohdaten
2015-11-02;3,74;Rohdaten
2015-11-03;3,87;Rohdaten
2015-11-04;3,86;Rohdaten
2015-11-05;3,92;Rohdaten
2015-11-06;3,98;Rohdaten
2015-11-07;3,99;Rohdaten
2015-11-08;4,08;Rohdaten
2015-11-09;4,11;Rohdaten
2015-11-10;3,94;Rohdaten
2015-11-11;3,83;Rohdaten
2015-11-12;5,36;Rohdaten
2015-11-13;5,28;Rohdaten
2015-11-14;4,80;Rohdaten
2015-11-15;4,16;Rohdaten
2015-11-16;3,91;Rohdaten
2015-11-17;3,92;Rohdaten
2015-11-18;4,13;Rohdaten
2015-11-19;4,05;Rohdaten
2015-11-20;4,62;Rohdaten
2015-11-21;6,00;Rohdaten
2015-11-22;5,02;Rohdaten
2015-11-23;4,49;Rohdaten
2015-11-24;4,06;Rohdaten
2015-11-25;3,95;Rohdaten
2015-11-26;3,77;Rohdaten
2015-11-27;3,86;Rohdaten
2015-11-28;3,91;Rohdaten
2015-11-29;3,99;Rohdaten
2015-11-30;4,32;Rohdaten
2015-12-01;6,45;Rohdaten
2015-12-02;9,47;Rohdaten
2015-12-03;5,26;Rohdaten
2015-12-04;4,53;Rohdaten
2015-12-05;4,67;Rohdaten
2015-12-06;4,66;Rohdaten
2015-12-07;4,59;Rohdaten
2015-12-08;4,45;Rohdaten
2015-12-09;4,63;Rohdaten
2015-12-10;4,87;Rohdaten
2015-12-11;4,79;Rohdaten
2015-12-12;4,83;Rohdaten
2015-12-13;5,12;Rohdaten
2015-12-14;4,91;Rohdaten
2015-12-15;4,65;Rohdaten
2015-12-16;4,08;Rohdaten
2015-12-17;4,41;Rohdaten
2015-12-18;7,21;Rohdaten
2015-12-19;6,95;Rohdaten
2015-12-20;4,49;Rohdaten
2015-12-21;4,55;Rohdaten
2015-12-22;4,79;Rohdaten
2015-12-23;4,66;Rohdaten
2015-12-24;4,36;Rohdaten
2015-12-25;4,20;Rohdaten
2015-12-26;4,20;Rohdaten
2015-12-27;4,00;Rohdaten
2015-12-28;4,55;Rohdaten
2015-12-29;5,19;Rohdaten
2015-12-30;4,50;Rohdaten
2015-12-31;4,59;Rohdaten
2016-01-01;4,76;Rohdaten
2016-01-02;4,50;Rohdaten
2016-01-03;4,24;Rohdaten
2016-01-04;4,35;Rohdaten
2016-01-05;4,31;Rohdaten
2016-01-06;4,27;Rohdaten
2016-01-07;3,82;Rohdaten
2016-01-08;4,03;Rohdaten
2016-01-09;4,28;Rohdaten
2016-01-10;4,15;Rohdaten
2016-01-11;4,68;Rohdaten
2016-01-12;5,05;Rohdaten
2016-01-13;7,42;Rohdaten
2016-01-14;7,95;Rohdaten
2016-01-15;5,29;Rohdaten
2016-01-16;5,22;Rohdaten
2016-01-17;5,18;Rohdaten
2016-01-18;5,37;Rohdaten
2016-01-19;5,01;Rohdaten
2016-01-20;4,89;Rohdaten
2016-01-21;4,84;Rohdaten
2016-01-22;5,09;Rohdaten
2016-01-23;5,32;Rohdaten
2016-01-24;5,35;Rohdaten
2016-01-25;5,53;Rohdaten
2016-01-26;6,71;Rohdaten
2016-01-27;6,12;Rohdaten
2016-01-28;6,17;Rohdaten
2016-01-29;5,80;Rohdaten
2016-01-30;5,85;Rohdaten
2016-01-31;6,18;Rohdaten
2016-02-01;7,02;Rohdaten
2016-02-02;6,90;Rohdaten
2016-02-03;6,44;Rohdaten
2016-02-04;6,66;Rohdaten
2016-02-05;6,36;Rohdaten
2016-02-06;6,55;Rohdaten
2016-02-07;6,90;Rohdaten
2016-02-08;6,58;Rohdaten
2016-02-09;6,69;Rohdaten
2016-02-10;7,71;Rohdaten
2016-02-11;7,36;Rohdaten
2016-02-12;7,13;Rohdaten
2016-02-13;7,60;Rohdaten
2016-02-14;8,50;Rohdaten
2016-02-15;8,04;Rohdaten
2016-02-16;6,76;Rohdaten
2016-02-17;6,62;Rohdaten
2016-02-18;6,68;Rohdaten
2016-02-19;6,55;Rohdaten
2016-02-20;6,69;Rohdaten
2016-02-21;8,18;Rohdaten
2016-02-22;10,94;Rohdaten
2016-02-23;7,21;Rohdaten
2016-02-24;6,75;Rohdaten
2016-02-25;6,34;Rohdaten
2016-02-26;6,30;Rohdaten
2016-02-27;6,40;Rohdaten
2016-02-28;6,50;Rohdaten
2016-02-29;6,63;Rohdaten
2016-03-01;6,78;Rohdaten
2016-03-02;7,33;Rohdaten
2016-03-03;7,51;Rohdaten
2016-03-04;7,34;Rohdaten
2016-03-05;7,22;Rohdaten
2016-03-06;7,75;Rohdaten
2016-03-07;7,98;Rohdaten
2016-03-08;7,31;Rohdaten
2016-03-09;7,46;Rohdaten
2016-03-10;7,41;Rohdaten
2016-03-11;7,04;Rohdaten
2016-03-12;7,17;Rohdaten
2016-03-13;7,12;Rohdaten
2016-03-14;7,05;Rohdaten
2016-03-15;7,12;Rohdaten
2016-03-16;7,31;Rohdaten
2016-03-17;7,83;Rohdaten
2016-03-18;8,16;Rohdaten
2016-03-19;7,95;Rohdaten
2016-03-20;8,15;Rohdaten
2016-03-21;8,11;Rohdaten
2016-03-22;7,47;Rohdaten
2016-03-23;7,37;Rohdaten
2016-03-24;6,87;Rohdaten
2016-03-25;7,23;Rohdaten
2016-03-26;7,31;Rohdaten
2016-03-27;7,14;Rohdaten
2016-03-28;7,34;Rohdaten
2016-03-29;6,74;Rohdaten
2016-03-30;6,96;Rohdaten
2016-03-31;7,53;Rohdaten
2016-04-01;7,33;Rohdaten
2016-04-02;6,96;Rohdaten
2016-04-03;7,24;Rohdaten
2016-04-04;6,94;Rohdaten
2016-04-05;7,18;Rohdaten
2016-04-06;6,77;Rohdaten
2016-04-07;6,81;Rohdaten
2016-04-08;6,46;Rohdaten
2016-04-09;6,77;Rohdaten
2016-04-10;6,61;Rohdaten
2016-04-11;6,75;Rohdaten
2016-04-12;6,70;Rohdaten
2016-04-13;6,88;Rohdaten
2016-04-14;6,62;Rohdaten
2016-04-15;6,70;Rohdaten
2016-04-16;6,89;Rohdaten
2016-04-17;7,20;Rohdaten
2016-04-18;6,83;Rohdaten
2016-04-19;6,45;Rohdaten
2016-04-20;6,64;Rohdaten
2016-04-21;6,46;Rohdaten
2016-04-22;6,69;Rohdaten
2016-04-23;6,53;Rohdaten
2016-04-24;6,84;Rohdaten
2016-04-25;6,71;Rohdaten
2016-04-26;7,18;Rohdaten
2016-04-27;7,14;Rohdaten
2016-04-28;6,86;Rohdaten
2016-04-29;6,43;Rohdaten
2016-04-30;6,23;Rohdaten
2016-05-01;6,38;Rohdaten
2016-05-02;6,52;Rohdaten
2016-05-03;6,43;Rohdaten
2016-05-04;6,52;Rohdaten
2016-05-05;6,76;Rohdaten
2016-05-06;6,58;Rohdaten
2016-05-07;6,90;Rohdaten
2016-05-08;6,68;Rohdaten
2016-05-09;6,74;Rohdaten
2016-05-10;6,07;Rohdaten
2016-05-11;6,22;Rohdaten
2016-05-12;6,31;Rohdaten
2016-05-13;6,30;Rohdaten
2016-05-14;6,48;Rohdaten
2016-05-15;6,05;Rohdaten
2016-05-16;6,26;Rohdaten
2016-05-17;6,04;Rohdaten
2016-05-18;6,25;Rohdaten
2016-05-19;5,94;Rohdaten
2016-05-20;6,12;Rohdaten
2016-05-21;5,84;Rohdaten
2016-05-22;6,15;Rohdaten
2016-05-23;6,06;Rohdaten
2016-05-24;6,72;Rohdaten
2016-05-25;6,38;Rohdaten
2016-05-26;6,09;Rohdaten
2016-05-27;6,15;Rohdaten
2016-05-28;6,10;Rohdaten
2016-05-29;6,24;Rohdaten
2016-05-30;6,44;Rohdaten
2016-05-31;6,19;Rohdaten
2016-06-01;6,08;Rohdaten
2016-06-02;6,05;Rohdaten
2016-06-03;6,39;Rohdaten
2016-06-04;6,29;Rohdaten
2016-06-05;6,12;Rohdaten
2016-06-06;5,78;Rohdaten
2016-06-07;5,78;Rohdaten
2016-06-08;5,71;Rohdaten
2016-06-09;5,98;Rohdaten
2016-06-10;5,57;Rohdaten
2016-06-11;5,97;Rohdaten
2016-06-12;5,85;Rohdaten
2016-06-13;6,32;Rohdaten
2016-06-14;6,32;Rohdaten
2016-06-15;6,25;Rohdaten
2016-06-16;6,29;Rohdaten
2016-06-17;6,80;Rohdaten
2016-06-18;6,89;Rohdaten
2016-06-19;6,51;Rohdaten
2016-06-20;6,02;Rohdaten
2016-06-21;6,03;Rohdaten
2016-06-22;6,08;Rohdaten
2016-06-23;6,00;Rohdaten
2016-06-24;6,04;Rohdaten
2016-06-25;5,92;Rohdaten
2016-06-26;5,88;Rohdaten
2016-06-27;5,77;Rohdaten
2016-06-28;5,81;Rohdaten
2016-06-29;5,68;Rohdaten
2016-06-30;5,81;Rohdaten
2016-07-01;5,65;Rohdaten
2016-07-02;5,72;Rohdaten
2016-07-03;5,53;Rohdaten
2016-07-04;5,64;Rohdaten
2016-07-05;5,49;Rohdaten
2016-07-06;5,56;Rohdaten
2016-07-07;5,27;Rohdaten
2016-07-08;5,40;Rohdaten
2016-07-09;5,03;Rohdaten
2016-07-10;5,35;Rohdaten
2016-07-11;5,24;Rohdaten
2016-07-12;5,56;Rohdaten
2016-07-13;5,83;Rohdaten
2016-07-14;5,64;Rohdaten
2016-07-15;5,75;Rohdaten
2016-07-16;5,53;Rohdaten
2016-07-17;5,24;Rohdaten
2016-07-18;4,96;Rohdaten
2016-07-19;5,09;Rohdaten
2016-07-20;5,27;Rohdaten
2016-07-21;5,30;Rohdaten
2016-07-22;5,48;Rohdaten
2016-07-23;5,13;Rohdaten
2016-07-24;5,32;Rohdaten
2016-07-25;5,18;Rohdaten
2016-07-26;5,00;Rohdaten
2016-07-27;5,37;Rohdaten
2016-07-28;5,20;Rohdaten
2016-07-29;5,55;Rohdaten
2016-07-30;5,55;Rohdaten
2016-07-31;5,28;Rohdaten
2016-08-01;5,46;Rohdaten
2016-08-02;5,39;Rohdaten
2016-08-03;5,53;Rohdaten
2016-08-04;5,56;Rohdaten
2016-08-05;5,65;Rohdaten
2016-08-06;5,56;Rohdaten
2016-08-07;5,09;Rohdaten
2016-08-08;5,47;Rohdaten
2016-08-09;5,23;Rohdaten
2016-08-10;5,12;Rohdaten
2016-08-11;5,30;Rohdaten
2016-08-12;5,47;Rohdaten
2016-08-13;5,18;Rohdaten
2016-08-14;5,25;Rohdaten
2016-08-15;4,96;Rohdaten
2016-08-16;5,02;Rohdaten
2016-08-17;4,99;Rohdaten
2016-08-18;4,70;Rohdaten
2016-08-19;4,33;Rohdaten
2016-08-20;3,90;Rohdaten
2016-08-21;4,27;Rohdaten
2016-08-22;4,46;Rohdaten
2016-08-23;4,46;Rohdaten
2016-08-24;4,64;Rohdaten
2016-08-25;4,80;Rohdaten
2016-08-26;4,68;Rohdaten
2016-08-27;4,31;Rohdaten
2016-08-28;3,77;Rohdaten
2016-08-29;4,02;Rohdaten
2016-08-30;4,01;Rohdaten
2016-08-31;4,21;Rohdaten
2016-09-01;4,29;Rohdaten
2016-09-02;3,84;Rohdaten
2016-09-03;3,65;Rohdaten
2016-09-04;3,85;Rohdaten
2016-09-05;4,10;Rohdaten
2016-09-06;4,36;Rohdaten
2016-09-07;4,78;Rohdaten
2016-09-08;4,87;Rohdaten
2016-09-09;4,45;Rohdaten
2016-09-10;4,62;Rohdaten
2016-09-11;4,30;Rohdaten
2016-09-12;4,43;Rohdaten
2016-09-13;4,51;Rohdaten
2016-09-14;4,54;Rohdaten
2016-09-15;4,51;Rohdaten
2016-09-16;4,54;Rohdaten
2016-09-17;4,69;Rohdaten
2016-09-18;5,11;Rohdaten
2016-09-19;4,70;Rohdaten
2016-09-20;4,14;Rohdaten
2016-09-21;3,73;Rohdaten
2016-09-22;3,79;Rohdaten
2016-09-23;4,13;Rohdaten
2016-09-24;4,16;Rohdaten
2016-09-25;4,32;Rohdaten
2016-09-26;4,48;Rohdaten
2016-09-27;4,53;Rohdaten
2016-09-28;4,40;Rohdaten
2016-09-29;4,55;Rohdaten
2016-09-30;4,41;Rohdaten
2016-10-01;4,40;Rohdaten
2016-10-02;4,27;Rohdaten
2016-10-03;4,50;Rohdaten
2016-10-04;4,66;Rohdaten
2016-10-05;4,46;Rohdaten
2016-10-06;4,66;Rohdaten
2016-10-07;4,67;Rohdaten
2016-10-08;4,96;Rohdaten
2016-10-09;5,02;Rohdaten
2016-10-10;5,03;Rohdaten
2016-10-11;4,94;Rohdaten
2016-10-12;4,73;Rohdaten
2016-10-13;4,62;Rohdaten
2016-10-14;4,80;Rohdaten
2016-10-15;5,00;Rohdaten
2016-10-16;5,22;Rohdaten
2016-10-17;5,18;Rohdaten
2016-10-18;4,78;Rohdaten
2016-10-19;4,51;Rohdaten
2016-10-20;4,43;Rohdaten
2016-10-21;4,68;Rohdaten
2016-10-22;4,47;Rohdaten
2016-10-23;4,59;Rohdaten
2016-10-24;4,73;Rohdaten
2016-10-25;4,89;Rohdaten
2016-10-26;5,18;Rohdaten
2016-10-27;5,20;Rohdaten
2016-10-28;5,09;Rohdaten
2016-10-29;4,31;Rohdaten
2016-10-30;4,41;Rohdaten
2016-10-31;4,42;Rohdaten
2016-11-01;4,37;Rohdaten
2016-11-02;4,34;Rohdaten
2016-11-03;4,48;Rohdaten
2016-11-04;4,65;Rohdaten
2016-11-05;4,80;Rohdaten
2016-11-06;4,78;Rohdaten
2016-11-07;4,89;Rohdaten
2016-11-08;4,56;Rohdaten
2016-11-09;4,52;Rohdaten
2016-11-10;4,79;Rohdaten
2016-11-11;5,04;Rohdaten
2016-11-12;5,30;Rohdaten
2016-11-13;5,84;Rohdaten
2016-11-14;5,94;Rohdaten
2016-11-15;6,49;Rohdaten
2016-11-16;6,66;Rohdaten
2016-11-17;7,12;Rohdaten
2016-11-18;6,59;Rohdaten
2016-11-19;5,77;Rohdaten
2016-11-20;5,81;Rohdaten
2016-11-21;5,25;Rohdaten
2016-11-22;5,09;Rohdaten
2016-11-23;5,11;Rohdaten
2016-11-24;5,08;Rohdaten
2016-11-25;5,10;Rohdaten
2016-11-26;4,75;Rohdaten
2016-11-27;4,89;Rohdaten
2016-11-28;4,83;Rohdaten
2016-11-29;4,89;Rohdaten
2016-11-30;4,99;Rohdaten
2016-12-01;4,86;Rohdaten
2016-12-02;4,67;Rohdaten
2016-12-03;4,10;Rohdaten
2016-12-04;4,22;Rohdaten
2016-12-05;5,26;Rohdaten
2016-12-06;4,14;Rohdaten
2016-12-07;4,15;Rohdaten
2016-12-08;4,22;Rohdaten
2016-12-09;4,48;Rohdaten
2016-12-10;4,54;Rohdaten
2016-12-11;4,93;Rohdaten
2016-12-12;4,78;Rohdaten
2016-12-13;4,85;Rohdaten
2016-12-14;5,00;Rohdaten
2016-12-15;4,82;Rohdaten
2016-12-16;4,61;Rohdaten
2016-12-17;4,66;Rohdaten
2016-12-18;4,67;Rohdaten
2016-12-19;4,57;Rohdaten
2016-12-20;4,56;Rohdaten
2016-12-21;3,49;Rohdaten
2016-12-22;3,50;Rohdaten
2016-12-23;3,52;Rohdaten
2016-12-24;3,67;Rohdaten
2016-12-25;3,69;Rohdaten
2016-12-26;3,83;Rohdaten
2016-12-27;3,78;Rohdaten
2016-12-28;4,05;Rohdaten
2016-12-29;3,60;Rohdaten
2016-12-30;3,45;Rohdaten
2016-12-31;3,43;Rohdaten
2017-01-01;3,47;Rohdaten
2017-01-02;3,37;Rohdaten
2017-01-03;3,40;Rohdaten
2017-01-04;3,56;Rohdaten
2017-01-05;3,81;Rohdaten
2017-01-06;3,25;Rohdaten
2017-01-07;3,37;Rohdaten
2017-01-08;3,47;Rohdaten
2017-01-09;3,52;Rohdaten
2017-01-10;3,56;Rohdaten
2017-01-11;3,64;Rohdaten
2017-01-12;3,80;Rohdaten
2017-01-13;4,34;Rohdaten
2017-01-14;4,23;Rohdaten
2017-01-15;3,92;Rohdaten
2017-01-16;3,91;Rohdaten
2017-01-17;3,70;Rohdaten
2017-01-18;3,96;Rohdaten
2017-01-19;3,90;Rohdaten
2017-01-20;4,38;Rohdaten
2017-01-21;5,29;Rohdaten
2017-01-22;5,89;Rohdaten
2017-01-23;5,42;Rohdaten
2017-01-24;4,70;Rohdaten
2017-01-25;4,66;Rohdaten
2017-01-26;4,51;Rohdaten
2017-01-27;4,40;Rohdaten
2017-01-28;4,67;Rohdaten
2017-01-29;5,51;Rohdaten
2017-01-30;5,68;Rohdaten
2017-01-31;6,71;Rohdaten
2017-02-01;6,94;Rohdaten
2017-02-02;5,11;Rohdaten
2017-02-03;4,49;Rohdaten
2017-02-04;4,41;Rohdaten
2017-02-05;4,62;Rohdaten
2017-02-06;4,90;Rohdaten
2017-02-07;4,65;Rohdaten
2017-02-08;4,82;Rohdaten
2017-02-09;5,14;Rohdaten
2017-02-10;4,90;Rohdaten
2017-02-11;4,58;Rohdaten
2017-02-12;5,02;Rohdaten
2017-02-13;3,94;Rohdaten
2017-02-14;3,66;Rohdaten
2017-02-15;3,68;Rohdaten
2017-02-16;3,81;Rohdaten
2017-02-17;4,06;Rohdaten
2017-02-18;4,72;Rohdaten
2017-02-19;4,71;Rohdaten
2017-02-20;4,63;Rohdaten
2017-02-21;5,33;Rohdaten
2017-02-22;6,04;Rohdaten
2017-02-23;5,98;Rohdaten
2017-02-24;5,64;Rohdaten
2017-02-25;4,90;Rohdaten
2017-02-26;4,99;Rohdaten
2017-02-27;4,62;Rohdaten
2017-02-28;4,43;Rohdaten
2017-03-01;4,43;Rohdaten
2017-03-02;4,69;Rohdaten
2017-03-03;4,95;Rohdaten
2017-03-04;5,25;Rohdaten
2017-03-05;5,02;Rohdaten
2017-03-06;5,29;Rohdaten
2017-03-07;5,67;Rohdaten
2017-03-08;5,69;Rohdaten
2017-03-09;5,50;Rohdaten
2017-03-10;5,85;Rohdaten
2017-03-11;5,64;Rohdaten
2017-03-12;5,84;Rohdaten
2017-03-13;5,72;Rohdaten
2017-03-14;5,52;Rohdaten
2017-03-15;5,36;Rohdaten
2017-03-16;5,07;Rohdaten
2017-03-17;4,91;Rohdaten
2017-03-18;5,33;Rohdaten
2017-03-19;5,53;Rohdaten
2017-03-20;5,75;Rohdaten
2017-03-21;5,61;Rohdaten
2017-03-22;5,66;Rohdaten
2017-03-23;5,65;Rohdaten
2017-03-24;5,34;Rohdaten
2017-03-25;5,62;Rohdaten
2017-03-26;5,50;Rohdaten
2017-03-27;5,37;Rohdaten
2017-03-28;5,51;Rohdaten
2017-03-29;5,38;Rohdaten
2017-03-30;5,42;Rohdaten
2017-03-31;5,34;Rohdaten
2017-04-01;5,38;Rohdaten
2017-04-02;5,49;Rohdaten
2017-04-03;5,14;Rohdaten
2017-04-04;5,38;Rohdaten
2017-04-05;5,26;Rohdaten
2017-04-06;5,05;Rohdaten
2017-04-07;5,35;Rohdaten
2017-04-08;5,28;Rohdaten
2017-04-09;5,14;Rohdaten
2017-04-10;5,21;Rohdaten
2017-04-11;5,29;Rohdaten
2017-04-12;4,87;Rohdaten
2017-04-13;5,31;Rohdaten
2017-04-14;5,02;Rohdaten
2017-04-15;5,21;Rohdaten
2017-04-16;5,13;Rohdaten
2017-04-17;5,45;Rohdaten
2017-04-18;6,01;Rohdaten
2017-04-19;6,14;Rohdaten
2017-04-20;5,62;Rohdaten
2017-04-21;5,44;Rohdaten
2017-04-22;5,34;Rohdaten
2017-04-23;5,83;Rohdaten
2017-04-24;5,31;Rohdaten
2017-04-25;5,14;Rohdaten
2017-04-26;5,16;Rohdaten
2017-04-27;5,05;Rohdaten
2017-04-28;4,88;Rohdaten
2017-04-29;5,20;Rohdaten
2017-04-30;5,18;Rohdaten
2017-05-01;5,03;Rohdaten
2017-05-02;5,77;Rohdaten
2017-05-03;5,40;Rohdaten
2017-05-04;5,29;Rohdaten
2017-05-05;5,37;Rohdaten
2017-05-06;5,27;Rohdaten
2017-05-07;5,32;Rohdaten
2017-05-08;5,28;Rohdaten
2017-05-09;5,49;Rohdaten
2017-05-10;5,17;Rohdaten
2017-05-11;5,37;Rohdaten
2017-05-12;5,09;Rohdaten
2017-05-13;5,23;Rohdaten
2017-05-14;4,91;Rohdaten
2017-05-15;4,99;Rohdaten
2017-05-16;4,77;Rohdaten
2017-05-17;5,38;Rohdaten
2017-05-18;5,62;Rohdaten
2017-05-19;5,10;Rohdaten
2017-05-20;5,30;Rohdaten
2017-05-21;5,45;Rohdaten
2017-05-22;4,89;Rohdaten
2017-05-23;4,77;Rohdaten
2017-05-24;4,55;Rohdaten
2017-05-25;4,71;Rohdaten
2017-05-26;4,45;Rohdaten
2017-05-27;4,48;Rohdaten
2017-05-28;4,17;Rohdaten
2017-05-29;4,20;Rohdaten
2017-05-30;4,32;Rohdaten
2017-05-31;4,15;Rohdaten
2017-06-01;4,31;Rohdaten
2017-06-02;4,51;Rohdaten
2017-06-03;4,91;Rohdaten
2017-06-04;5,05;Rohdaten
2017-06-05;5,19;Rohdaten
2017-06-06;4,84;Rohdaten
2017-06-07;5,01;Rohdaten
2017-06-08;5,00;Rohdaten
2017-06-09;4,17;Rohdaten
2017-06-10;4,36;Rohdaten
2017-06-11;4,33;Rohdaten
2017-06-12;4,50;Rohdaten
2017-06-13;4,19;Rohdaten
2017-06-14;3,49;Rohdaten
2017-06-15;3,83;Rohdaten
2017-06-16;4,00;Rohdaten
2017-06-17;4,17;Rohdaten
2017-06-18;4,43;Rohdaten
2017-06-19;4,76;Rohdaten
2017-06-20;4,71;Rohdaten
2017-06-21;4,83;Rohdaten
2017-06-22;4,89;Rohdaten
2017-06-23;4,72;Rohdaten
2017-06-24;4,01;Rohdaten
2017-06-25;4,17;Rohdaten
2017-06-26;4,34;Rohdaten
2017-06-27;4,50;Rohdaten
2017-06-28;4,26;Rohdaten
2017-06-29;5,32;Rohdaten
2017-06-30;4,84;Rohdaten
2017-07-01;3,83;Rohdaten
2017-07-02;3,74;Rohdaten
2017-07-03;3,70;Rohdaten
2017-07-04;3,63;Rohdaten
2017-07-05;4,02;Rohdaten
2017-07-06;4,44;Rohdaten
2017-07-07;4,80;Rohdaten
2017-07-08;5,09;Rohdaten
2017-07-09;5,13;Rohdaten
2017-07-10;5,23;Rohdaten
2017-07-11;5,17;Rohdaten
2017-07-12;5,13;Rohdaten
2017-07-13;5,16;Rohdaten
2017-07-14;4,98;Rohdaten
2017-07-15;4,93;Rohdaten
2017-07-16;4,83;Rohdaten
2017-07-17;4,72;Rohdaten
2017-07-18;4,70;Rohdaten
2017-07-19;4,87;Rohdaten
2017-07-20;5,22;Rohdaten
2017-07-21;5,07;Rohdaten
2017-07-22;5,25;Rohdaten
2017-07-23;5,33;Rohdaten
2017-07-24;5,24;Rohdaten
2017-07-25;5,28;Rohdaten
2017-07-26;5,50;Rohdaten
2017-07-27;5,62;Rohdaten
2017-07-28;5,14;Rohdaten
2017-07-29;4,80;Rohdaten
2017-07-30;4,86;Rohdaten
2017-07-31;4,75;Rohdaten
2017-08-01;4,72;Rohdaten
2017-08-02;4,85;Rohdaten
2017-08-03;4,85;Rohdaten
2017-08-04;4,75;Rohdaten
2017-08-05;4,83;Rohdaten
2017-08-06;4,63;Rohdaten
2017-08-07;4,63;Rohdaten
2017-08-08;4,61;Rohdaten
2017-08-09;4,65;Rohdaten
2017-08-10;4,84;Rohdaten
2017-08-11;5,08;Rohdaten
2017-08-12;4,77;Rohdaten
2017-08-13;4,60;Rohdaten
2017-08-14;4,40;Rohdaten
2017-08-15;4,21;Rohdaten
2017-08-16;3,97;Rohdaten
2017-08-17;3,91;Rohdaten
2017-08-18;3,93;Rohdaten
2017-08-19;4,11;Rohdaten
2017-08-20;3,85;Rohdaten
2017-08-21;3,86;Rohdaten
2017-08-22;3,73;Rohdaten
2017-08-23;3,80;Rohdaten
2017-08-24;4,40;Rohdaten
2017-08-25;4,43;Rohdaten
2017-08-26;4,98;Rohdaten
2017-08-27;4,89;Rohdaten
2017-08-28;4,52;Rohdaten
2017-08-29;4,29;Rohdaten
2017-08-30;4,37;Rohdaten
2017-08-31;4,06;Rohdaten
2017-09-01;4,49;Rohdaten
2017-09-02;4,21;Rohdaten
2017-09-03;4,06;Rohdaten
2017-09-04;3,70;Rohdaten
2017-09-05;3,32;Rohdaten
2017-09-06;3,44;Rohdaten
2017-09-07;3,67;Rohdaten
2017-09-08;3,62;Rohdaten
2017-09-09;3,49;Rohdaten
2017-09-10;3,31;Rohdaten
2017-09-11;3,14;Rohdaten
2017-09-12;3,07;Rohdaten
2017-09-13;3,09;Rohdaten
2017-09-14;3,10;Rohdaten
2017-09-15;3,25;Rohdaten
2017-09-16;2,90;Rohdaten
2017-09-17;3,52;Rohdaten
2017-09-18;3,89;Rohdaten
2017-09-19;4,33;Rohdaten
2017-09-20;4,06;Rohdaten
2017-09-21;4,09;Rohdaten
2017-09-22;4,16;Rohdaten
2017-09-23;4,17;Rohdaten
2017-09-24;4,20;Rohdaten
2017-09-25;4,17;Rohdaten
2017-09-26;4,22;Rohdaten
2017-09-27;4,12;Rohdaten
2017-09-28;4,13;Rohdaten
2017-09-29;3,98;Rohdaten
2017-09-30;4,21;Rohdaten
2017-10-01;4,30;Rohdaten
2017-10-02;4,39;Rohdaten
2017-10-03;4,62;Rohdaten
2017-10-04;4,76;Rohdaten
2017-10-05;4,63;Rohdaten
2017-10-06;4,25;Rohdaten
2017-10-07;4,17;Rohdaten
2017-10-08;4,44;Rohdaten
2017-10-09;4,68;Rohdaten
2017-10-10;4,71;Rohdaten
2017-10-11;5,12;Rohdaten
2017-10-12;5,34;Rohdaten
2017-10-13;4,61;Rohdaten
2017-10-14;4,81;Rohdaten
2017-10-15;4,86;Rohdaten
2017-10-16;4,82;Rohdaten
2017-10-17;4,95;Rohdaten
2017-10-18;4,98;Rohdaten
2017-10-19;4,91;Rohdaten
2017-10-20;4,91;Rohdaten
2017-10-21;4,84;Rohdaten
2017-10-22;4,92;Rohdaten
2017-10-23;4,73;Rohdaten
2017-10-24;4,69;Rohdaten
2017-10-25;4,73;Rohdaten
2017-10-26;4,73;Rohdaten
2017-10-27;4,81;Rohdaten
2017-10-28;4,88;Rohdaten
2017-10-29;5,13;Rohdaten
2017-10-30;5,38;Rohdaten
2017-10-31;4,78;Rohdaten
2017-11-01;4,92;Rohdaten
2017-11-02;4,94;Rohdaten
2017-11-03;4,94;Rohdaten
2017-11-04;4,90;Rohdaten
2017-11-05;4,89;Rohdaten
2017-11-06;4,86;Rohdaten
2017-11-07;4,61;Rohdaten
2017-11-08;4,49;Rohdaten
2017-11-09;4,43;Rohdaten
2017-11-10;4,39;Rohdaten
2017-11-11;4,56;Rohdaten
2017-11-12;5,26;Rohdaten
2017-11-13;5,48;Rohdaten
2017-11-14;5,32;Rohdaten
2017-11-15;4,75;Rohdaten
2017-11-16;4,49;Rohdaten
2017-11-17;4,49;Rohdaten
2017-11-18;4,59;Rohdaten
2017-11-19;4,57;Rohdaten
2017-11-20;4,53;Rohdaten
2017-11-21;4,80;Rohdaten
2017-11-22;5,43;Rohdaten
2017-11-23;4,51;Rohdaten
2017-11-24;4,50;Rohdaten
2017-11-25;5,03;Rohdaten
2017-11-26;5,70;Rohdaten
2017-11-27;5,10;Rohdaten
2017-11-28;5,92;Rohdaten
2017-11-29;6,40;Rohdaten
2017-11-30;5,19;Rohdaten
2017-12-01;4,70;Rohdaten
2017-12-02;4,64;Rohdaten
2017-12-03;5,19;Rohdaten
2017-12-04;5,06;Rohdaten
2017-12-05;5,17;Rohdaten
2017-12-06;5,72;Rohdaten
2017-12-07;6,10;Rohdaten
2017-12-08;5,97;Rohdaten
2017-12-09;5,79;Rohdaten
2017-12-10;5,42;Rohdaten
2017-12-11;5,31;Rohdaten
2017-12-12;5,33;Rohdaten
2017-12-13;5,29;Rohdaten
2017-12-14;5,52;Rohdaten
2017-12-15;5,63;Rohdaten
2017-12-16;5,63;Rohdaten
2017-12-17;5,44;Rohdaten
2017-12-18;5,39;Rohdaten
2017-12-19;5,32;Rohdaten
2017-12-20;5,35;Rohdaten
2017-12-21;5,40;Rohdaten
2017-12-22;5,58;Rohdaten
2017-12-23;5,62;Rohdaten
2017-12-24;5,60;Rohdaten
2017-12-25;5,56;Rohdaten
2017-12-26;5,60;Rohdaten
2017-12-27;5,64;Rohdaten
2017-12-28;5,67;Rohdaten
2017-12-29;5,53;Rohdaten
2017-12-30;5,60;Rohdaten
2017-12-31;5,71;Rohdaten
2018-01-01;5,85;Rohdaten
2018-01-02;5,88;Rohdaten
2018-01-03;5,98;Rohdaten
2018-01-04;6,13;Rohdaten
2018-01-05;6,21;Rohdaten
2018-01-06;6,21;Rohdaten
2018-01-07;6,26;Rohdaten
2018-01-08;6,47;Rohdaten
2018-01-09;6,64;Rohdaten
2018-01-10;6,75;Rohdaten
2018-01-11;6,85;Rohdaten
2018-01-12;7,02;Rohdaten
2018-01-13;7,15;Rohdaten
2018-01-14;7,21;Rohdaten
2018-01-15;7,22;Rohdaten
2018-01-16;7,18;Rohdaten
2018-01-17;7,11;Rohdaten
2018-01-18;7,02;Rohdaten
2018-01-19;6,99;Rohdaten
2018-01-20;6,92;Rohdaten
2018-01-21;6,83;Rohdaten
2018-01-22;6,83;Rohdaten
2018-01-23;6,94;Rohdaten
2018-01-24;7,06;Rohdaten
2018-01-25;7,45;Rohdaten
2018-01-26;6,93;Rohdaten
2018-01-27;6,76;Rohdaten
2018-01-28;6,68;Rohdaten
2018-01-29;6,87;Rohdaten
2018-01-30;6,78;Rohdaten
2018-01-31;6,79;Rohdaten
2018-02-01;7,17;Rohdaten
2018-02-02;7,15;Rohdaten
2018-02-03;6,75;Rohdaten
2018-02-04;6,73;Rohdaten
2018-02-05;6,60;Rohdaten
2018-02-06;6,71;Rohdaten
2018-02-07;6,86;Rohdaten
2018-02-08;7,19;Rohdaten
2018-02-09;7,19;Rohdaten
2018-02-10;7,30;Rohdaten
2018-02-11;7,70;Rohdaten
2018-02-12;7,65;Rohdaten
2018-02-13;7,66;Rohdaten
2018-02-14;7,40;Rohdaten
2018-02-15;7,26;Rohdaten
2018-02-16;7,35;Rohdaten
2018-02-17;7,30;Rohdaten
2018-02-18;6,92;Rohdaten
2018-02-19;6,99;Rohdaten
2018-02-20;7,05;Rohdaten
2018-02-21;6,93;Rohdaten
2018-02-22;7,47;Rohdaten
2018-02-23;7,69;Rohdaten
2018-02-24;6,99;Rohdaten
2018-02-25;6,45;Rohdaten
2018-02-26;6,67;Rohdaten
2018-02-27;5,99;Rohdaten
2018-02-28;5,80;Rohdaten
2018-03-01;5,96;Rohdaten
2018-03-02;6,19;Rohdaten
2018-03-03;6,29;Rohdaten
2018-03-04;6,17;Rohdaten
2018-03-05;6,36;Rohdaten
2018-03-06;6,35;Rohdaten
2018-03-07;6,73;Rohdaten
2018-03-08;6,42;Rohdaten
2018-03-09;6,16;Rohdaten
2018-03-10;6,19;Rohdaten
2018-03-11;6,34;Rohdaten
2018-03-12;6,69;Rohdaten
2018-03-13;6,72;Rohdaten
2018-03-14;6,28;Rohdaten
2018-03-15;6,19;Rohdaten
2018-03-16;6,51;Rohdaten
2018-03-17;6,09;Rohdaten
2018-03-18;5,61;Rohdaten
2018-03-19;5,59;Rohdaten
2018-03-20;5,67;Rohdaten
2018-03-21;5,66;Rohdaten
2018-03-22;5,89;Rohdaten
2018-03-23;6,16;Rohdaten
2018-03-24;6,39;Rohdaten
2018-03-25;6,61;Rohdaten
2018-03-26;6,28;Rohdaten
2018-03-27;6,04;Rohdaten
2018-03-28;7,06;Rohdaten
2018-03-29;6,47;Rohdaten
2018-03-30;5,95;Rohdaten
2018-03-31;6,09;Rohdaten
2018-04-01;5,97;Rohdaten
2018-04-02;6,14;Rohdaten
2018-04-03;6,36;Rohdaten
2018-04-04;6,35;Rohdaten
2018-04-05;6,22;Rohdaten
2018-04-06;6,07;Rohdaten
2018-04-07;6,10;Rohdaten
2018-04-08;6,42;Rohdaten
2018-04-09;7,53;Rohdaten
2018-04-10;8,38;Rohdaten
2018-04-11;7,35;Rohdaten
2018-04-12;7,45;Rohdaten
2018-04-13;7,10;Rohdaten
2018-04-14;7,05;Rohdaten
2018-04-15;6,94;Rohdaten
2018-04-16;6,76;Rohdaten
2018-04-17;7,08;Rohdaten
2018-04-18;6,85;Rohdaten
2018-04-19;6,88;Rohdaten
2018-04-20;6,88;Rohdaten
2018-04-21;6,74;Rohdaten
2018-04-22;6,73;Rohdaten
2018-04-23;6,58;Rohdaten
2018-04-24;6,64;Rohdaten
2018-04-25;6,77;Rohdaten
2018-04-26;7,01;Rohdaten
2018-04-27;6,90;Rohdaten
2018-04-28;6,47;Rohdaten
2018-04-29;6,67;Rohdaten
2018-04-30;6,85;Rohdaten
2018-05-01;6,79;Rohdaten
2018-05-02;6,95;Rohdaten
2018-05-03;7,05;Rohdaten
2018-05-04;6,76;Rohdaten
2018-05-05;6,50;Rohdaten
2018-05-06;6,54;Rohdaten
2018-05-07;6,47;Rohdaten
2018-05-08;6,58;Rohdaten
2018-05-09;6,64;Rohdaten
2018-05-10;6,65;Rohdaten
2018-05-11;6,67;Rohdaten
2018-05-12;6,53;Rohdaten
2018-05-13;6,51;Rohdaten
2018-05-14;6,42;Rohdaten
2018-05-15;6,78;Rohdaten
2018-05-16;6,59;Rohdaten
2018-05-17;6,67;Rohdaten
2018-05-18;6,58;Rohdaten
2018-05-19;6,54;Rohdaten
2018-05-20;6,38;Rohdaten
2018-05-21;6,50;Rohdaten
2018-05-22;6,45;Rohdaten
2018-05-23;6,29;Rohdaten
2018-05-24;6,40;Rohdaten
2018-05-25;6,98;Rohdaten
2018-05-26;7,10;Rohdaten
2018-05-27;6,52;Rohdaten
2018-05-28;6,78;Rohdaten
2018-05-29;6,30;Rohdaten
2018-05-30;6,19;Rohdaten
2018-05-31;6,18;Rohdaten
2018-06-01;6,25;Rohdaten
2018-06-02;6,41;Rohdaten
2018-06-03;5,77;Rohdaten
2018-06-04;5,52;Rohdaten
2018-06-05;5,59;Rohdaten
2018-06-06;5,83;Rohdaten
2018-06-07;6,04;Rohdaten
2018-06-08;6,35;Rohdaten
2018-06-09;6,99;Rohdaten
2018-06-10;7,76;Rohdaten
2018-06-11;7,96;Rohdaten
2018-06-12;7,81;Rohdaten
2018-06-13;6,83;Rohdaten
2018-06-14;6,48;Rohdaten
2018-06-15;6,14;Rohdaten
2018-06-16;6,18;Rohdaten
2018-06-17;5,63;Rohdaten
2018-06-18;5,31;Rohdaten
2018-06-19;5,05;Rohdaten
2018-06-20;5,52;Rohdaten
2018-06-21;6,12;Rohdaten
2018-06-22;5,74;Rohdaten
2018-06-23;5,91;Rohdaten
2018-06-24;7,24;Rohdaten
2018-06-25;8,31;Rohdaten
2018-06-26;8,17;Rohdaten
2018-06-27;7,80;Rohdaten
2018-06-28;7,84;Rohdaten
2018-06-29;6,66;Rohdaten
2018-06-30;6,56;Rohdaten
2018-07-01;6,13;Rohdaten
2018-07-02;5,66;Rohdaten
2018-07-03;6,42;Rohdaten
2018-07-04;6,36;Rohdaten
2018-07-05;7,59;Rohdaten
2018-07-06;7,41;Rohdaten
2018-07-07;6,21;Rohdaten
2018-07-08;5,80;Rohdaten
2018-07-09;7,24;Rohdaten
2018-07-10;7,21;Rohdaten
2018-07-11;5,24;Rohdaten
2018-07-12;6,00;Rohdaten
2018-07-13;6,70;Rohdaten
2018-07-14;7,69;Rohdaten
2018-07-15;8,37;Rohdaten
2018-07-16;8,87;Rohdaten
2018-07-17;7,08;Rohdaten
2018-07-18;7,14;Rohdaten
2018-07-19;7,86;Rohdaten
2018-07-20;9,11;Rohdaten
2018-07-21;9,30;Rohdaten
2018-07-22;9,04;Rohdaten
2018-07-23;8,09;Rohdaten
2018-07-24;7,81;Rohdaten
2018-07-25;9,16;Rohdaten
2018-07-26;6,53;Rohdaten
2018-07-27;6,40;Rohdaten
2018-07-28;6,27;Rohdaten
2018-07-29;5,48;Rohdaten
2018-07-30;5,60;Rohdaten
2018-07-31;5,48;Rohdaten
2018-08-01;5,19;Rohdaten
2018-08-02;5,09;Rohdaten
2018-08-03;5,22;Rohdaten
2018-08-04;4,91;Rohdaten
2018-08-05;4,81;Rohdaten
2018-08-06;4,62;Rohdaten
2018-08-07;4,45;Rohdaten
2018-08-08;4,48;Rohdaten
2018-08-09;4,72;Rohdaten
2018-08-10;5,18;Rohdaten
2018-08-11;4,39;Rohdaten
2018-08-12;4,34;Rohdaten
2018-08-13;4,90;Rohdaten
2018-08-14;5,45;Rohdaten
2018-08-15;4,81;Rohdaten
2018-08-16;4,94;Rohdaten
2018-08-17;4,64;Rohdaten
2018-08-18;4,74;Rohdaten
2018-08-19;4,59;Rohdaten
2018-08-20;4,45;Rohdaten
2018-08-21;4,48;Rohdaten
2018-08-22;4,58;Rohdaten
2018-08-23;4,42;Rohdaten
2018-08-24;4,41;Rohdaten
2018-08-25;4,45;Rohdaten
2018-08-26;4,22;Rohdaten
2018-08-27;4,10;Rohdaten
2018-08-28;4,05;Rohdaten
2018-08-29;4,04;Rohdaten
2018-08-30;4,25;Rohdaten
2018-08-31;3,95;Rohdaten
2018-09-01;3,78;Rohdaten
2018-09-02;4,00;Rohdaten
2018-09-03;4,28;Rohdaten
2018-09-04;4,37;Rohdaten
2018-09-05;3,81;Rohdaten
2018-09-06;3,54;Rohdaten
2018-09-07;3,43;Rohdaten
2018-09-08;3,37;Rohdaten
2018-09-09;3,37;Rohdaten
2018-09-10;3,47;Rohdaten
2018-09-11;3,49;Rohdaten
2018-09-12;3,43;Rohdaten
2018-09-13;3,49;Rohdaten
2018-09-14;3,40;Rohdaten
2018-09-15;3,14;Rohdaten
2018-09-16;3,11;Rohdaten
2018-09-17;3,10;Rohdaten
2018-09-18;3,01;Rohdaten
2018-09-19;2,99;Rohdaten
2018-09-20;2,86;Rohdaten
2018-09-21;2,94;Rohdaten
2018-09-22;3,16;Rohdaten
2018-09-23;3,53;Rohdaten
2018-09-24;5,21;Rohdaten
2018-09-25;5,07;Rohdaten
2018-09-26;4,14;Rohdaten
2018-09-27;4,12;Rohdaten
2018-09-28;4,18;Rohdaten
2018-09-29;4,11;Rohdaten
2018-09-30;4,01;Rohdaten
2018-10-01;3,99;Rohdaten
2018-10-02;3,74;Rohdaten
2018-10-03;3,16;Rohdaten
2018-10-04;2,88;Rohdaten
2018-10-05;2,86;Rohdaten
2018-10-06;2,82;Rohdaten
2018-10-07;2,88;Rohdaten
2018-10-08;3,07;Rohdaten
2018-10-09;3,36;Rohdaten
2018-10-10;3,23;Rohdaten
2018-10-11;3,38;Rohdaten
2018-10-12;3,59;Rohdaten
2018-10-13;4,02;Rohdaten
2018-10-14;3,52;Rohdaten
2018-10-15;3,45;Rohdaten
2018-10-16;3,41;Rohdaten
2018-10-17;3,46;Rohdaten
2018-10-18;3,43;Rohdaten
2018-10-19;3,32;Rohdaten
2018-10-20;3,05;Rohdaten
2018-10-21;3,08;Rohdaten
2018-10-22;2,98;Rohdaten
2018-10-23;3,02;Rohdaten
2018-10-24;3,65;Rohdaten
2018-10-25;3,91;Rohdaten
2018-10-26;4,08;Rohdaten
2018-10-27;4,06;Rohdaten
2018-10-28;3,79;Rohdaten
2018-10-29;4,21;Rohdaten
2018-10-30;5,56;Rohdaten
2018-10-31;4,82;Rohdaten
2018-11-01;3,97;Rohdaten
2018-11-02;3,71;Rohdaten
2018-11-03;4,81;Rohdaten
2018-11-04;5,80;Rohdaten
2018-11-05;6,13;Rohdaten
2018-11-06;5,53;Rohdaten
2018-11-07;5,04;Rohdaten
2018-11-08;5,29;Rohdaten
2018-11-09;5,15;Rohdaten
2018-11-10;5,11;Rohdaten
2018-11-11;4,91;Rohdaten
2018-11-12;4,56;Rohdaten
2018-11-13;4,36;Rohdaten
2018-11-14;5,62;Rohdaten
2018-11-15;5,35;Rohdaten
2018-11-16;3,52;Rohdaten
2018-11-17;4,74;Rohdaten
2018-11-18;5,47;Rohdaten
2018-11-19;4,54;Rohdaten
2018-11-20;4,06;Rohdaten
2018-11-21;4,23;Rohdaten
2018-11-22;4,43;Rohdaten
2018-11-23;4,95;Rohdaten
2018-11-24;4,76;Rohdaten
2018-11-25;5,15;Rohdaten
2018-11-26;5,07;Rohdaten
2018-11-27;4,83;Rohdaten
2018-11-28;6,59;Rohdaten
2018-11-29;6,86;Rohdaten
2018-11-30;6,32;Rohdaten
2018-12-01;6,61;Rohdaten
2018-12-02;6,84;Rohdaten
2018-12-03;7,06;Rohdaten
2018-12-04;5,96;Rohdaten
2018-12-05;6,06;Rohdaten
2018-12-06;6,46;Rohdaten
2018-12-07;8,61;Rohdaten
2018-12-08;7,56;Rohdaten
2018-12-09;7,05;Rohdaten
2018-12-10;6,80;Rohdaten
2018-12-11;7,54;Rohdaten
2018-12-12;;Rohdaten
2018-12-13;;Rohdaten
2018-12-14;;Rohdaten
2018-12-15;;Rohdaten
2018-12-16;;Rohdaten
2018-12-17;;Rohdaten
2018-12-18;;Rohdaten
2018-12-19;;Rohdaten
2018-12-20;;Rohdaten
2018-12-21;;Rohdaten
2018-12-22;;Rohdaten
2018-12-23;;Rohdaten
2018-12-24;;Rohdaten
2018-12-25;;Rohdaten
2018-12-26;;Rohdaten
2018-12-27;;Rohdaten
2018-12-28;;Rohdaten
2018-12-29;;Rohdaten
2018-12-30;;Rohdaten
2018-12-31;;Rohdaten
2019-01-01;;Rohdaten
2019-01-02;3,93;Rohdaten
2019-01-03;;Rohdaten
2019-01-04;;Rohdaten
2019-01-05;;Rohdaten
2019-01-06;;Rohdaten
2019-01-07;;Rohdaten
2019-01-08;;Rohdaten
2019-01-09;;Rohdaten
2019-01-10;4,86;Rohdaten
2019-01-11;;Rohdaten
2019-01-12;;Rohdaten
2019-01-13;;Rohdaten
2019-01-14;;Rohdaten
2019-01-15;;Rohdaten
2019-01-16;;Rohdaten
2019-01-17;;Rohdaten
2019-01-18;;Rohdaten
2019-01-19;;Rohdaten
2019-01-20;;Rohdaten
2019-01-21;;Rohdaten
2019-01-22;;Rohdaten
2019-01-23;;Rohdaten
2019-01-24;;Rohdaten
2019-01-25;;Rohdaten
2019-01-26;;Rohdaten
2019-01-27;;Rohdaten
2019-01-28;;Rohdaten
2019-01-29;;Rohdaten
2019-01-30;;Rohdaten
2019-01-31;;Rohdaten
2019-02-01;;Rohdaten
2019-02-02;;Rohdaten
2019-02-03;;Rohdaten
2019-02-04;;Rohdaten
2019-02-05;;Rohdaten
2019-02-06;;Rohdaten
2019-02-07;;Rohdaten
2019-02-08;;Rohdaten
2019-02-09;;Rohdaten
2019-02-10;;Rohdaten
2019-02-11;;Rohdaten
2019-02-12;;Rohdaten
2019-02-13;;Rohdaten
2019-02-14;;Rohdaten
2019-02-15;;Rohdaten
2019-02-16;;Rohdaten
2019-02-17;;Rohdaten
2019-02-18;;Rohdaten
2019-02-19;;Rohdaten
2019-02-20;;Rohdaten
2019-02-21;5,34;Rohdaten
2019-02-22;;Rohdaten
2019-02-23;;Rohdaten
2019-02-24;;Rohdaten
2019-02-25;;Rohdaten
2019-02-26;;Rohdaten
2019-02-27;;Rohdaten
2019-02-28;;Rohdaten
2019-03-01;;Rohdaten
2019-03-02;;Rohdaten
2019-03-03;;Rohdaten
2019-03-04;4,34;Rohdaten
2019-03-05;;Rohdaten
2019-03-06;;Rohdaten
2019-03-07;;Rohdaten
2019-03-08;;Rohdaten
2019-03-09;;Rohdaten
2019-03-10;;Rohdaten
2019-03-11;;Rohdaten
2019-03-12;;Rohdaten
2019-03-13;;Rohdaten
2019-03-14;;Rohdaten
2019-03-15;;Rohdaten
2019-03-16;;Rohdaten
2019-03-17;;Rohdaten
2019-03-18;;Rohdaten
2019-03-19;;Rohdaten
2019-03-20;;Rohdaten
2019-03-21;6,28;Rohdaten
2019-03-22;;Rohdaten
2019-03-23;;Rohdaten
2019-03-24;;Rohdaten
2019-03-25;;Rohdaten
2019-03-26;;Rohdaten
2019-03-27;;Rohdaten
2019-03-28;;Rohdaten
2019-03-29;;Rohdaten
2019-03-30;;Rohdaten
2019-03-31;;Rohdaten
2019-04-01;;Rohdaten
2019-04-02;9,88;Rohdaten
2019-04-03;;Rohdaten
2019-04-04;;Rohdaten
2019-04-05;;Rohdaten
2019-04-06;;Rohdaten
2019-04-07;;Rohdaten
2019-04-08;;Rohdaten
2019-04-09;;Rohdaten
2019-04-10;;Rohdaten
2019-04-11;4,47;Rohdaten
2019-04-12;;Rohdaten
2019-04-13;;Rohdaten
2019-04-14;;Rohdaten
2019-04-15;;Rohdaten
2019-04-16;;Rohdaten
2019-04-17;3,91;Rohdaten
2019-04-18;;Rohdaten
2019-04-19;;Rohdaten
2019-04-20;;Rohdaten
2019-04-21;;Rohdaten
2019-04-22;;Rohdaten
2019-04-23;;Rohdaten
2019-04-24;;Rohdaten
2019-04-25;;Rohdaten
2019-04-26;;Rohdaten
2019-04-27;;Rohdaten
2019-04-28;;Rohdaten
2019-04-29;;Rohdaten
2019-04-30;;Rohdaten
2019-05-01;;Rohdaten
2019-05-02;;Rohdaten
2019-05-03;;Rohdaten
2019-05-04;;Rohdaten
2019-05-05;;Rohdaten
2019-05-06;;Rohdaten
2019-05-07;;Rohdaten
2019-05-08;;Rohdaten
2019-05-09;;Rohdaten
2019-05-10;;Rohdaten
2019-05-11;;Rohdaten
2019-05-12;;Rohdaten
2019-05-13;;Rohdaten
2019-05-14;4,86;Rohdaten
2019-05-15;;Rohdaten
2019-05-16;;Rohdaten
2019-05-17;;Rohdaten
2019-05-18;;Rohdaten
2019-05-19;;Rohdaten
2019-05-20;;Rohdaten
2019-05-21;;Rohdaten
2019-05-22;;Rohdaten
2019-05-23;;Rohdaten
2019-05-24;;Rohdaten
2019-05-25;;Rohdaten
2019-05-26;;Rohdaten
2019-05-27;3,91;Rohdaten
2019-05-28;;Rohdaten
2019-05-29;;Rohdaten
2019-05-30;;Rohdaten
2019-05-31;;Rohdaten
2019-06-01;;Rohdaten
2019-06-02;;Rohdaten
2019-06-03;;Rohdaten
2019-06-04;;Rohdaten
2019-06-05;;Rohdaten
2019-06-06;;Rohdaten
2019-06-07;;Rohdaten
2019-06-08;;Rohdaten
2019-06-09;;Rohdaten
2019-06-10;;Rohdaten
2019-06-11;;Rohdaten
2019-06-12;4,79;Rohdaten
2019-06-13;4,93;Rohdaten
2019-06-14;6,09;Rohdaten
2019-06-15;7,64;Rohdaten
2019-06-16;8,75;Rohdaten
2019-06-17;7,68;Rohdaten
2019-06-18;5,62;Rohdaten
2019-06-19;7,04;Rohdaten
2019-06-20;6,65;Rohdaten
2019-06-21;5,74;Rohdaten
2019-06-22;5,57;Rohdaten
2019-06-23;7,38;Rohdaten
2019-06-24;8,06;Rohdaten
2019-06-25;7,16;Rohdaten
2019-06-26;5,79;Rohdaten
2019-06-27;6,66;Rohdaten
2019-06-28;7,06;Rohdaten
2019-06-29;5,49;Rohdaten
2019-06-30;5,27;Rohdaten
2019-07-01;4,93;Rohdaten
2019-07-02;5,30;Rohdaten
2019-07-03;5,01;Rohdaten
2019-07-04;4,66;Rohdaten
2019-07-05;4,89;Rohdaten
2019-07-06;4,96;Rohdaten
2019-07-07;5,42;Rohdaten
2019-07-08;6,40;Rohdaten
2019-07-09;6,39;Rohdaten
2019-07-10;7,18;Rohdaten
2019-07-11;8,54;Rohdaten
2019-07-12;6,99;Rohdaten
2019-07-13;7,59;Rohdaten
2019-07-14;6,52;Rohdaten
2019-07-15;5,57;Rohdaten
2019-07-16;5,22;Rohdaten
2019-07-17;5,58;Rohdaten
2019-07-18;6,12;Rohdaten
2019-07-19;6,66;Rohdaten
2019-07-20;6,57;Rohdaten
2019-07-21;6,49;Rohdaten
2019-07-22;5,80;Rohdaten
2019-07-23;4,79;Rohdaten
2019-07-24;4,31;Rohdaten
2019-07-25;4,24;Rohdaten
2019-07-26;4,48;Rohdaten
2019-07-27;5,15;Rohdaten
2019-07-28;6,88;Rohdaten
2019-07-29;7,79;Rohdaten
2019-07-30;7,99;Rohdaten
2019-07-31;7,86;Rohdaten
2019-08-01;7,43;Rohdaten
2019-08-02;6,75;Rohdaten
2019-08-03;7,05;Rohdaten
2019-08-04;7,06;Rohdaten
2019-08-05;6,08;Rohdaten
2019-08-06;4,31;Rohdaten
2019-08-07;4,79;Rohdaten
2019-08-08;4,98;Rohdaten
2019-08-09;4,95;Rohdaten
2019-08-10;5,42;Rohdaten
2019-08-11;5,13;Rohdaten
2019-08-12;5,00;Rohdaten
2019-08-13;5,27;Rohdaten
2019-08-14;4,61;Rohdaten
2019-08-15;4,36;Rohdaten
2019-08-16;4,65;Rohdaten
2019-08-17;4,71;Rohdaten
2019-08-18;4,49;Rohdaten
2019-08-19;4,34;Rohdaten
2019-08-20;4,06;Rohdaten
2019-08-21;4,03;Rohdaten
2019-08-22;4,02;Rohdaten
2019-08-23;3,97;Rohdaten
2019-08-24;4,11;Rohdaten
2019-08-25;4,17;Rohdaten
2019-08-26;4,09;Rohdaten
2019-08-27;3,97;Rohdaten
2019-08-28;3,97;Rohdaten
2019-08-29;4,17;Rohdaten
2019-08-30;3,95;Rohdaten
2019-08-31;4,17;Rohdaten
2019-09-01;3,96;Rohdaten
2019-09-02;3,94;Rohdaten
2019-09-03;3,80;Rohdaten
2019-09-04;4,22;Rohdaten
2019-09-05;4,08;Rohdaten
2019-09-06;3,75;Rohdaten
2019-09-07;3,56;Rohdaten
2019-09-08;3,93;Rohdaten
2019-09-09;4,49;Rohdaten
2019-09-10;4,15;Rohdaten
2019-09-11;3,88;Rohdaten
2019-09-12;3,55;Rohdaten
2019-09-13;3,69;Rohdaten
2019-09-14;3,80;Rohdaten
2019-09-15;3,89;Rohdaten
2019-09-16;3,19;Rohdaten
2019-09-17;3,16;Rohdaten
2019-09-18;3,79;Rohdaten
2019-09-19;3,82;Rohdaten
2019-09-20;3,72;Rohdaten
2019-09-21;3,58;Rohdaten
2019-09-22;3,22;Rohdaten
2019-09-23;2,94;Rohdaten
2019-09-24;2,75;Rohdaten
2019-09-25;2,98;Rohdaten
2019-09-26;2,98;Rohdaten
2019-09-27;3,13;Rohdaten
2019-09-28;3,48;Rohdaten
2019-09-29;3,48;Rohdaten
2019-09-30;2,97;Rohdaten
2019-10-01;2,87;Rohdaten
2019-10-02;2,95;Rohdaten
2019-10-03;3,04;Rohdaten
2019-10-04;3,10;Rohdaten
2019-10-05;3,11;Rohdaten
2019-10-06;3,14;Rohdaten
2019-10-07;3,11;Rohdaten
2019-10-08;3,31;Rohdaten
2019-10-09;7,71;Rohdaten
2019-10-10;6,79;Rohdaten
2019-10-11;7,60;Rohdaten
2019-10-12;7,26;Rohdaten
2019-10-13;6,66;Rohdaten
2019-10-14;5,16;Rohdaten
2019-10-15;3,17;Rohdaten
2019-10-16;4,20;Rohdaten
2019-10-17;2,64;Rohdaten
2019-10-18;3,03;Rohdaten
2019-10-19;2,93;Rohdaten
2019-10-20;2,79;Rohdaten
2019-10-21;2,77;Rohdaten
2019-10-22;3,03;Rohdaten
2019-10-23;2,78;Rohdaten
2019-10-24;2,83;Rohdaten
2019-10-25;2,75;Rohdaten
2019-10-26;2,94;Rohdaten
2019-10-27;3,06;Rohdaten
2019-10-28;2,41;Rohdaten
2019-10-29;2,15;Rohdaten
2019-10-30;2,14;Rohdaten
2019-10-31;2,27;Rohdaten
2019-11-01;2,32;Rohdaten
2019-11-02;2,52;Rohdaten
2019-11-03;2,67;Rohdaten
2019-11-04;2,69;Rohdaten
2019-11-05;2,62;Rohdaten
2019-11-06;2,47;Rohdaten
2019-11-07;2,38;Rohdaten
2019-11-08;2,17;Rohdaten
2019-11-09;2,19;Rohdaten
2019-11-10;2,17;Rohdaten
2019-11-11;2,20;Rohdaten
2019-11-12;2,22;Rohdaten
2019-11-13;2,17;Rohdaten
2019-11-14;2,14;Rohdaten
2019-11-15;2,19;Rohdaten
2019-11-16;2,15;Rohdaten
2019-11-17;2,29;Rohdaten
2019-11-18;2,18;Rohdaten
2019-11-19;2,13;Rohdaten
2019-11-20;2,17;Rohdaten
2019-11-21;2,15;Rohdaten
2019-11-22;2,09;Rohdaten
2019-11-23;2,16;Rohdaten
2019-11-24;2,48;Rohdaten
2019-11-25;2,87;Rohdaten
2019-11-26;3,76;Rohdaten
2019-11-27;3,26;Rohdaten
2019-11-28;2,93;Rohdaten
2019-11-29;1,78;Rohdaten
2019-11-30;1,84;Rohdaten
2019-12-01;1,89;Rohdaten
2019-12-02;1,86;Rohdaten
2019-12-03;1,86;Rohdaten
2019-12-04;1,95;Rohdaten
2019-12-05;2,43;Rohdaten
2019-12-06;2,31;Rohdaten
2019-12-07;2,64;Rohdaten
2019-12-08;2,37;Rohdaten
2019-12-09;2,42;Rohdaten
2019-12-10;2,39;Rohdaten
2019-12-11;3,05;Rohdaten
2019-12-12;3,44;Rohdaten
2019-12-13;2,49;Rohdaten
2019-12-14;3,12;Rohdaten
2019-12-15;3,55;Rohdaten
2019-12-16;3,16;Rohdaten
2019-12-17;2,78;Rohdaten
2019-12-18;2,14;Rohdaten
2019-12-19;2,35;Rohdaten
2019-12-20;2,74;Rohdaten
2019-12-21;3,05;Rohdaten
2019-12-22;2,70;Rohdaten
2019-12-23;2,14;Rohdaten
2019-12-24;2,02;Rohdaten
2019-12-25;2,77;Rohdaten
2019-12-26;3,60;Rohdaten
2019-12-27;2,82;Rohdaten
2019-12-28;2,21;Rohdaten
2019-12-29;2,45;Rohdaten
2019-12-30;2,87;Rohdaten
2019-12-31;1,98;Rohdaten
2020-01-01;1,88;Rohdaten
2020-01-02;1,76;Rohdaten
2020-01-03;1,83;Rohdaten
2020-01-04;1,83;Rohdaten
2020-01-05;1,84;Rohdaten
2020-01-06;2,11;Rohdaten
2020-01-07;2,00;Rohdaten
2020-01-08;2,04;Rohdaten
2020-01-09;2,20;Rohdaten
2020-01-10;2,66;Rohdaten
2020-01-11;2,86;Rohdaten
2020-01-12;3,28;Rohdaten
2020-01-13;3,53;Rohdaten
2020-01-14;2,86;Rohdaten
2020-01-15;2,02;Rohdaten
2020-01-16;1,90;Rohdaten
2020-01-17;2,06;Rohdaten
2020-01-18;2,20;Rohdaten
2020-01-19;2,11;Rohdaten
2020-01-20;2,18;Rohdaten
2020-01-21;2,29;Rohdaten
2020-01-22;2,41;Rohdaten
2020-01-23;1,99;Rohdaten
2020-01-24;1,59;Rohdaten
2020-01-25;1,65;Rohdaten
2020-01-26;1,56;Rohdaten
2020-01-27;1,62;Rohdaten
2020-01-28;1,76;Rohdaten
2020-01-29;1,91;Rohdaten
2020-01-30;1,89;Rohdaten
2020-01-31;1,93;Rohdaten
2020-02-01;2,10;Rohdaten
2020-02-02;2,77;Rohdaten
2020-02-03;3,46;Rohdaten
2020-02-04;4,07;Rohdaten
2020-02-05;3,76;Rohdaten
2020-02-06;2,47;Rohdaten
2020-02-07;2,39;Rohdaten
2020-02-08;2,31;Rohdaten
2020-02-09;2,49;Rohdaten
2020-02-10;3,32;Rohdaten
2020-02-11;4,39;Rohdaten
2020-02-12;3,38;Rohdaten
2020-02-13;3,14;Rohdaten
2020-02-14;4,73;Rohdaten
2020-02-15;6,12;Rohdaten
2020-02-16;3,43;Rohdaten
2020-02-17;3,38;Rohdaten
2020-02-18;3,48;Rohdaten
2020-02-19;3,22;Rohdaten
2020-02-20;3,16;Rohdaten
2020-02-21;3,13;Rohdaten
2020-02-22;3,09;Rohdaten
2020-02-23;2,89;Rohdaten
2020-02-24;3,42;Rohdaten
2020-02-25;3,57;Rohdaten
2020-02-26;3,64;Rohdaten
2020-02-27;3,84;Rohdaten
2020-02-28;3,77;Rohdaten
2020-02-29;4,41;Rohdaten
2020-03-01;4,99;Rohdaten
2020-03-02;4,77;Rohdaten
2020-03-03;3,76;Rohdaten
2020-03-04;3,67;Rohdaten
2020-03-05;3,42;Rohdaten
2020-03-06;4,44;Rohdaten
2020-03-07;4,81;Rohdaten
2020-03-08;3,88;Rohdaten
2020-03-09;3,57;Rohdaten
2020-03-10;3,83;Rohdaten
2020-03-11;5,07;Rohdaten
2020-03-12;5,14;Rohdaten
2020-03-13;4,23;Rohdaten
2020-03-14;4,70;Rohdaten
2020-03-15;5,50;Rohdaten
2020-03-16;6,00;Rohdaten
2020-03-17;4,08;Rohdaten
2020-03-18;3,73;Rohdaten
2020-03-19;3,80;Rohdaten
2020-03-20;3,81;Rohdaten
2020-03-21;3,69;Rohdaten
2020-03-22;3,55;Rohdaten
2020-03-23;3,63;Rohdaten
2020-03-24;3,86;Rohdaten
2020-03-25;;Rohdaten
2020-03-26;;Rohdaten
2020-03-27;;Rohdaten
2020-03-28;;Rohdaten
2020-03-29;;Rohdaten
2020-03-30;;Rohdaten
2020-03-31;;Rohdaten
2020-04-01;;Rohdaten
2020-04-02;;Rohdaten
2020-04-03;;Rohdaten
2020-04-04;;Rohdaten
2020-04-05;;Rohdaten
2020-04-06;;Rohdaten
2020-04-07;;Rohdaten
2020-04-08;3,32;Rohdaten
2020-04-09;;Rohdaten
2020-04-10;;Rohdaten
2020-04-11;;Rohdaten
2020-04-12;;Rohdaten
2020-04-13;3,53;Rohdaten
2020-04-14;3,70;Rohdaten
2020-04-15;3,85;Rohdaten
2020-04-16;3,72;Rohdaten
2020-04-17;3,75;Rohdaten
2020-04-18;3,60;Rohdaten
2020-04-19;3,90;Rohdaten
2020-04-20;4,40;Rohdaten
2020-04-21;3,72;Rohdaten
2020-04-22;3,48;Rohdaten
2020-04-23;3,41;Rohdaten
2020-04-24;3,42;Rohdaten
2020-04-25;4,04;Rohdaten
2020-04-26;3,79;Rohdaten
2020-04-27;3,64;Rohdaten
2020-04-28;3,23;Rohdaten
2020-04-29;3,03;Rohdaten
2020-04-30;2,65;Rohdaten
2020-05-01;2,62;Rohdaten
2020-05-02;2,63;Rohdaten
2020-05-03;2,81;Rohdaten
2020-05-04;3,43;Rohdaten
2020-05-05;3,24;Rohdaten
2020-05-06;2,98;Rohdaten
2020-05-07;3,12;Rohdaten
2020-05-08;2,97;Rohdaten
2020-05-09;3,15;Rohdaten
2020-05-10;2,99;Rohdaten
2020-05-11;3,59;Rohdaten
2020-05-12;3,39;Rohdaten
2020-05-13;3,07;Rohdaten
2020-05-14;2,96;Rohdaten
2020-05-15;2,66;Rohdaten
2020-05-16;2,54;Rohdaten
2020-05-17;2,52;Rohdaten
2020-05-18;2,57;Rohdaten
2020-05-19;2,80;Rohdaten
2020-05-20;3,02;Rohdaten
2020-05-21;3,21;Rohdaten
2020-05-22;3,61;Rohdaten
2020-05-23;3,07;Rohdaten
2020-05-24;3,10;Rohdaten
2020-05-25;3,03;Rohdaten
2020-05-26;3,04;Rohdaten
2020-05-27;2,96;Rohdaten
2020-05-28;3,11;Rohdaten
2020-05-29;3,23;Rohdaten
2020-05-30;3,31;Rohdaten
2020-05-31;3,11;Rohdaten
2020-06-01;3,22;Rohdaten
2020-06-02;2,97;Rohdaten
2020-06-03;3,15;Rohdaten
2020-06-04;3,10;Rohdaten
2020-06-05;3,46;Rohdaten
2020-06-06;3,38;Rohdaten
2020-06-07;3,60;Rohdaten
2020-06-08;3,40;Rohdaten
2020-06-09;3,26;Rohdaten
2020-06-10;3,75;Rohdaten
2020-06-11;3,18;Rohdaten
2020-06-12;3,23;Rohdaten
2020-06-13;3,22;Rohdaten
2020-06-14;3,21;Rohdaten
2020-06-15;3,54;Rohdaten
2020-06-16;3,63;Rohdaten
2020-06-17;4,01;Rohdaten
2020-06-18;3,08;Rohdaten
2020-06-19;2,85;Rohdaten
2020-06-20;2,78;Rohdaten
2020-06-21;2,90;Rohdaten
2020-06-22;2,64;Rohdaten
2020-06-23;2,50;Rohdaten
2020-06-24;2,76;Rohdaten
2020-06-25;2,90;Rohdaten
2020-06-26;2,93;Rohdaten
2020-06-27;2,79;Rohdaten
2020-06-28;2,85;Rohdaten
2020-06-29;3,00;Rohdaten
2020-06-30;3,04;Rohdaten
2020-07-01;2,92;Rohdaten
2020-07-02;3,40;Rohdaten
2020-07-03;3,55;Rohdaten
2020-07-04;3,22;Rohdaten
2020-07-05;3,13;Rohdaten
2020-07-06;2,65;Rohdaten
2020-07-07;2,32;Rohdaten
2020-07-08;2,87;Rohdaten
2020-07-09;3,61;Rohdaten
2020-07-10;2,72;Rohdaten
2020-07-11;2,80;Rohdaten
2020-07-12;2,80;Rohdaten
2020-07-13;3,01;Rohdaten
2020-07-14;2,99;Rohdaten
2020-07-15;2,85;Rohdaten
2020-07-16;2,88;Rohdaten
2020-07-17;2,88;Rohdaten
2020-07-18;3,02;Rohdaten
2020-07-19;2,92;Rohdaten
2020-07-20;2,87;Rohdaten
2020-07-21;3,01;Rohdaten
2020-07-22;2,87;Rohdaten
2020-07-23;3,17;Rohdaten
2020-07-24;3,12;Rohdaten
2020-07-25;3,08;Rohdaten
2020-07-26;3,35;Rohdaten
2020-07-27;3,97;Rohdaten
2020-07-28;3,67;Rohdaten
2020-07-29;3,60;Rohdaten
2020-07-30;3,68;Rohdaten
2020-07-31;3,57;Rohdaten
2020-08-01;3,50;Rohdaten
2020-08-02;3,45;Rohdaten
2020-08-03;3,47;Rohdaten
2020-08-04;3,52;Rohdaten
2020-08-05;3,50;Rohdaten
2020-08-06;3,27;Rohdaten
2020-08-07;2,92;Rohdaten
2020-08-08;2,90;Rohdaten
2020-08-09;2,99;Rohdaten
2020-08-10;3,00;Rohdaten
2020-08-11;3,06;Rohdaten
2020-08-12;3,21;Rohdaten
2020-08-13;2,92;Rohdaten
2020-08-14;3,38;Rohdaten
2020-08-15;3,86;Rohdaten
2020-08-16;3,75;Rohdaten
2020-08-17;3,68;Rohdaten
2020-08-18;3,23;Rohdaten
2020-08-19;3,34;Rohdaten
2020-08-20;3,26;Rohdaten
2020-08-21;2,93;Rohdaten
2020-08-22;2,86;Rohdaten
2020-08-23;3,88;Rohdaten
2020-08-24;3,46;Rohdaten
2020-08-25;3,38;Rohdaten
2020-08-26;3,24;Rohdaten
2020-08-27;2,78;Rohdaten
2020-08-28;2,98;Rohdaten
2020-08-29;3,10;Rohdaten
2020-08-30;3,26;Rohdaten
2020-08-31;3,64;Rohdaten
2020-09-01;3,17;Rohdaten
2020-09-02;2,95;Rohdaten
2020-09-03;2,91;Rohdaten
2020-09-04;2,94;Rohdaten
2020-09-05;3,03;Rohdaten
2020-09-06;3,90;Rohdaten
2020-09-07;3,48;Rohdaten
2020-09-08;3,16;Rohdaten
2020-09-09;3,28;Rohdaten
2020-09-10;3,37;Rohdaten
2020-09-11;3,62;Rohdaten
2020-09-12;4,02;Rohdaten
2020-09-13;4,10;Rohdaten
2020-09-14;3,94;Rohdaten
2020-09-15;3,87;Rohdaten
2020-09-16;3,27;Rohdaten
2020-09-17;3,23;Rohdaten
2020-09-18;3,01;Rohdaten
2020-09-19;3,20;Rohdaten
2020-09-20;3,14;Rohdaten
2020-09-21;2,46;Rohdaten
2020-09-22;2,24;Rohdaten
2020-09-23;2,23;Rohdaten
2020-09-24;2,38;Rohdaten
2020-09-25;2,81;Rohdaten
2020-09-26;2,74;Rohdaten
2020-09-27;2,50;Rohdaten
2020-09-28;2,29;Rohdaten
2020-09-29;2,20;Rohdaten
2020-09-30;2,58;Rohdaten
2020-10-01;2,84;Rohdaten
2020-10-02;3,20;Rohdaten
2020-10-03;4,02;Rohdaten
2020-10-04;4,26;Rohdaten
2020-10-05;3,42;Rohdaten
2020-10-06;2,45;Rohdaten
2020-10-07;2,46;Rohdaten
2020-10-08;3,52;Rohdaten
2020-10-09;3,48;Rohdaten
2020-10-10;3,62;Rohdaten
2020-10-11;2,88;Rohdaten
2020-10-12;2,99;Rohdaten
2020-10-13;3,61;Rohdaten
2020-10-14;3,60;Rohdaten
2020-10-15;2,78;Rohdaten
2020-10-16;2,59;Rohdaten
2020-10-17;2,56;Rohdaten
2020-10-18;2,40;Rohdaten
2020-10-19;2,02;Rohdaten
2020-10-20;1,92;Rohdaten
2020-10-21;2,19;Rohdaten
2020-10-22;1,89;Rohdaten
2020-10-23;2,04;Rohdaten
2020-10-24;2,30;Rohdaten
2020-10-25;2,35;Rohdaten
2020-10-26;2,15;Rohdaten
2020-10-27;2,01;Rohdaten
2020-10-28;1,97;Rohdaten
2020-10-29;1,90;Rohdaten
2020-10-30;2,08;Rohdaten
2020-10-31;2,14;Rohdaten
2020-11-01;2,14;Rohdaten
2020-11-02;2,16;Rohdaten
2020-11-03;2,11;Rohdaten
2020-11-04;2,12;Rohdaten
2020-11-05;2,09;Rohdaten
2020-11-06;2,12;Rohdaten
2020-11-07;2,21;Rohdaten
2020-11-08;2,17;Rohdaten
2020-11-09;2,12;Rohdaten
2020-11-10;2,20;Rohdaten
2020-11-11;2,29;Rohdaten
2020-11-12;2,38;Rohdaten
2020-11-13;2,43;Rohdaten
2020-11-14;2,46;Rohdaten
2020-11-15;2,27;Rohdaten
2020-11-16;2,29;Rohdaten
2020-11-17;2,34;Rohdaten
2020-11-18;2,34;Rohdaten
2020-11-19;2,34;Rohdaten
2020-11-20;2,19;Rohdaten
2020-11-21;2,10;Rohdaten
2020-11-22;2,05;Rohdaten
2020-11-23;1,94;Rohdaten
2020-11-24;1,87;Rohdaten
2020-11-25;1,73;Rohdaten
2020-11-26;1,72;Rohdaten
2020-11-27;1,64;Rohdaten
2020-11-28;1,66;Rohdaten
2020-11-29;1,75;Rohdaten
2020-11-30;1,94;Rohdaten
2020-12-01;1,83;Rohdaten
2020-12-02;1,89;Rohdaten
2020-12-03;2,20;Rohdaten
2020-12-04;2,54;Rohdaten
2020-12-05;2,71;Rohdaten
2020-12-06;2,79;Rohdaten
2020-12-07;2,63;Rohdaten
2020-12-08;2,36;Rohdaten
2020-12-09;2,71;Rohdaten
2020-12-10;2,80;Rohdaten
2020-12-11;2,94;Rohdaten
2020-12-12;3,01;Rohdaten
2020-12-13;3,10;Rohdaten
2020-12-14;3,22;Rohdaten
2020-12-15;3,21;Rohdaten
2020-12-16;3,16;Rohdaten
2020-12-17;2,62;Rohdaten
2020-12-18;2,51;Rohdaten
2020-12-19;2,71;Rohdaten
2020-12-20;2,91;Rohdaten
2020-12-21;2,45;Rohdaten
2020-12-22;2,30;Rohdaten
2020-12-23;2,37;Rohdaten
2020-12-24;2,31;Rohdaten
2020-12-25;2,11;Rohdaten
2020-12-26;2,07;Rohdaten
2020-12-27;1,92;Rohdaten
2020-12-28;2,22;Rohdaten
2020-12-29;2,31;Rohdaten
2020-12-30;2,37;Rohdaten
2020-12-31;2,91;Rohdaten
2021-01-01;2,73;Rohdaten
2021-01-02;2,60;Rohdaten
2021-01-03;2,36;Rohdaten
2021-01-04;2,44;Rohdaten
2021-01-05;2,51;Rohdaten
2021-01-06;2,65;Rohdaten
2021-01-07;2,39;Rohdaten
2021-01-08;2,15;Rohdaten
2021-01-09;2,01;Rohdaten
2021-01-10;1,65;Rohdaten
2021-01-11;1,80;Rohdaten
2021-01-12;2,17;Rohdaten
2021-01-13;3,66;Rohdaten
2021-01-14;4,95;Rohdaten
2021-01-15;3,67;Rohdaten
2021-01-16;2,08;Rohdaten
2021-01-17;2,21;Rohdaten
2021-01-18;2,18;Rohdaten
2021-01-19;2,10;Rohdaten
2021-01-20;2,12;Rohdaten
2021-01-21;2,10;Rohdaten
2021-01-22;2,15;Rohdaten
2021-01-23;3,65;Rohdaten
2021-01-24;3,72;Rohdaten
2021-01-25;2,98;Rohdaten
2021-01-26;3,45;Rohdaten
2021-01-27;3,81;Rohdaten
2021-01-28;3,94;Rohdaten
2021-01-29;4,67;Rohdaten
2021-01-30;5,18;Rohdaten
2021-01-31;5,32;Rohdaten
2021-02-01;5,02;Rohdaten
2021-02-02;4,09;Rohdaten
2021-02-03;4,72;Rohdaten
2021-02-04;6,28;Rohdaten
2021-02-05;6,92;Rohdaten
2021-02-06;7,00;Rohdaten
2021-02-07;6,17;Rohdaten
2021-02-08;4,60;Rohdaten
2021-02-09;3,80;Rohdaten
2021-02-10;3,35;Rohdaten
2021-02-11;3,43;Rohdaten
2021-02-12;3,71;Rohdaten
2021-02-13;3,37;Rohdaten
2021-02-14;4,02;Rohdaten
2021-02-15;4,02;Rohdaten
2021-02-16;3,59;Rohdaten
2021-02-17;3,85;Rohdaten
2021-02-18;4,62;Rohdaten
2021-02-19;3,60;Rohdaten
2021-02-20;3,59;Rohdaten
2021-02-21;3,25;Rohdaten
2021-02-22;3,09;Rohdaten
2021-02-23;3,03;Rohdaten
2021-02-24;2,83;Rohdaten
2021-02-25;2,57;Rohdaten
2021-02-26;2,43;Rohdaten
2021-02-27;2,32;Rohdaten
2021-02-28;2,16;Rohdaten
2021-03-01;2,12;Rohdaten
2021-03-02;2,28;Rohdaten
2021-03-03;2,77;Rohdaten
2021-03-04;2,99;Rohdaten
2021-03-05;2,90;Rohdaten
2021-03-06;2,80;Rohdaten
2021-03-07;2,59;Rohdaten
2021-03-08;2,23;Rohdaten
2021-03-09;2,91;Rohdaten
2021-03-10;2,86;Rohdaten
2021-03-11;2,75;Rohdaten
2021-03-12;2,33;Rohdaten
2021-03-13;2,76;Rohdaten
2021-03-14;3,04;Rohdaten
2021-03-15;3,01;Rohdaten
2021-03-16;3,36;Rohdaten
2021-03-17;3,21;Rohdaten
2021-03-18;4,24;Rohdaten
2021-03-19;3,66;Rohdaten
2021-03-20;2,89;Rohdaten
2021-03-21;3,06;Rohdaten
2021-03-22;3,84;Rohdaten
2021-03-23;3,71;Rohdaten
2021-03-24;3,48;Rohdaten
2021-03-25;3,05;Rohdaten
2021-03-26;2,81;Rohdaten
2021-03-27;3,73;Rohdaten
2021-03-28;2,64;Rohdaten
2021-03-29;2,47;Rohdaten
2021-03-30;2,52;Rohdaten
2021-03-31;6,64;Rohdaten
2021-04-01;5,74;Rohdaten
2021-04-02;5,22;Rohdaten
2021-04-03;2,75;Rohdaten
2021-04-04;3,89;Rohdaten
2021-04-05;3,30;Rohdaten
2021-04-06;2,57;Rohdaten
2021-04-07;2,71;Rohdaten
2021-04-08;2,15;Rohdaten
2021-04-09;2,81;Rohdaten
2021-04-10;2,69;Rohdaten
2021-04-11;2,69;Rohdaten
2021-04-12;1,83;Rohdaten
2021-04-13;2,76;Rohdaten
2021-04-14;2,83;Rohdaten
2021-04-15;3,82;Rohdaten
2021-04-16;3,65;Rohdaten
2021-04-17;5,74;Rohdaten
2021-04-18;5,13;Rohdaten
2021-04-19;5,14;Rohdaten
2021-04-20;6,26;Rohdaten
2021-04-21;5,88;Rohdaten
2021-04-22;5,75;Rohdaten
2021-04-23;5,74;Rohdaten
2021-04-24;5,20;Rohdaten
2021-04-25;5,16;Rohdaten
2021-04-26;4,84;Rohdaten
2021-04-27;4,62;Rohdaten
2021-04-28;4,50;Rohdaten
2021-04-29;3,93;Rohdaten
2021-04-30;3,75;Rohdaten
2021-05-01;4,45;Rohdaten
2021-05-02;4,52;Rohdaten
2021-05-03;4,36;Rohdaten
2021-05-04;4,15;Rohdaten
2021-05-05;4,19;Rohdaten
2021-05-06;4,22;Rohdaten
2021-05-07;4,43;Rohdaten
2021-05-08;5,15;Rohdaten
2021-05-09;6,34;Rohdaten
2021-05-10;5,80;Rohdaten
2021-05-11;5,58;Rohdaten
2021-05-12;6,05;Rohdaten
2021-05-13;8,00;Rohdaten
2021-05-14;6,72;Rohdaten
2021-05-15;5,99;Rohdaten
2021-05-16;5,83;Rohdaten
2021-05-17;5,70;Rohdaten
2021-05-18;6,95;Rohdaten
2021-05-19;7,78;Rohdaten
2021-05-20;8,02;Rohdaten
2021-05-21;5,84;Rohdaten
2021-05-22;4,59;Rohdaten
2021-05-23;4,25;Rohdaten
2021-05-24;3,96;Rohdaten
2021-05-25;3,72;Rohdaten
2021-05-26;3,86;Rohdaten
2021-05-27;3,71;Rohdaten
2021-05-28;3,24;Rohdaten
2021-05-29;2,91;Rohdaten
2021-05-30;2,97;Rohdaten
2021-05-31;2,87;Rohdaten
2021-06-01;2,65;Rohdaten
2021-06-02;3,39;Rohdaten
2021-06-03;3,32;Rohdaten
2021-06-04;2,92;Rohdaten
2021-06-05;2,76;Rohdaten
2021-06-06;2,83;Rohdaten
2021-06-07;3,46;Rohdaten
2021-06-08;3,67;Rohdaten
2021-06-09;3,31;Rohdaten
2021-06-10;2,43;Rohdaten
2021-06-11;2,22;Rohdaten
2021-06-12;2,21;Rohdaten
2021-06-13;2,26;Rohdaten
2021-06-14;2,07;Rohdaten
2021-06-15;1,74;Rohdaten
2021-06-16;1,48;Rohdaten
2021-06-17;1,09;Rohdaten
2021-06-18;0,95;Rohdaten
2021-06-19;1,00;Rohdaten
2021-06-20;1,12;Rohdaten
2021-06-21;1,30;Rohdaten
2021-06-22;2,02;Rohdaten
2021-06-23;2,65;Rohdaten
2021-06-24;2,82;Rohdaten
2021-06-25;2,68;Rohdaten
2021-06-26;2,74;Rohdaten
2021-06-27;2,91;Rohdaten
2021-06-28;3,35;Rohdaten
2021-06-29;2,72;Rohdaten
2021-06-30;2,53;Rohdaten
2021-07-01;2,39;Rohdaten
2021-07-02;2,42;Rohdaten
2021-07-03;2,52;Rohdaten
2021-07-04;2,60;Rohdaten
2021-07-05;2,78;Rohdaten
2021-07-06;2,77;Rohdaten
2021-07-07;2,78;Rohdaten
2021-07-08;3,06;Rohdaten
2021-07-09;3,54;Rohdaten
2021-07-10;3,92;Rohdaten
2021-07-11;3,75;Rohdaten
2021-07-12;3,88;Rohdaten
2021-07-13;3,58;Rohdaten
2021-07-14;3,62;Rohdaten
2021-07-15;3,12;Rohdaten
2021-07-16;2,70;Rohdaten
2021-07-17;2,85;Rohdaten
2021-07-18;2,97;Rohdaten
2021-07-19;3,30;Rohdaten
2021-07-20;3,63;Rohdaten
2021-07-21;2,87;Rohdaten
2021-07-22;2,38;Rohdaten
2021-07-23;2,34;Rohdaten
2021-07-24;2,26;Rohdaten
2021-07-25;2,30;Rohdaten
2021-07-26;2,28;Rohdaten
2021-07-27;2,62;Rohdaten
2021-07-28;3,51;Rohdaten
2021-07-29;4,06;Rohdaten
2021-07-30;3,41;Rohdaten
2021-07-31;2,81;Rohdaten
2021-08-01;3,04;Rohdaten
2021-08-02;3,90;Rohdaten
2021-08-03;4,54;Rohdaten
2021-08-04;5,53;Rohdaten
2021-08-05;6,35;Rohdaten
2021-08-06;6,87;Rohdaten
2021-08-07;6,18;Rohdaten
2021-08-08;4,24;Rohdaten
2021-08-09;2,99;Rohdaten
2021-08-10;2,32;Rohdaten
2021-08-11;1,43;Rohdaten
2021-08-12;1,17;Rohdaten
2021-08-13;1,83;Rohdaten
2021-08-14;2,10;Rohdaten
2021-08-15;2,02;Rohdaten
2021-08-16;2,37;Rohdaten
2021-08-17;3,33;Rohdaten
2021-08-18;2,83;Rohdaten
2021-08-19;2,59;Rohdaten
2021-08-20;1,83;Rohdaten
2021-08-21;1,88;Rohdaten
2021-08-22;1,95;Rohdaten
2021-08-23;2,11;Rohdaten
2021-08-24;2,03;Rohdaten
2021-08-25;1,90;Rohdaten
2021-08-26;1,80;Rohdaten
2021-08-27;1,84;Rohdaten
2021-08-28;1,65;Rohdaten
2021-08-29;1,67;Rohdaten
2021-08-30;1,67;Rohdaten
2021-08-31;1,59;Rohdaten
2021-09-01;1,18;Rohdaten
2021-09-02;1,01;Rohdaten
2021-09-03;0,65;Rohdaten
2021-09-04;0,63;Rohdaten
2021-09-05;0,67;Rohdaten
2021-09-06;0,78;Rohdaten
2021-09-07;1,01;Rohdaten
2021-09-08;1,22;Rohdaten
2021-09-09;1,56;Rohdaten
2021-09-10;1,83;Rohdaten
2021-09-11;1,67;Rohdaten
2021-09-12;1,83;Rohdaten
2021-09-13;1,74;Rohdaten
2021-09-14;1,60;Rohdaten
2021-09-15;1,08;Rohdaten
2021-09-16;2,63;Rohdaten
2021-09-17;4,11;Rohdaten
2021-09-18;4,11;Rohdaten
2021-09-19;3,63;Rohdaten
2021-09-20;3,27;Rohdaten
2021-09-21;2,13;Rohdaten
2021-09-22;0,57;Rohdaten
2021-09-23;0,53;Rohdaten
2021-09-24;0,47;Rohdaten
2021-09-25;0,59;Rohdaten
2021-09-26;0,62;Rohdaten
2021-09-27;1,89;Rohdaten
2021-09-28;1,12;Rohdaten
2021-09-29;0,40;Rohdaten
2021-09-30;0,33;Rohdaten
2021-10-01;0,49;Rohdaten
2021-10-02;0,46;Rohdaten
2021-10-03;0,44;Rohdaten
2021-10-04;0,39;Rohdaten
2021-10-05;0,61;Rohdaten
2021-10-06;0,70;Rohdaten
2021-10-07;0,73;Rohdaten
2021-10-08;0,60;Rohdaten
2021-10-09;0,65;Rohdaten
2021-10-10;0,78;Rohdaten
2021-10-11;0,85;Rohdaten
2021-10-12;1,05;Rohdaten
2021-10-13;1,40;Rohdaten
2021-10-14;1,36;Rohdaten
2021-10-15;1,33;Rohdaten
2021-10-16;1,12;Rohdaten
2021-10-17;1,15;Rohdaten
2021-10-18;1,18;Rohdaten
2021-10-19;1,21;Rohdaten
2021-10-20;1,28;Rohdaten
2021-10-21;1,26;Rohdaten
2021-10-23;1,24;Rohdaten
2021-10-24;1,21;Rohdaten
2021-10-26;1,22;Rohdaten
2021-10-27;1,36;Rohdaten
2021-10-28;1,58;Rohdaten
2021-10-29;1,84;Rohdaten
2021-10-30;2,18;Rohdaten
2021-10-31;2,45;Rohdaten
2021-11-01;2,91;Rohdaten
2021-11-02;4,27;Rohdaten
2021-11-04;4,32;Rohdaten
2021-11-05;4,08;Rohdaten
2021-11-06;3,85;Rohdaten
2021-11-07;3,75;Rohdaten
2021-11-09;3,58;Rohdaten
2021-11-10;3,53;Rohdaten
2021-11-11;3,52;Rohdaten
2021-11-13;3,66;Rohdaten
2021-11-14;3,75;Rohdaten
2021-11-15;3,90;Rohdaten
2021-11-16;4,11;Rohdaten
2021-11-17;4,32;Rohdaten
2021-11-21;5,83;Rohdaten
2021-11-24;7,30;Rohdaten
2021-11-28;8,38;Rohdaten
2021-12-05;9,49;Rohdaten
2021-12-06;9,53;Rohdaten
2021-12-07;7,90;Rohdaten
2021-12-10;3,95;Rohdaten
2021-12-12;2,23;Rohdaten
2021-12-13;1,85;Rohdaten
2021-12-15;1,82;Rohdaten
2021-12-19;1,94;Rohdaten
2021-12-21;1,85;Rohdaten
2021-12-25;1,95;Rohdaten
2021-12-27;1,92;Rohdaten
2021-12-28;2,25;Rohdaten
2021-12-30;2,67;Rohdaten
2021-12-31;2,88;Rohdaten
2022-01-02;3,48;Rohdaten
2022-01-03;3,61;Rohdaten
2022-01-04;3,74;Rohdaten
2022-01-05;3,53;Rohdaten
2022-01-06;3,32;Rohdaten
2022-01-07;3,14;Rohdaten
2022-01-08;3,00;Rohdaten
2022-01-09;2,92;Rohdaten
2022-01-10;2,83;Rohdaten
2022-01-12;2,67;Rohdaten
2022-01-13;2,63;Rohdaten
2022-01-19;3,02;Rohdaten
2022-01-23;3,50;Rohdaten
2022-01-24;3,60;Rohdaten
2022-01-25;3,79;Rohdaten
2022-01-26;3,83;Rohdaten
2022-01-27;3,98;Rohdaten
2022-01-28;4,10;Rohdaten
2022-01-29;4,54;Rohdaten
2022-01-30;4,16;Rohdaten
2022-01-31;3,60;Rohdaten
2022-02-01;3,79;Rohdaten
2022-02-02;5,03;Rohdaten
2022-02-03;5,09;Rohdaten
2022-02-04;3,79;Rohdaten
2022-02-05;3,65;Rohdaten
2022-02-06;3,99;Rohdaten
2022-02-07;8,15;Rohdaten
2022-02-08;7,57;Rohdaten
2022-02-09;3,52;Rohdaten
2022-02-10;3,39;Rohdaten
2022-02-11;3,27;Rohdaten
2022-02-12;3,24;Rohdaten
2022-02-13;3,37;Rohdaten
2022-02-14;3,46;Rohdaten
2022-02-15;3,31;Rohdaten
2022-02-16;3,13;Rohdaten
2022-02-17;4,68;Rohdaten
2022-02-18;4,55;Rohdaten
2022-02-19;3,63;Rohdaten
2022-02-20;3,81;Rohdaten
2022-02-21;4,49;Rohdaten
2022-02-22;5,12;Rohdaten
2022-02-23;4,75;Rohdaten
2022-02-24;4,37;Rohdaten
2022-02-25;4,14;Rohdaten
2022-02-26;4,09;Rohdaten
2022-02-27;3,88;Rohdaten
2022-02-28;4,03;Rohdaten
2022-03-01;4,30;Rohdaten
2022-03-02;4,36;Rohdaten
2022-03-03;4,41;Rohdaten
2022-03-04;4,30;Rohdaten
2022-03-05;4,10;Rohdaten
2022-03-06;4,02;Rohdaten
2022-03-07;4,03;Rohdaten
2022-03-08;4,00;Rohdaten
2022-03-09;3,99;Rohdaten
2022-03-10;3,89;Rohdaten
2022-03-11;3,81;Rohdaten
2022-03-12;3,91;Rohdaten
2022-03-13;3,73;Rohdaten
2022-03-14;3,77;Rohdaten
2022-03-15;3,80;Rohdaten
2022-03-16;3,76;Rohdaten
2022-03-17;3,77;Rohdaten
2022-03-18;3,72;Rohdaten
2022-03-19;3,90;Rohdaten
2022-03-20;3,95;Rohdaten
2022-03-21;3,80;Rohdaten
2022-03-22;3,67;Rohdaten
2022-03-23;3,68;Rohdaten
2022-03-24;3,86;Rohdaten
2022-03-25;4,09;Rohdaten
2022-03-26;4,12;Rohdaten
2022-03-27;4,09;Rohdaten
2022-03-28;4,13;Rohdaten
2022-03-29;4,17;Rohdaten
2022-03-30;4,57;Rohdaten
2022-03-31;4,54;Rohdaten
2022-04-01;4,13;Rohdaten
2022-04-02;4,07;Rohdaten
2022-04-03;4,14;Rohdaten
2022-04-04;4,05;Rohdaten
2022-04-07;4,64;Rohdaten
2022-04-08;4,82;Rohdaten
2022-04-09;9,22;Rohdaten
2022-04-10;5,68;Rohdaten
2022-04-11;4,46;Rohdaten
2022-04-12;4,53;Rohdaten
2022-04-13;4,50;Rohdaten
2022-04-14;4,46;Rohdaten
2022-04-15;4,07;Rohdaten
2022-04-16;3,84;Rohdaten
2022-04-17;3,53;Rohdaten
2022-04-18;3,53;Rohdaten
2022-04-19;3,48;Rohdaten
2022-04-20;3,61;Rohdaten
2022-04-21;3,33;Rohdaten
2022-04-22;3,51;Rohdaten
2022-04-23;3,41;Rohdaten
2022-04-24;3,70;Rohdaten
2022-04-25;3,55;Rohdaten
2022-04-26;3,71;Rohdaten
2022-04-27;4,19;Rohdaten
2022-04-28;3,42;Rohdaten
2022-04-29;2,57;Rohdaten
2022-04-30;2,79;Rohdaten
2022-05-01;2,99;Rohdaten
2022-05-02;3,12;Rohdaten
2022-05-03;3,06;Rohdaten
2022-05-04;3,40;Rohdaten
2022-05-05;3,07;Rohdaten
2022-05-06;3,02;Rohdaten
2022-05-07;3,03;Rohdaten
2022-05-10;2,85;Rohdaten
2022-05-11;2,87;Rohdaten
2022-05-12;2,97;Rohdaten
2022-05-13;3,33;Rohdaten
2022-05-14;3,51;Rohdaten
2022-05-15;3,57;Rohdaten
2022-05-16;4,13;Rohdaten
2022-05-17;5,33;Rohdaten
2022-05-18;5,40;Rohdaten
2022-05-19;5,51;Rohdaten
2022-05-20;6,37;Rohdaten
2022-05-21;6,50;Rohdaten
2022-05-22;6,01;Rohdaten
2022-05-23;4,50;Rohdaten
2022-05-24;3,63;Rohdaten
2022-05-25;3,60;Rohdaten
2022-05-26;3,82;Rohdaten
2022-05-27;3,58;Rohdaten
2022-05-28;3,79;Rohdaten
2022-05-29;3,40;Rohdaten
2022-05-30;3,22;Rohdaten
2022-05-31;3,13;Rohdaten
2022-06-01;3,09;Rohdaten
2022-06-02;3,25;Rohdaten
2022-06-03;3,33;Rohdaten
2022-06-04;3,64;Rohdaten
2022-06-05;3,81;Rohdaten
2022-06-06;3,89;Rohdaten
2022-06-07;4,47;Rohdaten
2022-06-08;4,80;Rohdaten
2022-06-09;4,45;Rohdaten
2022-06-10;4,60;Rohdaten
2022-06-11;4,74;Rohdaten
2022-06-12;4,96;Rohdaten
2022-06-13;6,47;Rohdaten
2022-06-14;4,62;Rohdaten
2022-06-15;3,20;Rohdaten
2022-06-16;5,16;Rohdaten
2022-06-17;7,12;Rohdaten
2022-06-18;8,34;Rohdaten
2022-06-19;6,94;Rohdaten
2022-06-20;5,35;Rohdaten
2022-06-21;4,03;Rohdaten
2022-06-22;3,07;Rohdaten
2022-06-23;2,98;Rohdaten
2022-06-24;2,93;Rohdaten
2022-06-25;2,88;Rohdaten
2022-06-26;2,83;Rohdaten
2022-06-27;2,80;Rohdaten
2022-06-28;2,83;Rohdaten
2022-06-29;2,86;Rohdaten
2022-06-30;2,88;Rohdaten
2022-07-01;2,91;Rohdaten
2022-07-02;2,94;Rohdaten
2022-07-03;2,96;Rohdaten
2022-07-04;3,03;Rohdaten
2022-07-05;3,30;Rohdaten
2022-07-06;3,59;Rohdaten
2022-07-07;3,77;Rohdaten
2022-07-08;3,61;Rohdaten
2022-07-09;3,58;Rohdaten
2022-07-10;3,97;Rohdaten
2022-07-11;4,32;Rohdaten
2022-07-12;4,41;Rohdaten
2022-07-13;4,44;Rohdaten
2022-07-14;4,26;Rohdaten
2022-07-15;4,08;Rohdaten
2022-07-16;4,49;Rohdaten
2022-07-17;5,01;Rohdaten
2022-07-18;4,83;Rohdaten
2022-07-19;4,99;Rohdaten
2022-07-20;4,89;Rohdaten
2022-07-21;5,21;Rohdaten
2022-07-22;2,73;Rohdaten
2022-07-23;5,29;Rohdaten
2022-07-24;15,62;Rohdaten
2022-07-25;10,62;Rohdaten
2022-07-26;6,68;Rohdaten
2022-07-27;5,76;Rohdaten
2022-07-28;3,86;Rohdaten
2022-07-29;5,57;Rohdaten
2022-07-30;7,57;Rohdaten
2022-07-31;4,19;Rohdaten
2022-08-09;5,70;Rohdaten
2022-08-15;5,70;Rohdaten
2022-08-24;2,90;Rohdaten
2022-12-19;4,74;Rohdaten
2022-12-20;3,91;Rohdaten
2022-12-21;10,54;Rohdaten
2022-12-22;10,82;Rohdaten
2022-12-23;26,41;Rohdaten
2022-12-24;27,16;Rohdaten
2022-12-25;8,36;Rohdaten
2022-12-26;2,27;Rohdaten
2022-12-27;7,75;Rohdaten
2022-12-28;9,74;Rohdaten
2022-12-29;9,49;Rohdaten
2022-12-30;10,26;Rohdaten
2022-12-31;7,55;Rohdaten
