﻿Quelle:;"Bayerisches Landesamt für Umwelt, www.gkd.bayern.de"
Datenbankabfrage:;"24.02.2023 16:00"
Zeitbezug:;MEZ
Messstellen-Name:;"Brunnbergquellen 9/19"
Messstellen-Nr.:;2524
Ostwert:;685010;Nordwert:;5503869;"ETRS89 / UTM Zone 32N"

Datum;"Quellschüttung [l/s]";Prüfstatus
2023-01-01;5,53;Rohdaten
2023-01-02;2,78;Rohdaten
2023-01-03;4,65;Rohdaten
2023-01-04;1,89;Rohdaten
2023-01-05;1,66;Rohdaten
2023-01-06;2,73;Rohdaten
2023-01-07;2,60;Rohdaten
2023-01-08;3,21;Rohdaten
2023-01-09;2,40;Rohdaten
2023-01-10;2,55;Rohdaten
2023-01-11;2,94;Rohdaten
2023-01-12;2,69;Rohdaten
2023-01-13;2,69;Rohdaten
2023-01-14;2,67;Rohdaten
2023-01-15;6,12;Rohdaten
2023-01-16;8,40;Rohdaten
2023-01-17;5,58;Rohdaten
2023-01-18;3,83;Rohdaten
2023-01-19;4,33;Rohdaten
2023-01-20;5,49;Rohdaten
2023-01-21;4,71;Rohdaten
2023-01-22;2,62;Rohdaten
2023-01-23;6,60;Rohdaten
2023-01-24;7,95;Rohdaten
2023-01-25;8,08;Rohdaten
2023-01-26;8,71;Rohdaten
2023-01-27;8,93;Rohdaten
2023-01-28;7,91;Rohdaten
2023-01-29;6,14;Rohdaten
2023-01-30;2,61;Rohdaten
2023-01-31;2,43;Rohdaten
