﻿Quelle:;"Bayerisches Landesamt für Umwelt, www.gkd.bayern.de"
Datenbankabfrage:;"24.02.2023 16:00"
Zeitbezug:;MEZ
Messstellen-Name:;Gori-Quelle
Messstellen-Nr.:;20562
Ostwert:;719463;Nordwert:;5433398;"ETRS89 / UTM Zone 32N"

Datum;"Quellschüttung [l/s]";Prüfstatus
2013-11-21;5,12;Rohdaten
2013-11-22;5,04;Rohdaten
2013-11-23;5,06;Rohdaten
2013-11-24;4,99;Rohdaten
2013-11-25;4,97;Rohdaten
2013-11-26;4,89;Rohdaten
2013-11-27;4,86;Rohdaten
2013-11-28;4,79;Rohdaten
2013-11-29;4,70;Rohdaten
2013-11-30;4,61;Rohdaten
2013-12-01;4,55;Rohdaten
2013-12-02;4,48;Rohdaten
2013-12-03;4,41;Rohdaten
2013-12-04;4,33;Rohdaten
2013-12-05;4,28;Rohdaten
2013-12-06;4,24;Rohdaten
2013-12-07;4,19;Rohdaten
2013-12-08;4,16;Rohdaten
2013-12-09;4,11;Rohdaten
2013-12-10;4,09;Rohdaten
2013-12-11;4,06;Rohdaten
2013-12-12;4,05;Rohdaten
2013-12-13;4,03;Rohdaten
2013-12-14;4,02;Rohdaten
2013-12-15;3,97;Rohdaten
2013-12-16;3,96;Rohdaten
2013-12-17;3,96;Rohdaten
2013-12-18;3,95;Rohdaten
2013-12-19;3,92;Rohdaten
2013-12-20;3,89;Rohdaten
2013-12-21;3,86;Rohdaten
2013-12-22;3,89;Rohdaten
2013-12-23;3,87;Rohdaten
2013-12-24;3,82;Rohdaten
2013-12-25;3,81;Rohdaten
2013-12-26;3,81;Rohdaten
2013-12-27;3,79;Rohdaten
2013-12-28;3,76;Rohdaten
2013-12-29;3,74;Rohdaten
2013-12-30;3,75;Rohdaten
2013-12-31;3,72;Rohdaten
2014-01-01;3,71;Rohdaten
2014-01-02;3,69;Rohdaten
2014-01-03;3,68;Rohdaten
2014-01-04;3,65;Rohdaten
2014-01-05;3,65;Rohdaten
2014-01-06;3,64;Rohdaten
2014-01-07;3,64;Rohdaten
2014-01-08;3,60;Rohdaten
2014-01-09;3,59;Rohdaten
2014-01-10;3,58;Rohdaten
2014-01-11;3,58;Rohdaten
2014-01-12;3,58;Rohdaten
2014-01-13;3,57;Rohdaten
2014-01-14;3,58;Rohdaten
2014-01-15;3,62;Rohdaten
2014-01-16;;Rohdaten
2014-01-17;3,55;Rohdaten
2014-01-18;3,54;Rohdaten
2014-01-19;3,53;Rohdaten
2014-01-20;3,53;Rohdaten
2014-01-21;3,55;Rohdaten
2014-01-22;3,55;Rohdaten
2014-01-23;3,55;Rohdaten
2014-01-24;3,55;Rohdaten
2014-01-25;3,53;Rohdaten
2014-01-26;3,53;Rohdaten
2014-01-27;3,51;Rohdaten
2014-01-28;3,50;Rohdaten
2014-01-29;3,49;Rohdaten
2014-01-30;3,47;Rohdaten
2014-01-31;3,47;Rohdaten
2014-02-01;3,45;Rohdaten
2014-02-02;3,45;Rohdaten
2014-02-03;3,44;Rohdaten
2014-02-04;3,45;Rohdaten
2014-02-05;3,43;Rohdaten
2014-02-06;3,41;Rohdaten
2014-02-07;3,41;Rohdaten
2014-02-08;3,42;Rohdaten
2014-02-09;3,40;Rohdaten
2014-02-10;3,40;Rohdaten
2014-02-11;3,40;Rohdaten
2014-02-12;3,39;Rohdaten
2014-02-13;3,39;Rohdaten
2014-02-14;3,37;Rohdaten
2014-02-15;3,37;Rohdaten
2014-02-16;3,38;Rohdaten
2014-02-17;3,38;Rohdaten
2014-02-18;3,36;Rohdaten
2014-02-19;3,35;Rohdaten
2014-02-20;3,35;Rohdaten
2014-02-21;3,33;Rohdaten
2014-02-22;3,33;Rohdaten
2014-02-23;3,31;Rohdaten
2014-02-24;3,30;Rohdaten
2014-02-25;3,28;Rohdaten
2014-02-26;3,29;Rohdaten
2014-02-27;3,28;Rohdaten
2014-02-28;3,28;Rohdaten
2014-03-01;3,27;Rohdaten
2014-03-02;3,24;Rohdaten
2014-03-03;3,24;Rohdaten
2014-03-04;3,23;Rohdaten
2014-03-05;3,23;Rohdaten
2014-03-06;3,24;Rohdaten
2014-03-07;3,22;Rohdaten
2014-03-08;3,21;Rohdaten
2014-03-09;3,22;Rohdaten
2014-03-10;3,21;Rohdaten
2014-03-11;3,20;Rohdaten
2014-03-12;3,22;Rohdaten
2014-03-13;3,21;Rohdaten
2014-03-14;3,21;Rohdaten
2014-03-15;3,19;Rohdaten
2014-03-16;3,19;Rohdaten
2014-03-17;3,19;Rohdaten
2014-03-18;3,17;Rohdaten
2014-03-19;3,17;Rohdaten
2014-03-20;3,17;Rohdaten
2014-03-21;3,15;Rohdaten
2014-03-22;3,15;Rohdaten
2014-03-23;3,13;Rohdaten
2014-03-24;3,12;Rohdaten
2014-03-25;3,12;Rohdaten
2014-03-26;3,13;Rohdaten
2014-03-27;3,11;Rohdaten
2014-03-28;3,11;Rohdaten
2014-03-29;3,10;Rohdaten
2014-03-30;3,09;Rohdaten
2014-03-31;3,09;Rohdaten
2014-04-01;3,07;Rohdaten
2014-04-02;3,06;Rohdaten
2014-04-03;3,06;Rohdaten
2014-04-04;3,05;Rohdaten
2014-04-05;3,06;Rohdaten
2014-04-06;3,06;Rohdaten
2014-04-07;3,05;Rohdaten
2014-04-08;3,04;Rohdaten
2014-04-09;3,03;Rohdaten
2014-04-10;3,02;Rohdaten
2014-04-11;3,02;Rohdaten
2014-04-12;3,03;Rohdaten
2014-04-13;3,01;Rohdaten
2014-04-14;3,00;Rohdaten
2014-04-15;2,99;Rohdaten
2014-04-16;2,99;Rohdaten
2014-04-17;3,00;Rohdaten
2014-04-18;2,98;Rohdaten
2014-04-19;2,99;Rohdaten
2014-04-20;2,96;Rohdaten
2014-04-21;2,95;Rohdaten
2014-04-22;2,95;Rohdaten
2014-04-23;2,93;Rohdaten
2014-04-24;2,93;Rohdaten
2014-04-25;2,92;Rohdaten
2014-04-26;2,91;Rohdaten
2014-04-27;2,90;Rohdaten
2014-04-28;2,89;Rohdaten
2014-04-29;2,89;Rohdaten
2014-04-30;2,88;Rohdaten
2014-05-01;2,88;Rohdaten
2014-05-02;2,87;Rohdaten
2014-05-03;2,87;Rohdaten
2014-05-04;2,86;Rohdaten
2014-05-05;2,85;Rohdaten
2014-05-06;2,83;Rohdaten
2014-05-07;2,82;Rohdaten
2014-05-08;2,81;Rohdaten
2014-05-09;2,81;Rohdaten
2014-05-10;2,82;Rohdaten
2014-05-11;2,81;Rohdaten
2014-05-12;2,80;Rohdaten
2014-05-13;2,79;Rohdaten
2014-05-14;2,79;Rohdaten
2014-05-15;2,76;Rohdaten
2014-05-16;2,76;Rohdaten
2014-05-17;2,75;Rohdaten
2014-05-18;2,74;Rohdaten
2014-05-19;2,74;Rohdaten
2014-05-20;2,74;Rohdaten
2014-05-21;2,73;Rohdaten
2014-05-22;2,72;Rohdaten
2014-05-23;2,71;Rohdaten
2014-05-24;2,69;Rohdaten
2014-05-25;2,68;Rohdaten
2014-05-26;2,69;Rohdaten
2014-05-27;2,67;Rohdaten
2014-05-28;2,69;Rohdaten
2014-05-29;2,74;Rohdaten
2014-05-30;2,74;Rohdaten
2014-05-31;2,69;Rohdaten
2014-06-01;2,68;Rohdaten
2014-06-02;2,72;Rohdaten
2014-06-03;2,73;Rohdaten
2014-06-04;2,76;Rohdaten
2014-06-05;2,78;Rohdaten
2014-06-06;2,79;Rohdaten
2014-06-07;2,78;Rohdaten
2014-06-08;2,77;Rohdaten
2014-06-09;2,76;Rohdaten
2014-06-10;2,74;Rohdaten
2014-06-11;2,73;Rohdaten
2014-06-12;2,71;Rohdaten
2014-06-13;2,69;Rohdaten
2014-06-14;2,66;Rohdaten
2014-06-15;2,67;Rohdaten
2014-06-16;2,67;Rohdaten
2014-06-17;2,64;Rohdaten
2014-06-18;2,61;Rohdaten
2014-06-19;2,59;Rohdaten
2014-06-20;2,59;Rohdaten
2014-06-21;2,59;Rohdaten
2014-06-22;2,56;Rohdaten
2014-06-23;2,55;Rohdaten
2014-06-24;2,55;Rohdaten
2014-06-25;2,55;Rohdaten
2014-06-26;2,54;Rohdaten
2014-06-27;2,53;Rohdaten
2014-06-28;2,54;Rohdaten
2014-06-29;2,53;Rohdaten
2014-06-30;2,53;Rohdaten
2014-07-01;2,54;Rohdaten
2014-07-02;2,53;Rohdaten
2014-07-03;2,53;Rohdaten
2014-07-04;2,52;Rohdaten
2014-07-05;2,51;Rohdaten
2014-07-06;2,49;Rohdaten
2014-07-07;2,42;Rohdaten
2014-07-08;2,40;Rohdaten
2014-07-09;2,40;Rohdaten
2014-07-10;2,40;Rohdaten
2014-07-11;2,39;Rohdaten
2014-07-12;2,38;Rohdaten
2014-07-13;2,38;Rohdaten
2014-07-14;2,38;Rohdaten
2014-07-15;2,37;Rohdaten
2014-07-16;2,37;Rohdaten
2014-07-17;2,36;Rohdaten
2014-07-18;2,36;Rohdaten
2014-07-19;2,36;Rohdaten
2014-07-20;2,35;Rohdaten
2014-07-21;2,35;Rohdaten
2014-07-22;2,35;Rohdaten
2014-07-23;2,36;Rohdaten
2014-07-24;2,34;Rohdaten
2014-07-25;2,35;Rohdaten
2014-07-26;2,34;Rohdaten
2014-07-27;2,34;Rohdaten
2014-07-28;2,33;Rohdaten
2014-07-29;2,33;Rohdaten
2014-07-30;2,33;Rohdaten
2014-07-31;2,32;Rohdaten
2014-08-01;2,31;Rohdaten
2014-08-02;2,32;Rohdaten
2014-08-03;2,31;Rohdaten
2014-08-04;2,29;Rohdaten
2014-08-05;2,29;Rohdaten
2014-08-06;2,28;Rohdaten
2014-08-07;2,27;Rohdaten
2014-08-08;2,26;Rohdaten
2014-08-09;2,25;Rohdaten
2014-08-10;2,24;Rohdaten
2014-08-11;2,23;Rohdaten
2014-08-12;2,23;Rohdaten
2014-08-13;2,22;Rohdaten
2014-08-14;2,20;Rohdaten
2014-08-15;2,20;Rohdaten
2014-08-16;2,18;Rohdaten
2014-08-17;2,17;Rohdaten
2014-08-18;2,17;Rohdaten
2014-08-19;2,17;Rohdaten
2014-08-20;2,16;Rohdaten
2014-08-21;2,16;Rohdaten
2014-08-22;2,15;Rohdaten
2014-08-23;2,14;Rohdaten
2014-08-24;2,14;Rohdaten
2014-08-25;2,15;Rohdaten
2014-08-26;2,14;Rohdaten
2014-08-27;2,14;Rohdaten
2014-08-28;2,14;Rohdaten
2014-08-29;2,14;Rohdaten
2014-08-30;2,12;Rohdaten
2014-08-31;2,13;Rohdaten
2014-09-01;2,12;Rohdaten
2014-09-02;2,12;Rohdaten
2014-09-03;2,12;Rohdaten
2014-09-04;2,11;Rohdaten
2014-09-05;2,12;Rohdaten
2014-09-06;2,12;Rohdaten
2014-09-07;2,11;Rohdaten
2014-09-08;2,12;Rohdaten
2014-09-09;2,12;Rohdaten
2014-09-10;2,11;Rohdaten
2014-09-11;2,10;Rohdaten
2014-09-12;2,10;Rohdaten
2014-09-13;2,10;Rohdaten
2014-09-14;2,10;Rohdaten
2014-09-15;2,09;Rohdaten
2014-09-16;2,09;Rohdaten
2014-09-17;2,09;Rohdaten
2014-09-18;2,08;Rohdaten
2014-09-19;2,08;Rohdaten
2014-09-20;2,09;Rohdaten
2014-09-21;2,09;Rohdaten
2014-09-22;2,09;Rohdaten
2014-09-23;2,09;Rohdaten
2014-09-24;2,09;Rohdaten
2014-09-25;2,09;Rohdaten
2014-09-26;2,10;Rohdaten
2014-09-27;2,10;Rohdaten
2014-09-28;2,09;Rohdaten
2014-09-29;2,09;Rohdaten
2014-09-30;2,08;Rohdaten
2014-10-01;2,08;Rohdaten
2014-10-02;2,08;Rohdaten
2014-10-03;2,08;Rohdaten
2014-10-04;2,08;Rohdaten
2014-10-05;2,07;Rohdaten
2014-10-06;2,07;Rohdaten
2014-10-07;2,06;Rohdaten
2014-10-08;2,05;Rohdaten
2014-10-09;2,04;Rohdaten
2014-10-10;2,04;Rohdaten
2014-10-11;2,03;Rohdaten
2014-10-12;2,02;Rohdaten
2014-10-13;2,01;Rohdaten
2014-10-14;2,01;Rohdaten
2014-10-15;2,00;Rohdaten
2014-10-16;1,98;Rohdaten
2014-10-17;2,01;Rohdaten
2014-10-18;2,00;Rohdaten
2014-10-19;2,00;Rohdaten
2014-10-20;1,99;Rohdaten
2014-10-21;1,99;Rohdaten
2014-10-22;2,03;Rohdaten
2014-10-23;2,08;Rohdaten
2014-10-24;2,04;Rohdaten
2014-10-25;2,02;Rohdaten
2014-10-26;2,03;Rohdaten
2014-10-27;2,05;Rohdaten
2014-10-28;2,06;Rohdaten
2014-10-29;2,07;Rohdaten
2014-10-30;2,10;Rohdaten
2014-10-31;2,11;Rohdaten
2014-11-01;2,11;Rohdaten
2014-11-02;2,09;Rohdaten
2014-11-03;2,09;Rohdaten
2014-11-04;2,07;Rohdaten
2014-11-05;2,05;Rohdaten
2014-11-06;2,04;Rohdaten
2014-11-07;2,03;Rohdaten
2014-11-08;2,02;Rohdaten
2014-11-09;2,00;Rohdaten
2014-11-10;1,98;Rohdaten
2014-11-11;1,98;Rohdaten
2014-11-12;1,97;Rohdaten
2014-11-13;1,97;Rohdaten
2014-11-14;1,96;Rohdaten
2014-11-15;1,96;Rohdaten
2014-11-16;1,95;Rohdaten
2014-11-17;1,94;Rohdaten
2014-11-18;1,93;Rohdaten
2014-11-19;2,03;Rohdaten
2014-11-20;1,97;Rohdaten
2014-11-21;1,95;Rohdaten
2014-11-22;1,95;Rohdaten
2014-11-23;1,95;Rohdaten
2014-11-24;1,97;Rohdaten
2014-11-25;1,98;Rohdaten
2014-11-26;2,00;Rohdaten
2014-11-27;2,00;Rohdaten
2014-11-28;2,00;Rohdaten
2014-11-29;1,99;Rohdaten
2014-11-30;1,97;Rohdaten
2014-12-01;1,95;Rohdaten
2014-12-02;1,93;Rohdaten
2014-12-03;1,92;Rohdaten
2014-12-04;1,90;Rohdaten
2014-12-05;1,90;Rohdaten
2014-12-06;1,88;Rohdaten
2014-12-07;1,86;Rohdaten
2014-12-08;1,85;Rohdaten
2014-12-09;1,83;Rohdaten
2014-12-10;1,83;Rohdaten
2014-12-11;1,82;Rohdaten
2014-12-12;1,81;Rohdaten
2014-12-13;1,79;Rohdaten
2014-12-14;1,79;Rohdaten
2014-12-15;1,78;Rohdaten
2014-12-16;1,76;Rohdaten
2014-12-17;1,76;Rohdaten
2014-12-18;1,77;Rohdaten
2014-12-19;1,76;Rohdaten
2014-12-20;1,77;Rohdaten
2014-12-21;1,79;Rohdaten
2014-12-22;1,78;Rohdaten
2014-12-23;1,76;Rohdaten
2014-12-24;1,76;Rohdaten
2014-12-25;1,77;Rohdaten
2014-12-26;1,77;Rohdaten
2014-12-27;1,78;Rohdaten
2014-12-28;1,80;Rohdaten
2014-12-29;1,80;Rohdaten
2014-12-30;1,80;Rohdaten
2014-12-31;1,79;Rohdaten
2015-01-01;1,79;Rohdaten
2015-01-02;1,79;Rohdaten
2015-01-03;1,80;Rohdaten
2015-01-04;1,79;Rohdaten
2015-01-05;1,79;Rohdaten
2015-01-06;1,80;Rohdaten
2015-01-07;1,79;Rohdaten
2015-01-08;1,79;Rohdaten
2015-01-09;1,85;Rohdaten
2015-01-10;2,47;Rohdaten
2015-01-11;2,00;Rohdaten
2015-01-12;1,94;Rohdaten
2015-01-13;1,95;Rohdaten
2015-01-14;2,02;Rohdaten
2015-01-15;2,13;Rohdaten
2015-01-16;2,24;Rohdaten
2015-01-17;2,30;Rohdaten
2015-01-18;2,33;Rohdaten
2015-01-19;2,34;Rohdaten
2015-01-20;2,34;Rohdaten
2015-01-21;2,32;Rohdaten
2015-01-22;2,29;Rohdaten
2015-01-23;2,27;Rohdaten
2015-01-24;2,26;Rohdaten
2015-01-25;2,25;Rohdaten
2015-01-26;2,24;Rohdaten
2015-01-27;2,21;Rohdaten
2015-01-28;2,20;Rohdaten
2015-01-29;2,17;Rohdaten
2015-01-30;2,15;Rohdaten
2015-01-31;2,13;Rohdaten
2015-02-01;2,13;Rohdaten
2015-02-02;2,12;Rohdaten
2015-02-03;2,11;Rohdaten
2015-02-04;2,11;Rohdaten
2015-02-05;2,13;Rohdaten
2015-02-06;2,16;Rohdaten
2015-02-07;2,18;Rohdaten
2015-02-08;2,20;Rohdaten
2015-02-09;2,22;Rohdaten
2015-02-10;2,25;Rohdaten
2015-02-11;2,26;Rohdaten
2015-02-12;2,29;Rohdaten
2015-02-13;2,30;Rohdaten
2015-02-14;2,30;Rohdaten
2015-02-15;2,32;Rohdaten
2015-02-16;2,32;Rohdaten
2015-02-17;2,34;Rohdaten
2015-02-18;2,34;Rohdaten
2015-02-19;2,35;Rohdaten
2015-02-20;2,36;Rohdaten
2015-02-21;2,36;Rohdaten
2015-02-22;2,37;Rohdaten
2015-02-23;2,39;Rohdaten
2015-02-24;2,39;Rohdaten
2015-02-25;2,42;Rohdaten
2015-02-26;2,43;Rohdaten
2015-02-27;2,44;Rohdaten
2015-02-28;2,45;Rohdaten
2015-03-01;2,48;Rohdaten
2015-03-02;2,59;Rohdaten
2015-03-03;2,59;Rohdaten
2015-03-04;2,59;Rohdaten
2015-03-05;2,61;Rohdaten
2015-03-06;2,63;Rohdaten
2015-03-07;2,66;Rohdaten
2015-03-08;2,71;Rohdaten
2015-03-09;2,73;Rohdaten
2015-03-10;2,74;Rohdaten
2015-03-11;2,76;Rohdaten
2015-03-12;2,78;Rohdaten
2015-03-13;2,80;Rohdaten
2015-03-14;2,80;Rohdaten
2015-03-15;2,82;Rohdaten
2015-03-16;2,82;Rohdaten
2015-03-17;2,83;Rohdaten
2015-03-18;2,84;Rohdaten
2015-03-19;2,84;Rohdaten
2015-03-20;2,85;Rohdaten
2015-03-21;2,87;Rohdaten
2015-03-22;2,87;Rohdaten
2015-03-23;2,89;Rohdaten
2015-03-24;2,88;Rohdaten
2015-03-25;2,90;Rohdaten
2015-03-26;2,92;Rohdaten
2015-03-27;2,93;Rohdaten
2015-03-28;2,94;Rohdaten
2015-03-29;2,95;Rohdaten
2015-03-30;2,98;Rohdaten
2015-03-31;2,99;Rohdaten
2015-04-01;3,01;Rohdaten
2015-04-02;3,12;Rohdaten
2015-04-03;3,10;Rohdaten
2015-04-04;3,10;Rohdaten
2015-04-05;3,12;Rohdaten
2015-04-06;3,15;Rohdaten
2015-04-07;3,20;Rohdaten
2015-04-08;3,24;Rohdaten
2015-04-09;3,29;Rohdaten
2015-04-10;3,32;Rohdaten
2015-04-11;3,35;Rohdaten
2015-04-12;3,34;Rohdaten
2015-04-13;3,36;Rohdaten
2015-04-14;3,36;Rohdaten
2015-04-15;3,33;Rohdaten
2015-04-16;3,31;Rohdaten
2015-04-17;3,30;Rohdaten
2015-04-18;3,28;Rohdaten
2015-04-19;3,28;Rohdaten
2015-04-20;3,26;Rohdaten
2015-04-21;3,26;Rohdaten
2015-04-22;3,26;Rohdaten
2015-04-23;3,26;Rohdaten
2015-04-24;3,23;Rohdaten
2015-04-25;3,22;Rohdaten
2015-04-26;3,20;Rohdaten
2015-04-27;3,21;Rohdaten
2015-04-28;3,20;Rohdaten
2015-04-29;3,19;Rohdaten
2015-04-30;3,19;Rohdaten
2015-05-01;3,19;Rohdaten
2015-05-02;3,19;Rohdaten
2015-05-03;3,20;Rohdaten
2015-05-04;3,24;Rohdaten
2015-05-05;3,24;Rohdaten
2015-05-06;3,26;Rohdaten
2015-05-07;3,26;Rohdaten
2015-05-08;3,27;Rohdaten
2015-05-09;3,27;Rohdaten
2015-05-10;3,29;Rohdaten
2015-05-11;3,31;Rohdaten
2015-05-12;3,33;Rohdaten
2015-05-13;3,33;Rohdaten
2015-05-14;3,35;Rohdaten
2015-05-15;3,34;Rohdaten
2015-05-16;3,36;Rohdaten
2015-05-17;3,37;Rohdaten
2015-05-18;3,36;Rohdaten
2015-05-19;3,34;Rohdaten
2015-05-20;3,32;Rohdaten
2015-05-21;3,31;Rohdaten
2015-05-22;3,32;Rohdaten
2015-05-23;3,31;Rohdaten
2015-05-24;3,31;Rohdaten
2015-05-25;3,30;Rohdaten
2015-05-26;3,31;Rohdaten
2015-05-27;3,32;Rohdaten
2015-05-28;3,33;Rohdaten
2015-05-29;3,30;Rohdaten
2015-05-30;3,29;Rohdaten
2015-05-31;3,29;Rohdaten
2015-06-01;3,28;Rohdaten
2015-06-02;3,31;Rohdaten
2015-06-03;3,31;Rohdaten
2015-06-04;3,30;Rohdaten
2015-06-05;3,30;Rohdaten
2015-06-06;3,31;Rohdaten
2015-06-07;3,31;Rohdaten
2015-06-08;3,31;Rohdaten
2015-06-09;3,32;Rohdaten
2015-06-10;3,31;Rohdaten
2015-06-11;3,31;Rohdaten
2015-06-12;3,31;Rohdaten
2015-06-13;3,31;Rohdaten
2015-06-14;3,29;Rohdaten
2015-06-15;3,30;Rohdaten
2015-06-16;3,30;Rohdaten
2015-06-17;3,31;Rohdaten
2015-06-18;3,30;Rohdaten
2015-06-19;3,30;Rohdaten
2015-06-20;3,30;Rohdaten
2015-06-21;3,30;Rohdaten
2015-06-22;3,29;Rohdaten
2015-06-23;3,29;Rohdaten
2015-06-24;3,29;Rohdaten
2015-06-25;3,28;Rohdaten
2015-06-26;3,29;Rohdaten
2015-06-27;3,30;Rohdaten
2015-06-28;3,30;Rohdaten
2015-06-29;3,29;Rohdaten
2015-06-30;3,28;Rohdaten
2015-07-01;3,28;Rohdaten
2015-07-02;3,28;Rohdaten
2015-07-03;3,27;Rohdaten
2015-07-04;3,27;Rohdaten
2015-07-05;3,26;Rohdaten
2015-07-06;3,26;Rohdaten
2015-07-07;3,26;Rohdaten
2015-07-08;3,24;Rohdaten
2015-07-09;3,25;Rohdaten
2015-07-10;3,24;Rohdaten
2015-07-11;3,24;Rohdaten
2015-07-12;3,22;Rohdaten
2015-07-13;3,21;Rohdaten
2015-07-14;3,21;Rohdaten
2015-07-15;3,20;Rohdaten
2015-07-16;3,20;Rohdaten
2015-07-17;3,21;Rohdaten
2015-07-18;3,20;Rohdaten
2015-07-19;3,20;Rohdaten
2015-07-20;3,19;Rohdaten
2015-07-21;3,16;Rohdaten
2015-07-22;3,16;Rohdaten
2015-07-23;3,17;Rohdaten
2015-07-24;3,15;Rohdaten
2015-07-25;3,15;Rohdaten
2015-07-26;3,16;Rohdaten
2015-07-27;3,15;Rohdaten
2015-07-28;3,16;Rohdaten
2015-07-29;3,14;Rohdaten
2015-07-30;3,14;Rohdaten
2015-07-31;3,12;Rohdaten
2015-08-01;3,11;Rohdaten
2015-08-02;3,11;Rohdaten
2015-08-03;3,10;Rohdaten
2015-08-04;3,10;Rohdaten
2015-08-05;3,08;Rohdaten
2015-08-06;3,08;Rohdaten
2015-08-07;3,07;Rohdaten
2015-08-08;3,08;Rohdaten
2015-08-09;3,07;Rohdaten
2015-08-10;3,08;Rohdaten
2015-08-11;3,05;Rohdaten
2015-08-12;3,06;Rohdaten
2015-08-13;3,05;Rohdaten
2015-08-14;3,04;Rohdaten
2015-08-15;3,03;Rohdaten
2015-08-16;3,02;Rohdaten
2015-08-17;3,01;Rohdaten
2015-08-18;3,00;Rohdaten
2015-08-19;3,00;Rohdaten
2015-08-20;3,00;Rohdaten
2015-08-21;2,98;Rohdaten
2015-08-22;2,97;Rohdaten
2015-08-23;2,97;Rohdaten
2015-08-24;2,96;Rohdaten
2015-08-25;2,96;Rohdaten
2015-08-26;2,94;Rohdaten
2015-08-27;2,93;Rohdaten
2015-08-28;2,92;Rohdaten
2015-08-29;2,92;Rohdaten
2015-08-30;2,92;Rohdaten
2015-08-31;2,92;Rohdaten
2015-09-01;2,90;Rohdaten
2015-09-02;2,89;Rohdaten
2015-09-03;2,88;Rohdaten
2015-09-04;2,89;Rohdaten
2015-09-05;2,90;Rohdaten
2015-09-06;2,89;Rohdaten
2015-09-07;2,88;Rohdaten
2015-09-08;2,86;Rohdaten
2015-09-09;2,86;Rohdaten
2015-09-10;2,85;Rohdaten
2015-09-11;2,85;Rohdaten
2015-09-12;2,83;Rohdaten
2015-09-13;2,83;Rohdaten
2015-09-14;2,82;Rohdaten
2015-09-15;2,80;Rohdaten
2015-09-16;2,81;Rohdaten
2015-09-17;2,79;Rohdaten
2015-09-18;2,80;Rohdaten
2015-09-19;2,79;Rohdaten
2015-09-20;2,78;Rohdaten
2015-09-21;2,77;Rohdaten
2015-09-22;2,76;Rohdaten
2015-09-23;2,76;Rohdaten
2015-09-24;2,76;Rohdaten
2015-09-25;2,75;Rohdaten
2015-09-26;2,76;Rohdaten
2015-09-27;2,75;Rohdaten
2015-09-28;2,75;Rohdaten
2015-09-29;2,75;Rohdaten
2015-09-30;2,73;Rohdaten
2015-10-01;2,73;Rohdaten
2015-10-02;2,73;Rohdaten
2015-10-03;2,72;Rohdaten
2015-10-04;2,72;Rohdaten
2015-10-05;2,70;Rohdaten
2015-10-06;2,69;Rohdaten
2015-10-07;2,67;Rohdaten
2015-10-08;2,66;Rohdaten
2015-10-09;2,65;Rohdaten
2015-10-10;2,64;Rohdaten
2015-10-11;2,63;Rohdaten
2015-10-12;2,62;Rohdaten
2015-10-13;2,62;Rohdaten
2015-10-14;2,63;Rohdaten
2015-10-15;2,61;Rohdaten
2015-10-16;2,62;Rohdaten
2015-10-17;2,60;Rohdaten
2015-10-18;2,61;Rohdaten
2015-10-19;2,61;Rohdaten
2015-10-20;2,61;Rohdaten
2015-10-21;2,62;Rohdaten
2015-10-22;2,60;Rohdaten
2015-10-23;2,61;Rohdaten
2015-10-24;2,61;Rohdaten
2015-10-25;2,60;Rohdaten
2015-10-26;2,60;Rohdaten
2015-10-27;2,61;Rohdaten
2015-10-28;2,60;Rohdaten
2015-10-29;2,59;Rohdaten
2015-10-30;2,59;Rohdaten
2015-10-31;2,59;Rohdaten
2015-11-01;2,58;Rohdaten
2015-11-02;2,58;Rohdaten
2015-11-03;2,57;Rohdaten
2015-11-04;2,56;Rohdaten
2015-11-05;2,55;Rohdaten
2015-11-06;2,53;Rohdaten
2015-11-07;2,54;Rohdaten
2015-11-08;2,52;Rohdaten
2015-11-09;2,52;Rohdaten
2015-11-10;2,51;Rohdaten
2015-11-11;2,50;Rohdaten
2015-11-12;2,50;Rohdaten
2015-11-13;2,50;Rohdaten
2015-11-14;2,50;Rohdaten
2015-11-15;2,48;Rohdaten
2015-11-16;2,47;Rohdaten
2015-11-17;2,46;Rohdaten
2015-11-18;2,46;Rohdaten
2015-11-19;2,44;Rohdaten
2015-11-20;2,45;Rohdaten
2015-11-21;2,47;Rohdaten
2015-11-22;2,44;Rohdaten
2015-11-23;2,43;Rohdaten
2015-11-24;2,45;Rohdaten
2015-11-25;2,45;Rohdaten
2015-11-26;2,48;Rohdaten
2015-11-27;2,49;Rohdaten
2015-11-28;2,51;Rohdaten
2015-11-29;2,51;Rohdaten
2015-11-30;2,53;Rohdaten
2015-12-01;2,57;Rohdaten
2015-12-02;2,59;Rohdaten
2015-12-03;2,59;Rohdaten
2015-12-04;2,60;Rohdaten
2015-12-05;2,61;Rohdaten
2015-12-06;2,63;Rohdaten
2015-12-07;2,66;Rohdaten
2015-12-08;2,69;Rohdaten
2015-12-09;2,71;Rohdaten
2015-12-10;2,72;Rohdaten
2015-12-11;2,72;Rohdaten
2015-12-12;2,70;Rohdaten
2015-12-13;2,67;Rohdaten
2015-12-14;2,66;Rohdaten
2015-12-15;2,64;Rohdaten
2015-12-16;2,63;Rohdaten
2015-12-17;2,61;Rohdaten
2015-12-18;2,59;Rohdaten
2015-12-19;2,57;Rohdaten
2015-12-20;2,56;Rohdaten
2015-12-21;2,55;Rohdaten
2015-12-22;2,54;Rohdaten
2015-12-23;2,53;Rohdaten
2015-12-24;2,52;Rohdaten
2015-12-25;2,52;Rohdaten
2015-12-26;2,51;Rohdaten
2015-12-27;2,51;Rohdaten
2015-12-28;2,51;Rohdaten
2015-12-29;2,50;Rohdaten
2015-12-30;2,48;Rohdaten
2015-12-31;2,48;Rohdaten
2016-01-01;2,46;Rohdaten
2016-01-02;2,44;Rohdaten
2016-01-03;2,44;Rohdaten
2016-01-04;2,43;Rohdaten
2016-01-05;2,42;Rohdaten
2016-01-06;2,42;Rohdaten
2016-01-07;2,40;Rohdaten
2016-01-08;2,41;Rohdaten
2016-01-09;2,39;Rohdaten
2016-01-10;2,40;Rohdaten
2016-01-11;2,58;Rohdaten
2016-01-12;2,54;Rohdaten
2016-01-13;2,49;Rohdaten
2016-01-14;2,49;Rohdaten
2016-01-15;2,54;Rohdaten
2016-01-16;2,61;Rohdaten
2016-01-17;2,68;Rohdaten
2016-01-18;2,75;Rohdaten
2016-01-19;2,78;Rohdaten
2016-01-20;2,79;Rohdaten
2016-01-21;2,79;Rohdaten
2016-01-22;2,76;Rohdaten
2016-01-23;2,75;Rohdaten
2016-01-24;2,72;Rohdaten
2016-01-25;2,70;Rohdaten
2016-01-26;2,67;Rohdaten
2016-01-27;2,67;Rohdaten
2016-01-28;2,65;Rohdaten
2016-01-29;2,64;Rohdaten
2016-01-30;2,62;Rohdaten
2016-01-31;2,63;Rohdaten
2016-02-01;2,90;Rohdaten
2016-02-02;2,75;Rohdaten
2016-02-03;2,70;Rohdaten
2016-02-04;2,71;Rohdaten
2016-02-05;2,75;Rohdaten
2016-02-06;2,86;Rohdaten
2016-02-07;2,91;Rohdaten
2016-02-08;2,93;Rohdaten
2016-02-09;2,97;Rohdaten
2016-02-10;3,00;Rohdaten
2016-02-11;3,03;Rohdaten
2016-02-12;3,04;Rohdaten
2016-02-13;3,01;Rohdaten
2016-02-14;3,01;Rohdaten
2016-02-15;3,00;Rohdaten
2016-02-16;3,02;Rohdaten
2016-02-17;3,05;Rohdaten
2016-02-18;3,05;Rohdaten
2016-02-19;3,04;Rohdaten
2016-02-20;3,02;Rohdaten
2016-02-21;3,08;Rohdaten
2016-02-22;3,08;Rohdaten
2016-02-23;3,13;Rohdaten
2016-02-24;3,19;Rohdaten
2016-02-25;3,25;Rohdaten
2016-02-26;3,31;Rohdaten
2016-02-27;3,38;Rohdaten
2016-02-28;3,44;Rohdaten
2016-02-29;3,53;Rohdaten
2016-03-01;3,56;Rohdaten
2016-03-02;3,60;Rohdaten
2016-03-03;3,70;Rohdaten
2016-03-04;3,62;Rohdaten
2016-03-05;3,62;Rohdaten
2016-03-06;3,60;Rohdaten
2016-03-07;3,60;Rohdaten
2016-03-08;3,63;Rohdaten
2016-03-09;3,67;Rohdaten
2016-03-10;3,71;Rohdaten
2016-03-11;3,75;Rohdaten
2016-03-12;3,78;Rohdaten
2016-03-13;3,78;Rohdaten
2016-03-14;3,78;Rohdaten
2016-03-15;3,80;Rohdaten
2016-03-16;3,79;Rohdaten
2016-03-17;3,78;Rohdaten
2016-03-18;3,79;Rohdaten
2016-03-19;3,77;Rohdaten
2016-03-20;3,76;Rohdaten
2016-03-21;3,76;Rohdaten
2016-03-22;3,76;Rohdaten
2016-03-23;3,76;Rohdaten
2016-03-24;3,75;Rohdaten
2016-03-25;3,76;Rohdaten
2016-03-26;3,77;Rohdaten
2016-03-27;3,77;Rohdaten
2016-03-28;3,77;Rohdaten
2016-03-29;3,76;Rohdaten
2016-03-30;3,76;Rohdaten
2016-03-31;3,77;Rohdaten
2016-04-01;3,80;Rohdaten
2016-04-02;3,79;Rohdaten
2016-04-03;3,78;Rohdaten
2016-04-04;3,77;Rohdaten
2016-04-05;3,80;Rohdaten
2016-04-06;3,81;Rohdaten
2016-04-07;3,82;Rohdaten
2016-04-08;3,83;Rohdaten
2016-04-09;3,83;Rohdaten
2016-04-10;3,85;Rohdaten
2016-04-11;3,85;Rohdaten
2016-04-12;3,84;Rohdaten
2016-04-13;3,84;Rohdaten
2016-04-14;3,84;Rohdaten
2016-04-15;3,83;Rohdaten
2016-04-16;3,85;Rohdaten
2016-04-17;3,86;Rohdaten
2016-04-18;3,88;Rohdaten
2016-04-19;3,90;Rohdaten
2016-04-20;3,93;Rohdaten
2016-04-21;3,92;Rohdaten
2016-04-22;3,93;Rohdaten
2016-04-23;3,95;Rohdaten
2016-04-24;3,97;Rohdaten
2016-04-25;3,97;Rohdaten
2016-04-26;3,99;Rohdaten
2016-04-27;3,96;Rohdaten
2016-04-28;3,96;Rohdaten
2016-04-29;3,96;Rohdaten
2016-04-30;3,96;Rohdaten
2016-05-01;3,95;Rohdaten
2016-05-02;3,94;Rohdaten
2016-05-03;3,94;Rohdaten
2016-05-04;3,94;Rohdaten
2016-05-05;3,93;Rohdaten
2016-05-06;3,90;Rohdaten
2016-05-07;3,90;Rohdaten
2016-05-08;3,88;Rohdaten
2016-05-09;3,86;Rohdaten
2016-05-10;3,86;Rohdaten
2016-05-11;3,86;Rohdaten
2016-05-12;3,86;Rohdaten
2016-05-13;3,86;Rohdaten
2016-05-14;3,88;Rohdaten
2016-05-15;3,89;Rohdaten
2016-05-16;3,89;Rohdaten
2016-05-17;3,92;Rohdaten
2016-05-18;3,89;Rohdaten
2016-05-19;3,89;Rohdaten
2016-05-20;3,90;Rohdaten
2016-05-21;3,87;Rohdaten
2016-05-22;3,85;Rohdaten
2016-05-23;3,86;Rohdaten
2016-05-24;3,84;Rohdaten
2016-05-25;3,85;Rohdaten
2016-05-26;3,85;Rohdaten
2016-05-27;3,86;Rohdaten
2016-05-28;3,84;Rohdaten
2016-05-29;3,82;Rohdaten
2016-05-30;3,83;Rohdaten
2016-05-31;3,82;Rohdaten
2016-06-01;3,82;Rohdaten
2016-06-02;3,83;Rohdaten
2016-06-03;3,84;Rohdaten
2016-06-04;3,83;Rohdaten
2016-06-05;3,86;Rohdaten
2016-06-06;3,92;Rohdaten
2016-06-07;3,88;Rohdaten
2016-06-08;3,91;Rohdaten
2016-06-09;3,93;Rohdaten
2016-06-10;3,95;Rohdaten
2016-06-11;3,98;Rohdaten
2016-06-12;4,00;Rohdaten
2016-06-13;4,03;Rohdaten
2016-06-14;4,03;Rohdaten
2016-06-15;4,02;Rohdaten
2016-06-16;3,99;Rohdaten
2016-06-17;4,00;Rohdaten
2016-06-18;3,99;Rohdaten
2016-06-19;3,98;Rohdaten
2016-06-20;3,98;Rohdaten
2016-06-21;3,96;Rohdaten
2016-06-22;3,95;Rohdaten
2016-06-23;3,97;Rohdaten
2016-06-24;3,96;Rohdaten
2016-06-25;3,94;Rohdaten
2016-06-26;3,94;Rohdaten
2016-06-27;3,94;Rohdaten
2016-06-28;3,93;Rohdaten
2016-06-29;3,91;Rohdaten
2016-06-30;3,90;Rohdaten
2016-07-01;3,89;Rohdaten
2016-07-02;3,87;Rohdaten
2016-07-03;3,87;Rohdaten
2016-07-04;3,87;Rohdaten
2016-07-05;3,87;Rohdaten
2016-07-06;3,85;Rohdaten
2016-07-07;3,83;Rohdaten
2016-07-08;3,81;Rohdaten
2016-07-09;3,81;Rohdaten
2016-07-10;3,79;Rohdaten
2016-07-11;3,79;Rohdaten
2016-07-12;3,77;Rohdaten
2016-07-13;3,77;Rohdaten
2016-07-14;3,85;Rohdaten
2016-07-15;3,77;Rohdaten
2016-07-16;3,74;Rohdaten
2016-07-17;3,71;Rohdaten
2016-07-18;3,72;Rohdaten
2016-07-19;3,76;Rohdaten
2016-07-20;3,75;Rohdaten
2016-07-21;3,77;Rohdaten
2016-07-22;3,79;Rohdaten
2016-07-23;3,79;Rohdaten
2016-07-24;3,80;Rohdaten
2016-07-25;3,79;Rohdaten
2016-07-26;3,80;Rohdaten
2016-07-27;3,87;Rohdaten
2016-07-28;3,86;Rohdaten
2016-07-29;3,81;Rohdaten
2016-07-30;3,78;Rohdaten
2016-07-31;3,79;Rohdaten
2016-08-01;3,80;Rohdaten
2016-08-02;3,81;Rohdaten
2016-08-03;3,81;Rohdaten
2016-08-04;3,79;Rohdaten
2016-08-05;3,80;Rohdaten
2016-08-06;3,81;Rohdaten
2016-08-07;3,83;Rohdaten
2016-08-08;3,81;Rohdaten
2016-08-09;3,80;Rohdaten
2016-08-10;3,79;Rohdaten
2016-08-11;3,79;Rohdaten
2016-08-12;3,79;Rohdaten
2016-08-13;3,79;Rohdaten
2016-08-14;3,76;Rohdaten
2016-08-15;3,75;Rohdaten
2016-08-16;3,72;Rohdaten
2016-08-17;3,70;Rohdaten
2016-08-18;3,68;Rohdaten
2016-08-19;3,66;Rohdaten
2016-08-20;3,64;Rohdaten
2016-08-21;3,63;Rohdaten
2016-08-22;3,64;Rohdaten
2016-08-23;3,61;Rohdaten
2016-08-24;3,59;Rohdaten
2016-08-25;3,57;Rohdaten
2016-08-26;3,58;Rohdaten
2016-08-27;3,55;Rohdaten
2016-08-28;3,54;Rohdaten
2016-08-29;3,56;Rohdaten
2016-08-30;3,54;Rohdaten
2016-08-31;3,51;Rohdaten
2016-09-01;3,49;Rohdaten
2016-09-02;3,49;Rohdaten
2016-09-03;3,49;Rohdaten
2016-09-04;3,47;Rohdaten
2016-09-05;3,47;Rohdaten
2016-09-06;3,45;Rohdaten
2016-09-07;3,45;Rohdaten
2016-09-08;3,45;Rohdaten
2016-09-09;3,43;Rohdaten
2016-09-10;3,42;Rohdaten
2016-09-11;3,38;Rohdaten
2016-09-12;3,38;Rohdaten
2016-09-13;3,39;Rohdaten
2016-09-14;3,37;Rohdaten
2016-09-15;3,34;Rohdaten
2016-09-16;3,32;Rohdaten
2016-09-17;3,34;Rohdaten
2016-09-18;3,41;Rohdaten
2016-09-19;3,38;Rohdaten
2016-09-20;3,36;Rohdaten
2016-09-21;3,34;Rohdaten
2016-09-22;3,37;Rohdaten
2016-09-23;3,41;Rohdaten
2016-09-24;3,45;Rohdaten
2016-09-25;3,49;Rohdaten
2016-09-26;3,49;Rohdaten
2016-09-27;3,47;Rohdaten
2016-09-28;3,48;Rohdaten
2016-09-29;3,47;Rohdaten
2016-09-30;3,43;Rohdaten
2016-10-01;3,43;Rohdaten
2016-10-02;3,38;Rohdaten
2016-10-03;3,38;Rohdaten
2016-10-04;3,39;Rohdaten
2016-10-05;3,37;Rohdaten
2016-10-06;3,36;Rohdaten
2016-10-07;3,34;Rohdaten
2016-10-08;3,34;Rohdaten
2016-10-09;3,34;Rohdaten
2016-10-10;3,33;Rohdaten
2016-10-11;3,34;Rohdaten
2016-10-12;3,35;Rohdaten
2016-10-13;3,32;Rohdaten
2016-10-14;3,32;Rohdaten
2016-10-15;3,31;Rohdaten
2016-10-16;3,31;Rohdaten
2016-10-17;3,29;Rohdaten
2016-10-18;3,28;Rohdaten
2016-10-19;3,26;Rohdaten
2016-10-20;3,27;Rohdaten
2016-10-21;3,28;Rohdaten
2016-10-22;3,27;Rohdaten
2016-10-23;3,26;Rohdaten
2016-10-24;3,23;Rohdaten
2016-10-25;3,21;Rohdaten
2016-10-26;3,22;Rohdaten
2016-10-27;3,20;Rohdaten
2016-10-28;3,20;Rohdaten
2016-10-29;3,21;Rohdaten
2016-10-30;3,24;Rohdaten
2016-10-31;3,22;Rohdaten
2016-11-01;3,21;Rohdaten
2016-11-02;3,19;Rohdaten
2016-11-03;3,19;Rohdaten
2016-11-04;3,18;Rohdaten
2016-11-05;3,19;Rohdaten
2016-11-06;3,16;Rohdaten
2016-11-07;3,15;Rohdaten
2016-11-08;3,13;Rohdaten
2016-11-09;3,14;Rohdaten
2016-11-10;3,12;Rohdaten
2016-11-11;3,15;Rohdaten
2016-11-12;3,17;Rohdaten
2016-11-13;3,16;Rohdaten
2016-11-14;3,14;Rohdaten
2016-11-15;3,15;Rohdaten
2016-11-16;3,27;Rohdaten
2016-11-17;3,27;Rohdaten
2016-11-18;3,24;Rohdaten
2016-11-19;3,35;Rohdaten
2016-11-20;3,32;Rohdaten
2016-11-21;3,28;Rohdaten
2016-11-22;3,27;Rohdaten
2016-11-23;3,34;Rohdaten
2016-11-24;3,37;Rohdaten
2016-11-25;3,41;Rohdaten
2016-11-26;3,46;Rohdaten
2016-11-27;3,45;Rohdaten
2016-11-28;3,43;Rohdaten
2016-11-29;3,42;Rohdaten
2016-11-30;3,42;Rohdaten
2016-12-01;3,39;Rohdaten
2016-12-02;3,37;Rohdaten
2016-12-03;3,37;Rohdaten
2016-12-04;3,33;Rohdaten
2016-12-05;3,33;Rohdaten
2016-12-06;3,31;Rohdaten
2016-12-07;3,29;Rohdaten
2016-12-08;3,27;Rohdaten
2016-12-09;3,25;Rohdaten
2016-12-10;3,23;Rohdaten
2016-12-11;3,18;Rohdaten
2016-12-12;3,18;Rohdaten
2016-12-13;3,16;Rohdaten
2016-12-14;3,13;Rohdaten
2016-12-15;3,09;Rohdaten
2016-12-16;3,08;Rohdaten
2016-12-17;3,07;Rohdaten
2016-12-18;3,07;Rohdaten
2016-12-19;3,07;Rohdaten
2016-12-20;3,03;Rohdaten
2016-12-21;3,01;Rohdaten
2016-12-22;3,02;Rohdaten
2016-12-23;3,02;Rohdaten
2016-12-24;3,00;Rohdaten
2016-12-25;3,00;Rohdaten
2016-12-26;3,00;Rohdaten
2016-12-27;3,01;Rohdaten
2016-12-28;3,01;Rohdaten
2016-12-29;2,99;Rohdaten
2016-12-30;2,98;Rohdaten
2016-12-31;2,96;Rohdaten
2017-01-01;2,97;Rohdaten
2017-01-02;2,98;Rohdaten
2017-01-03;2,96;Rohdaten
2017-01-04;2,96;Rohdaten
2017-01-05;2,95;Rohdaten
2017-01-06;2,95;Rohdaten
2017-01-07;2,95;Rohdaten
2017-01-08;2,93;Rohdaten
2017-01-09;2,93;Rohdaten
2017-01-10;2,93;Rohdaten
2017-01-11;2,91;Rohdaten
2017-01-12;2,91;Rohdaten
2017-01-13;2,90;Rohdaten
2017-01-14;2,89;Rohdaten
2017-01-15;2,88;Rohdaten
2017-01-16;2,89;Rohdaten
2017-01-17;2,89;Rohdaten
2017-01-18;2,88;Rohdaten
2017-01-19;2,87;Rohdaten
2017-01-20;2,88;Rohdaten
2017-01-21;2,89;Rohdaten
2017-01-22;2,90;Rohdaten
2017-01-23;2,91;Rohdaten
2017-01-24;2,91;Rohdaten
2017-01-25;2,89;Rohdaten
2017-01-26;2,88;Rohdaten
2017-01-27;2,87;Rohdaten
2017-01-28;2,87;Rohdaten
2017-01-29;2,87;Rohdaten
2017-01-30;2,85;Rohdaten
2017-01-31;2,84;Rohdaten
2017-02-01;2,81;Rohdaten
2017-02-02;2,82;Rohdaten
2017-02-03;2,81;Rohdaten
2017-02-04;2,80;Rohdaten
2017-02-05;2,79;Rohdaten
2017-02-06;2,78;Rohdaten
2017-02-07;2,78;Rohdaten
2017-02-08;2,79;Rohdaten
2017-02-09;2,79;Rohdaten
2017-02-10;2,79;Rohdaten
2017-02-11;2,78;Rohdaten
2017-02-12;2,78;Rohdaten
2017-02-13;2,79;Rohdaten
2017-02-14;2,80;Rohdaten
2017-02-15;2,82;Rohdaten
2017-02-16;2,82;Rohdaten
2017-02-17;2,82;Rohdaten
2017-02-18;2,84;Rohdaten
2017-02-19;2,85;Rohdaten
2017-02-20;2,90;Rohdaten
2017-02-21;3,29;Rohdaten
2017-02-22;3,08;Rohdaten
2017-02-23;2,99;Rohdaten
2017-02-24;3,00;Rohdaten
2017-02-25;3,05;Rohdaten
2017-02-26;3,15;Rohdaten
2017-02-27;3,26;Rohdaten
2017-02-28;3,29;Rohdaten
2017-03-01;3,33;Rohdaten
2017-03-02;3,34;Rohdaten
2017-03-03;3,33;Rohdaten
2017-03-04;3,31;Rohdaten
2017-03-05;3,28;Rohdaten
2017-03-06;3,27;Rohdaten
2017-03-07;3,26;Rohdaten
2017-03-08;3,27;Rohdaten
2017-03-09;3,30;Rohdaten
2017-03-10;3,34;Rohdaten
2017-03-11;3,32;Rohdaten
2017-03-12;3,29;Rohdaten
2017-03-13;3,30;Rohdaten
2017-03-14;3,30;Rohdaten
2017-03-15;3,34;Rohdaten
2017-03-16;3,36;Rohdaten
2017-03-17;3,37;Rohdaten
2017-03-18;3,38;Rohdaten
2017-03-19;3,55;Rohdaten
2017-03-20;3,45;Rohdaten
2017-03-21;3,41;Rohdaten
2017-03-22;3,42;Rohdaten
2017-03-23;3,46;Rohdaten
2017-03-24;3,50;Rohdaten
2017-03-25;3,58;Rohdaten
2017-03-26;3,61;Rohdaten
2017-03-27;3,64;Rohdaten
2017-03-28;3,65;Rohdaten
2017-03-29;3,66;Rohdaten
2017-03-30;3,67;Rohdaten
2017-03-31;3,69;Rohdaten
2017-04-01;3,68;Rohdaten
2017-04-02;3,65;Rohdaten
2017-04-03;3,65;Rohdaten
2017-04-04;3,64;Rohdaten
2017-04-05;3,64;Rohdaten
2017-04-06;3,64;Rohdaten
2017-04-07;3,64;Rohdaten
2017-04-08;3,63;Rohdaten
2017-04-09;3,62;Rohdaten
2017-04-10;3,63;Rohdaten
2017-04-11;3,64;Rohdaten
2017-04-12;3,65;Rohdaten
2017-04-13;3,65;Rohdaten
2017-04-14;3,67;Rohdaten
2017-04-15;3,67;Rohdaten
2017-04-16;3,67;Rohdaten
2017-04-17;3,68;Rohdaten
2017-04-18;3,68;Rohdaten
2017-04-19;3,69;Rohdaten
2017-04-20;3,69;Rohdaten
2017-04-21;3,72;Rohdaten
2017-04-22;3,73;Rohdaten
2017-04-23;3,73;Rohdaten
2017-04-24;3,72;Rohdaten
2017-04-25;3,70;Rohdaten
2017-04-26;3,72;Rohdaten
2017-04-27;3,78;Rohdaten
2017-04-28;3,82;Rohdaten
2017-04-29;3,81;Rohdaten
2017-04-30;3,80;Rohdaten
2017-05-01;3,79;Rohdaten
2017-05-02;3,84;Rohdaten
2017-05-03;3,91;Rohdaten
2017-05-04;3,91;Rohdaten
2017-05-05;3,95;Rohdaten
2017-05-06;3,98;Rohdaten
2017-05-07;3,98;Rohdaten
2017-05-08;4,00;Rohdaten
2017-05-09;4,04;Rohdaten
2017-05-10;4,05;Rohdaten
2017-05-11;4,08;Rohdaten
2017-05-12;;Rohdaten
2017-05-13;4,05;Rohdaten
2017-05-14;4,08;Rohdaten
2017-05-15;4,11;Rohdaten
2017-05-16;4,10;Rohdaten
2017-05-17;4,12;Rohdaten
2017-05-18;4,11;Rohdaten
2017-05-19;4,07;Rohdaten
2017-05-20;4,11;Rohdaten
2017-05-21;4,12;Rohdaten
2017-05-22;4,12;Rohdaten
2017-05-23;4,10;Rohdaten
2017-05-24;4,12;Rohdaten
2017-05-25;4,10;Rohdaten
2017-05-26;4,11;Rohdaten
2017-05-27;4,11;Rohdaten
2017-05-28;4,09;Rohdaten
2017-05-29;;Rohdaten
2017-05-30;4,12;Rohdaten
2017-05-31;4,12;Rohdaten
2017-06-01;4,11;Rohdaten
2017-06-02;4,10;Rohdaten
2017-06-03;4,10;Rohdaten
2017-06-04;4,09;Rohdaten
2017-06-05;4,07;Rohdaten
2017-06-06;4,09;Rohdaten
2017-06-07;;Rohdaten
2017-06-08;;Rohdaten
2017-06-09;;Rohdaten
2017-06-10;;Rohdaten
2017-06-11;4,09;Rohdaten
2017-06-12;4,10;Rohdaten
2017-06-13;4,11;Rohdaten
2017-06-14;4,11;Rohdaten
2017-06-15;4,10;Rohdaten
2017-06-16;4,10;Rohdaten
2017-06-17;4,11;Rohdaten
2017-06-18;4,12;Rohdaten
2017-06-19;4,10;Rohdaten
2017-06-20;4,09;Rohdaten
2017-06-21;4,07;Rohdaten
2017-06-22;4,06;Rohdaten
2017-06-23;4,05;Rohdaten
2017-06-24;4,04;Rohdaten
2017-06-25;4,07;Rohdaten
2017-06-26;4,04;Rohdaten
2017-06-27;4,05;Rohdaten
2017-06-28;;Rohdaten
2017-06-29;;Rohdaten
2017-06-30;;Rohdaten
2017-07-01;;Rohdaten
2017-07-02;4,08;Rohdaten
2017-07-03;4,09;Rohdaten
2017-07-04;4,10;Rohdaten
2017-07-05;4,10;Rohdaten
2017-07-06;4,08;Rohdaten
2017-07-07;4,11;Rohdaten
2017-07-08;4,11;Rohdaten
2017-07-09;4,10;Rohdaten
2017-07-10;4,10;Rohdaten
2017-07-11;4,10;Rohdaten
2017-07-12;4,08;Rohdaten
2017-07-13;4,06;Rohdaten
2017-07-14;4,08;Rohdaten
2017-07-15;4,08;Rohdaten
2017-07-16;4,08;Rohdaten
2017-07-17;4,09;Rohdaten
2017-07-18;4,08;Rohdaten
2017-07-19;4,07;Rohdaten
2017-07-20;4,07;Rohdaten
2017-07-21;4,06;Rohdaten
2017-07-22;4,07;Rohdaten
2017-07-23;4,05;Rohdaten
2017-07-24;4,05;Rohdaten
2017-07-25;4,04;Rohdaten
2017-07-26;4,03;Rohdaten
2017-07-27;4,01;Rohdaten
2017-07-28;4,01;Rohdaten
2017-07-29;4,00;Rohdaten
2017-07-30;3,99;Rohdaten
2017-07-31;4,00;Rohdaten
2017-08-01;4,02;Rohdaten
2017-08-02;4,00;Rohdaten
2017-08-03;4,00;Rohdaten
2017-08-04;3,98;Rohdaten
2017-08-05;3,98;Rohdaten
2017-08-06;3,99;Rohdaten
2017-08-07;3,98;Rohdaten
2017-08-08;3,97;Rohdaten
2017-08-09;3,98;Rohdaten
2017-08-10;3,98;Rohdaten
2017-08-11;3,96;Rohdaten
2017-08-12;3,99;Rohdaten
2017-08-13;4,00;Rohdaten
2017-08-14;3,97;Rohdaten
2017-08-15;3,98;Rohdaten
2017-08-16;3,98;Rohdaten
2017-08-17;3,98;Rohdaten
2017-08-18;3,97;Rohdaten
2017-08-19;3,98;Rohdaten
2017-08-20;3,97;Rohdaten
2017-08-21;3,95;Rohdaten
2017-08-22;3,95;Rohdaten
2017-08-23;3,96;Rohdaten
2017-08-24;3,97;Rohdaten
2017-08-25;3,95;Rohdaten
2017-08-26;3,92;Rohdaten
2017-08-27;3,93;Rohdaten
2017-08-28;3,91;Rohdaten
2017-08-29;3,91;Rohdaten
2017-08-30;3,91;Rohdaten
2017-08-31;3,89;Rohdaten
2017-09-01;3,88;Rohdaten
2017-09-02;3,87;Rohdaten
2017-09-03;3,86;Rohdaten
2017-09-04;3,84;Rohdaten
2017-09-05;3,82;Rohdaten
2017-09-06;3,82;Rohdaten
2017-09-07;3,83;Rohdaten
2017-09-08;3,82;Rohdaten
2017-09-09;3,82;Rohdaten
2017-09-10;3,82;Rohdaten
2017-09-11;3,83;Rohdaten
2017-09-12;3,81;Rohdaten
2017-09-13;3,82;Rohdaten
2017-09-14;3,80;Rohdaten
2017-09-15;3,78;Rohdaten
2017-09-16;3,78;Rohdaten
2017-09-17;3,76;Rohdaten
2017-09-18;3,74;Rohdaten
2017-09-19;3,73;Rohdaten
2017-09-20;3,73;Rohdaten
2017-09-21;3,71;Rohdaten
2017-09-22;3,70;Rohdaten
2017-09-23;3,69;Rohdaten
2017-09-24;3,69;Rohdaten
2017-09-25;3,69;Rohdaten
2017-09-26;3,69;Rohdaten
2017-09-27;3,69;Rohdaten
2017-09-28;3,69;Rohdaten
2017-09-29;3,68;Rohdaten
2017-09-30;3,65;Rohdaten
2017-10-01;3,64;Rohdaten
2017-10-02;3,64;Rohdaten
2017-10-03;3,63;Rohdaten
2017-10-04;3,60;Rohdaten
2017-10-05;3,60;Rohdaten
2017-10-06;3,59;Rohdaten
2017-10-07;3,56;Rohdaten
2017-10-08;3,55;Rohdaten
2017-10-09;3,54;Rohdaten
2017-10-10;3,55;Rohdaten
2017-10-11;3,55;Rohdaten
2017-10-12;3,53;Rohdaten
2017-10-13;3,53;Rohdaten
2017-10-14;3,51;Rohdaten
2017-10-15;3,50;Rohdaten
2017-10-16;3,50;Rohdaten
2017-10-17;3,48;Rohdaten
2017-10-18;3,47;Rohdaten
2017-10-19;3,48;Rohdaten
2017-10-20;3,47;Rohdaten
2017-10-21;3,47;Rohdaten
2017-10-22;3,46;Rohdaten
2017-10-23;3,45;Rohdaten
2017-10-24;3,43;Rohdaten
2017-10-25;3,40;Rohdaten
2017-10-26;3,40;Rohdaten
2017-10-27;3,40;Rohdaten
2017-10-28;3,39;Rohdaten
2017-10-29;3,41;Rohdaten
2017-10-30;3,40;Rohdaten
2017-10-31;3,39;Rohdaten
2017-11-01;3,38;Rohdaten
2017-11-02;3,37;Rohdaten
2017-11-03;3,38;Rohdaten
2017-11-04;3,38;Rohdaten
2017-11-05;3,38;Rohdaten
2017-11-06;3,40;Rohdaten
2017-11-07;3,41;Rohdaten
2017-11-08;3,39;Rohdaten
2017-11-09;3,38;Rohdaten
2017-11-10;3,36;Rohdaten
2017-11-11;3,35;Rohdaten
2017-11-12;3,42;Rohdaten
2017-11-13;3,42;Rohdaten
2017-11-14;3,42;Rohdaten
2017-11-15;3,40;Rohdaten
2017-11-16;3,40;Rohdaten
2017-11-17;3,39;Rohdaten
2017-11-18;3,38;Rohdaten
2017-11-19;3,40;Rohdaten
2017-11-20;3,41;Rohdaten
2017-11-21;3,43;Rohdaten
2017-11-22;3,43;Rohdaten
2017-11-23;3,41;Rohdaten
2017-11-24;3,41;Rohdaten
2017-11-25;3,40;Rohdaten
2017-11-26;3,39;Rohdaten
2017-11-27;3,39;Rohdaten
2017-11-28;3,39;Rohdaten
2017-11-29;3,40;Rohdaten
2017-11-30;3,39;Rohdaten
2017-12-01;3,38;Rohdaten
2017-12-02;3,38;Rohdaten
2017-12-03;3,37;Rohdaten
2017-12-04;3,38;Rohdaten
2017-12-05;3,36;Rohdaten
2017-12-06;3,36;Rohdaten
2017-12-07;3,37;Rohdaten
2017-12-08;3,35;Rohdaten
2017-12-09;3,34;Rohdaten
2017-12-10;3,36;Rohdaten
2017-12-11;3,34;Rohdaten
2017-12-12;3,32;Rohdaten
2017-12-13;3,34;Rohdaten
2017-12-14;3,36;Rohdaten
2017-12-15;3,36;Rohdaten
2017-12-16;3,36;Rohdaten
2017-12-17;3,38;Rohdaten
2017-12-18;3,43;Rohdaten
2017-12-19;3,46;Rohdaten
2017-12-20;3,49;Rohdaten
2017-12-21;3,53;Rohdaten
2017-12-22;3,59;Rohdaten
2017-12-23;3,59;Rohdaten
2017-12-24;3,54;Rohdaten
2017-12-25;3,52;Rohdaten
2017-12-26;3,50;Rohdaten
2017-12-27;3,47;Rohdaten
2017-12-28;3,44;Rohdaten
2017-12-29;3,44;Rohdaten
2017-12-30;3,42;Rohdaten
2017-12-31;3,86;Rohdaten
2018-01-01;3,62;Rohdaten
2018-01-02;3,50;Rohdaten
2018-01-03;3,57;Rohdaten
2018-01-04;3,74;Rohdaten
2018-01-05;4,32;Rohdaten
2018-01-06;4,01;Rohdaten
2018-01-07;4,01;Rohdaten
2018-01-08;4,09;Rohdaten
2018-01-09;4,36;Rohdaten
2018-01-10;4,55;Rohdaten
2018-01-11;4,67;Rohdaten
2018-01-12;4,74;Rohdaten
2018-01-13;4,72;Rohdaten
2018-01-14;4,67;Rohdaten
2018-01-15;4,59;Rohdaten
2018-01-16;4,50;Rohdaten
2018-01-17;4,43;Rohdaten
2018-01-18;4,43;Rohdaten
2018-01-19;4,48;Rohdaten
2018-01-20;4,44;Rohdaten
2018-01-21;4,40;Rohdaten
2018-01-22;4,42;Rohdaten
2018-01-23;4,47;Rohdaten
2018-01-24;4,57;Rohdaten
2018-01-25;4,64;Rohdaten
2018-01-26;4,70;Rohdaten
2018-01-27;4,74;Rohdaten
2018-01-28;4,84;Rohdaten
2018-01-29;4,96;Rohdaten
2018-01-30;4,98;Rohdaten
2018-01-31;5,00;Rohdaten
2018-02-01;4,97;Rohdaten
2018-02-02;4,94;Rohdaten
2018-02-03;4,91;Rohdaten
2018-02-04;4,90;Rohdaten
2018-02-05;4,93;Rohdaten
2018-02-06;4,89;Rohdaten
2018-02-07;4,88;Rohdaten
2018-02-08;4,87;Rohdaten
2018-02-09;4,88;Rohdaten
2018-02-10;4,90;Rohdaten
2018-02-11;4,90;Rohdaten
2018-02-12;4,91;Rohdaten
2018-02-13;4,92;Rohdaten
2018-02-14;4,96;Rohdaten
2018-02-15;4,97;Rohdaten
2018-02-16;5,00;Rohdaten
2018-02-17;5,04;Rohdaten
2018-02-18;5,04;Rohdaten
2018-02-19;5,05;Rohdaten
2018-02-20;5,04;Rohdaten
2018-02-21;5,05;Rohdaten
2018-02-22;5,07;Rohdaten
2018-02-23;5,11;Rohdaten
2018-02-24;5,13;Rohdaten
2018-02-25;5,15;Rohdaten
2018-02-26;5,18;Rohdaten
2018-02-27;5,20;Rohdaten
2018-02-28;5,19;Rohdaten
2018-03-01;5,22;Rohdaten
2018-03-02;5,22;Rohdaten
2018-03-03;5,24;Rohdaten
2018-03-04;5,24;Rohdaten
2018-03-05;5,25;Rohdaten
2018-03-06;5,27;Rohdaten
2018-03-07;5,30;Rohdaten
2018-03-08;5,31;Rohdaten
2018-03-09;;Rohdaten
2018-03-10;;Rohdaten
2018-03-11;;Rohdaten
2018-03-12;;Rohdaten
2018-03-13;5,50;Rohdaten
2018-03-14;5,49;Rohdaten
2018-03-15;5,52;Rohdaten
2018-03-16;5,53;Rohdaten
2018-03-17;5,57;Rohdaten
2018-03-18;5,60;Rohdaten
2018-03-19;5,65;Rohdaten
2018-03-20;5,70;Rohdaten
2018-03-21;5,74;Rohdaten
2018-03-22;5,78;Rohdaten
2018-03-23;5,76;Rohdaten
2018-03-24;5,76;Rohdaten
2018-03-25;5,73;Rohdaten
2018-03-26;5,71;Rohdaten
2018-03-27;5,73;Rohdaten
2018-03-28;5,74;Rohdaten
2018-03-29;5,80;Rohdaten
2018-03-30;5,75;Rohdaten
2018-03-31;5,75;Rohdaten
2018-04-01;5,73;Rohdaten
2018-04-02;5,77;Rohdaten
2018-04-03;5,81;Rohdaten
2018-04-04;5,85;Rohdaten
2018-04-05;5,87;Rohdaten
2018-04-06;5,89;Rohdaten
2018-04-07;5,90;Rohdaten
2018-04-08;5,90;Rohdaten
2018-04-09;5,89;Rohdaten
2018-04-10;5,87;Rohdaten
2018-04-11;5,86;Rohdaten
2018-04-12;5,87;Rohdaten
2018-04-13;5,86;Rohdaten
2018-04-14;5,87;Rohdaten
2018-04-15;5,86;Rohdaten
2018-04-16;5,84;Rohdaten
2018-04-17;5,85;Rohdaten
2018-04-18;5,84;Rohdaten
2018-04-19;5,85;Rohdaten
2018-04-20;5,82;Rohdaten
2018-04-21;5,81;Rohdaten
2018-04-22;5,81;Rohdaten
2018-04-23;5,80;Rohdaten
2018-04-24;5,81;Rohdaten
2018-04-25;5,78;Rohdaten
2018-04-26;5,78;Rohdaten
2018-04-27;5,75;Rohdaten
2018-04-28;5,74;Rohdaten
2018-04-29;5,76;Rohdaten
2018-04-30;5,76;Rohdaten
2018-05-01;5,75;Rohdaten
2018-05-02;5,75;Rohdaten
2018-05-03;5,75;Rohdaten
2018-05-04;5,76;Rohdaten
2018-05-05;5,77;Rohdaten
2018-05-06;5,77;Rohdaten
2018-05-07;5,78;Rohdaten
2018-05-08;5,75;Rohdaten
2018-05-09;5,74;Rohdaten
2018-05-10;5,72;Rohdaten
2018-05-11;5,71;Rohdaten
2018-05-12;5,73;Rohdaten
2018-05-13;5,72;Rohdaten
2018-05-14;5,71;Rohdaten
2018-05-15;5,70;Rohdaten
2018-05-16;5,70;Rohdaten
2018-05-17;5,68;Rohdaten
2018-05-18;5,68;Rohdaten
2018-05-19;5,69;Rohdaten
2018-05-20;5,68;Rohdaten
2018-05-21;5,64;Rohdaten
2018-05-22;5,66;Rohdaten
2018-05-23;5,66;Rohdaten
2018-05-24;5,65;Rohdaten
2018-05-25;5,65;Rohdaten
2018-05-26;5,65;Rohdaten
2018-05-27;5,66;Rohdaten
2018-05-28;5,62;Rohdaten
2018-05-29;5,63;Rohdaten
2018-05-30;5,58;Rohdaten
2018-05-31;5,60;Rohdaten
2018-06-01;5,58;Rohdaten
2018-06-02;5,57;Rohdaten
2018-06-03;5,56;Rohdaten
2018-06-04;5,58;Rohdaten
2018-06-05;5,55;Rohdaten
2018-06-06;5,52;Rohdaten
2018-06-07;5,50;Rohdaten
2018-06-08;5,53;Rohdaten
2018-06-09;5,50;Rohdaten
2018-06-10;5,46;Rohdaten
2018-06-11;5,46;Rohdaten
2018-06-12;5,46;Rohdaten
2018-06-13;5,43;Rohdaten
2018-06-14;5,44;Rohdaten
2018-06-15;5,42;Rohdaten
2018-06-16;5,42;Rohdaten
2018-06-17;5,40;Rohdaten
2018-06-18;5,38;Rohdaten
2018-06-19;5,38;Rohdaten
2018-06-20;5,34;Rohdaten
2018-06-21;5,34;Rohdaten
2018-06-22;5,34;Rohdaten
2018-06-23;5,34;Rohdaten
2018-06-24;5,30;Rohdaten
2018-06-25;5,28;Rohdaten
2018-06-26;5,26;Rohdaten
2018-06-27;5,24;Rohdaten
2018-06-28;5,24;Rohdaten
2018-06-29;5,21;Rohdaten
2018-06-30;5,20;Rohdaten
2018-07-01;5,17;Rohdaten
2018-07-02;5,15;Rohdaten
2018-07-03;5,15;Rohdaten
2018-07-04;5,13;Rohdaten
2018-07-05;5,11;Rohdaten
2018-07-06;5,11;Rohdaten
2018-07-07;5,10;Rohdaten
2018-07-08;5,09;Rohdaten
2018-07-09;5,08;Rohdaten
2018-07-10;5,07;Rohdaten
2018-07-11;5,08;Rohdaten
2018-07-12;5,08;Rohdaten
2018-07-13;5,07;Rohdaten
2018-07-14;5,03;Rohdaten
2018-07-15;5,03;Rohdaten
2018-07-16;5,02;Rohdaten
2018-07-17;5,01;Rohdaten
2018-07-18;4,99;Rohdaten
2018-07-19;4,97;Rohdaten
2018-07-20;4,99;Rohdaten
2018-07-21;4,97;Rohdaten
2018-07-22;4,95;Rohdaten
2018-07-23;4,92;Rohdaten
2018-07-24;4,92;Rohdaten
2018-07-25;4,90;Rohdaten
2018-07-26;4,90;Rohdaten
2018-07-27;4,87;Rohdaten
2018-07-28;4,87;Rohdaten
2018-07-29;4,86;Rohdaten
2018-07-30;4,83;Rohdaten
2018-07-31;4,83;Rohdaten
2018-08-01;4,81;Rohdaten
2018-08-02;4,80;Rohdaten
2018-08-03;4,79;Rohdaten
2018-08-04;4,79;Rohdaten
2018-08-05;4,75;Rohdaten
2018-08-06;4,76;Rohdaten
2018-08-07;4,75;Rohdaten
2018-08-08;4,73;Rohdaten
2018-08-09;4,72;Rohdaten
2018-08-10;4,71;Rohdaten
2018-08-11;4,70;Rohdaten
2018-08-12;4,69;Rohdaten
2018-08-13;4,66;Rohdaten
2018-08-14;4,65;Rohdaten
2018-08-15;4,64;Rohdaten
2018-08-16;4,62;Rohdaten
2018-08-17;4,61;Rohdaten
2018-08-18;4,58;Rohdaten
2018-08-19;4,56;Rohdaten
2018-08-20;4,54;Rohdaten
2018-08-21;4,53;Rohdaten
2018-08-22;4,51;Rohdaten
2018-08-23;4,51;Rohdaten
2018-08-24;4,51;Rohdaten
2018-08-25;4,49;Rohdaten
2018-08-26;4,47;Rohdaten
2018-08-27;4,45;Rohdaten
2018-08-28;4,43;Rohdaten
2018-08-29;4,42;Rohdaten
2018-08-30;4,40;Rohdaten
2018-08-31;4,38;Rohdaten
2018-09-01;4,37;Rohdaten
2018-09-02;4,36;Rohdaten
2018-09-03;4,36;Rohdaten
2018-09-04;4,35;Rohdaten
2018-09-05;4,33;Rohdaten
2018-09-06;4,31;Rohdaten
2018-09-07;4,31;Rohdaten
2018-09-08;4,26;Rohdaten
2018-09-09;4,28;Rohdaten
2018-09-10;4,27;Rohdaten
2018-09-11;4,25;Rohdaten
2018-09-12;4,25;Rohdaten
2018-09-13;4,24;Rohdaten
2018-09-14;4,22;Rohdaten
2018-09-15;4,21;Rohdaten
2018-09-16;4,22;Rohdaten
2018-09-17;4,23;Rohdaten
2018-09-18;4,22;Rohdaten
2018-09-19;4,20;Rohdaten
2018-09-20;4,17;Rohdaten
2018-09-21;4,16;Rohdaten
2018-09-22;4,15;Rohdaten
2018-09-23;4,16;Rohdaten
2018-09-24;4,14;Rohdaten
2018-09-25;4,13;Rohdaten
2018-09-26;4,11;Rohdaten
2018-09-27;4,10;Rohdaten
2018-09-28;4,09;Rohdaten
2018-09-29;4,08;Rohdaten
2018-09-30;4,06;Rohdaten
2018-10-01;4,05;Rohdaten
2018-10-02;4,04;Rohdaten
2018-10-03;4,05;Rohdaten
2018-10-04;4,01;Rohdaten
2018-10-05;4,01;Rohdaten
2018-10-06;4,00;Rohdaten
2018-10-07;4,01;Rohdaten
2018-10-08;4,00;Rohdaten
2018-10-09;4,01;Rohdaten
2018-10-10;3,96;Rohdaten
2018-10-11;3,95;Rohdaten
2018-10-12;3,93;Rohdaten
2018-10-13;3,89;Rohdaten
2018-10-14;3,88;Rohdaten
2018-10-15;3,87;Rohdaten
2018-10-16;3,85;Rohdaten
2018-10-17;3,83;Rohdaten
2018-10-18;3,82;Rohdaten
2018-10-19;3,81;Rohdaten
2018-10-20;3,81;Rohdaten
2018-10-21;3,80;Rohdaten
2018-10-22;3,79;Rohdaten
2018-10-23;3,79;Rohdaten
2018-10-24;3,76;Rohdaten
2018-10-25;3,75;Rohdaten
2018-10-26;3,76;Rohdaten
2018-10-27;3,76;Rohdaten
2018-10-28;3,76;Rohdaten
2018-10-29;3,75;Rohdaten
2018-10-30;3,73;Rohdaten
2018-10-31;3,71;Rohdaten
2018-11-01;3,72;Rohdaten
2018-11-02;3,73;Rohdaten
2018-11-03;3,71;Rohdaten
2018-11-04;3,69;Rohdaten
2018-11-05;3,68;Rohdaten
2018-11-06;3,68;Rohdaten
2018-11-07;3,67;Rohdaten
2018-11-08;3,67;Rohdaten
2018-11-09;3,67;Rohdaten
2018-11-10;3,65;Rohdaten
2018-11-11;3,66;Rohdaten
2018-11-12;3,65;Rohdaten
2018-11-13;3,64;Rohdaten
2018-11-14;3,62;Rohdaten
2018-11-15;3,61;Rohdaten
2018-11-16;3,59;Rohdaten
2018-11-17;3,58;Rohdaten
2018-11-18;3,58;Rohdaten
2018-11-19;3,56;Rohdaten
2018-11-20;3,55;Rohdaten
2018-11-21;3,55;Rohdaten
2018-11-22;3,55;Rohdaten
2018-11-23;3,55;Rohdaten
2018-11-24;3,53;Rohdaten
2018-11-25;3,52;Rohdaten
2018-11-26;3,51;Rohdaten
2018-11-27;3,51;Rohdaten
2018-11-28;3,53;Rohdaten
2018-11-29;3,50;Rohdaten
2018-11-30;3,48;Rohdaten
2018-12-01;3,45;Rohdaten
2018-12-02;3,46;Rohdaten
2018-12-03;3,64;Rohdaten
2018-12-04;3,92;Rohdaten
2018-12-05;3,57;Rohdaten
2018-12-06;3,52;Rohdaten
2018-12-07;3,54;Rohdaten
2018-12-08;3,62;Rohdaten
2018-12-09;3,72;Rohdaten
2018-12-10;3,83;Rohdaten
2018-12-11;3,92;Rohdaten
2018-12-12;3,94;Rohdaten
2018-12-13;3,90;Rohdaten
2018-12-14;3,88;Rohdaten
2018-12-15;3,86;Rohdaten
2018-12-16;3,87;Rohdaten
2018-12-17;3,87;Rohdaten
2018-12-18;3,85;Rohdaten
2018-12-19;3,82;Rohdaten
2018-12-20;3,79;Rohdaten
2018-12-21;3,79;Rohdaten
2018-12-22;3,94;Rohdaten
2018-12-23;3,85;Rohdaten
2018-12-24;4,22;Rohdaten
2018-12-25;3,91;Rohdaten
2018-12-26;3,87;Rohdaten
2018-12-27;3,94;Rohdaten
2018-12-28;4,11;Rohdaten
2018-12-29;4,34;Rohdaten
2018-12-30;4,48;Rohdaten
2018-12-31;4,56;Rohdaten
2019-01-01;4,53;Rohdaten
2019-01-02;4,49;Rohdaten
2019-01-03;4,45;Rohdaten
2019-01-04;4,42;Rohdaten
2019-01-05;4,37;Rohdaten
2019-01-06;4,40;Rohdaten
2019-01-07;4,41;Rohdaten
2019-01-08;4,35;Rohdaten
2019-01-09;4,42;Rohdaten
2019-01-10;4,32;Rohdaten
2019-01-11;4,32;Rohdaten
2019-01-12;4,34;Rohdaten
2019-01-13;4,47;Rohdaten
2019-01-14;4,84;Rohdaten
2019-01-15;4,73;Rohdaten
2019-01-16;4,72;Rohdaten
2019-01-17;4,79;Rohdaten
2019-01-18;4,95;Rohdaten
2019-01-19;5,12;Rohdaten
2019-01-20;5,23;Rohdaten
2019-01-21;5,31;Rohdaten
2019-01-22;5,30;Rohdaten
2019-01-23;5,26;Rohdaten
2019-01-24;5,22;Rohdaten
2019-01-25;5,20;Rohdaten
2019-01-26;5,18;Rohdaten
2019-01-27;5,15;Rohdaten
2019-01-28;5,13;Rohdaten
2019-01-29;5,13;Rohdaten
2019-01-30;5,13;Rohdaten
2019-01-31;5,11;Rohdaten
2019-02-01;5,12;Rohdaten
2019-02-02;5,10;Rohdaten
2019-02-03;5,13;Rohdaten
2019-02-04;5,16;Rohdaten
2019-02-05;5,20;Rohdaten
2019-02-06;5,22;Rohdaten
2019-02-07;5,23;Rohdaten
2019-02-08;5,24;Rohdaten
2019-02-09;5,23;Rohdaten
2019-02-10;5,21;Rohdaten
2019-02-11;5,25;Rohdaten
2019-02-12;5,32;Rohdaten
2019-02-13;5,33;Rohdaten
2019-02-14;5,33;Rohdaten
2019-02-15;5,37;Rohdaten
2019-02-16;5,42;Rohdaten
2019-02-17;5,46;Rohdaten
2019-02-18;5,50;Rohdaten
2019-02-19;5,52;Rohdaten
2019-02-20;5,55;Rohdaten
2019-02-21;5,56;Rohdaten
2019-02-22;5,64;Rohdaten
2019-02-23;5,69;Rohdaten
2019-02-24;5,63;Rohdaten
2019-02-25;5,62;Rohdaten
2019-02-26;5,61;Rohdaten
2019-02-27;5,63;Rohdaten
2019-02-28;5,64;Rohdaten
2019-03-01;5,64;Rohdaten
2019-03-02;5,64;Rohdaten
2019-03-03;5,68;Rohdaten
2019-03-04;5,65;Rohdaten
2019-03-05;5,63;Rohdaten
2019-03-06;5,64;Rohdaten
2019-03-07;5,64;Rohdaten
2019-03-08;5,63;Rohdaten
2019-03-09;5,64;Rohdaten
2019-03-10;5,64;Rohdaten
2019-03-11;5,67;Rohdaten
2019-03-12;5,71;Rohdaten
2019-03-13;5,70;Rohdaten
2019-03-14;5,73;Rohdaten
2019-03-15;5,75;Rohdaten
2019-03-16;5,91;Rohdaten
2019-03-17;5,91;Rohdaten
2019-03-18;5,88;Rohdaten
2019-03-19;5,89;Rohdaten
2019-03-20;5,95;Rohdaten
2019-03-21;6,03;Rohdaten
2019-03-22;6,09;Rohdaten
2019-03-23;6,15;Rohdaten
2019-03-24;6,19;Rohdaten
2019-03-25;6,16;Rohdaten
2019-03-26;6,18;Rohdaten
2019-03-27;6,17;Rohdaten
2019-03-28;6,20;Rohdaten
2019-03-29;6,20;Rohdaten
2019-03-30;6,19;Rohdaten
2019-03-31;6,18;Rohdaten
2019-04-01;6,18;Rohdaten
2019-04-02;6,16;Rohdaten
2019-04-03;6,16;Rohdaten
2019-04-04;6,17;Rohdaten
2019-04-05;6,14;Rohdaten
2019-04-06;6,13;Rohdaten
2019-04-07;6,17;Rohdaten
2019-04-08;6,16;Rohdaten
2019-04-09;6,18;Rohdaten
2019-04-10;6,20;Rohdaten
2019-04-11;6,18;Rohdaten
2019-04-12;6,19;Rohdaten
2019-04-13;6,18;Rohdaten
2019-04-14;6,21;Rohdaten
2019-04-15;6,22;Rohdaten
2019-04-16;6,21;Rohdaten
2019-04-17;6,22;Rohdaten
2019-04-18;6,22;Rohdaten
2019-04-19;6,22;Rohdaten
2019-04-20;6,23;Rohdaten
2019-04-21;;Rohdaten
2019-04-22;;Rohdaten
2019-04-23;6,19;Rohdaten
2019-04-24;6,17;Rohdaten
2019-04-25;6,17;Rohdaten
2019-04-26;6,17;Rohdaten
2019-04-27;6,20;Rohdaten
2019-04-28;6,22;Rohdaten
2019-04-29;6,21;Rohdaten
2019-04-30;;Rohdaten
2019-05-01;;Rohdaten
2019-05-02;6,17;Rohdaten
2019-05-03;6,18;Rohdaten
2019-05-04;6,17;Rohdaten
2019-05-05;6,19;Rohdaten
2019-05-06;6,17;Rohdaten
2019-05-07;6,16;Rohdaten
2019-05-08;6,15;Rohdaten
2019-05-09;6,14;Rohdaten
2019-05-10;6,13;Rohdaten
2019-05-11;6,11;Rohdaten
2019-05-12;6,11;Rohdaten
2019-05-13;6,12;Rohdaten
2019-05-14;6,10;Rohdaten
2019-05-15;6,08;Rohdaten
2019-05-16;6,07;Rohdaten
2019-05-17;6,05;Rohdaten
2019-05-18;6,05;Rohdaten
2019-05-19;6,03;Rohdaten
2019-05-20;6,00;Rohdaten
2019-05-21;6,01;Rohdaten
2019-05-22;6,03;Rohdaten
2019-05-23;6,03;Rohdaten
2019-05-24;6,03;Rohdaten
2019-05-25;6,00;Rohdaten
2019-05-26;5,99;Rohdaten
2019-05-27;5,96;Rohdaten
2019-05-28;5,93;Rohdaten
2019-05-29;5,95;Rohdaten
2019-05-30;5,97;Rohdaten
2019-05-31;;Rohdaten
2019-06-01;;Rohdaten
2019-06-02;;Rohdaten
2019-06-03;;Rohdaten
2019-06-04;;Rohdaten
2019-06-05;;Rohdaten
2019-06-06;;Rohdaten
2019-06-07;;Rohdaten
2019-06-08;;Rohdaten
2019-06-09;;Rohdaten
2019-06-10;;Rohdaten
2019-06-11;;Rohdaten
2019-06-12;;Rohdaten
2019-06-13;;Rohdaten
2019-06-14;;Rohdaten
2019-06-15;;Rohdaten
2019-06-16;;Rohdaten
2019-06-17;;Rohdaten
2019-06-18;;Rohdaten
2019-06-19;;Rohdaten
2019-06-20;;Rohdaten
2019-06-21;;Rohdaten
2019-06-22;;Rohdaten
2019-06-23;;Rohdaten
2019-06-24;;Rohdaten
2019-06-25;;Rohdaten
2019-06-26;;Rohdaten
2019-06-27;;Rohdaten
2019-06-28;;Rohdaten
2019-06-29;;Rohdaten
2019-06-30;;Rohdaten
2019-07-01;;Rohdaten
2019-07-02;;Rohdaten
2019-07-03;;Rohdaten
2019-07-04;;Rohdaten
2019-07-05;;Rohdaten
2019-07-06;;Rohdaten
2019-07-07;;Rohdaten
2019-07-08;;Rohdaten
2019-07-09;;Rohdaten
2019-07-10;;Rohdaten
2019-07-11;;Rohdaten
2019-07-12;;Rohdaten
2019-07-13;;Rohdaten
2019-07-14;;Rohdaten
2019-07-15;;Rohdaten
2019-07-16;;Rohdaten
2019-07-17;;Rohdaten
2019-07-18;;Rohdaten
2019-07-19;;Rohdaten
2019-07-20;;Rohdaten
2019-07-21;;Rohdaten
2019-07-22;;Rohdaten
2019-07-23;;Rohdaten
2019-07-24;;Rohdaten
2019-07-25;;Rohdaten
2019-07-26;;Rohdaten
2019-07-27;;Rohdaten
2019-07-28;;Rohdaten
2019-07-29;;Rohdaten
2019-07-30;;Rohdaten
2019-07-31;;Rohdaten
2019-08-01;;Rohdaten
2019-08-02;;Rohdaten
2019-08-03;;Rohdaten
2019-08-04;;Rohdaten
2019-08-05;;Rohdaten
2019-08-06;;Rohdaten
2019-08-07;;Rohdaten
2019-08-08;;Rohdaten
2019-08-09;;Rohdaten
2019-08-10;;Rohdaten
2019-08-11;;Rohdaten
2019-08-12;;Rohdaten
2019-08-13;;Rohdaten
2019-08-14;;Rohdaten
2019-08-15;;Rohdaten
2019-08-16;;Rohdaten
2019-08-17;;Rohdaten
2019-08-18;;Rohdaten
2019-08-19;;Rohdaten
2019-08-20;;Rohdaten
2019-08-21;;Rohdaten
2019-08-22;;Rohdaten
2019-08-23;;Rohdaten
2019-08-24;;Rohdaten
2019-08-25;;Rohdaten
2019-08-26;;Rohdaten
2019-08-27;;Rohdaten
2019-08-28;;Rohdaten
2019-08-29;;Rohdaten
2019-08-30;;Rohdaten
2019-08-31;;Rohdaten
2019-09-01;;Rohdaten
2019-09-02;;Rohdaten
2019-09-03;;Rohdaten
2019-09-04;;Rohdaten
2019-09-05;;Rohdaten
2019-09-06;;Rohdaten
2019-09-07;;Rohdaten
2019-09-08;;Rohdaten
2019-09-09;;Rohdaten
2019-09-10;;Rohdaten
2019-09-11;;Rohdaten
2019-09-12;;Rohdaten
2019-09-13;;Rohdaten
2019-09-14;;Rohdaten
2019-09-15;;Rohdaten
2019-09-16;;Rohdaten
2019-09-17;;Rohdaten
2019-09-18;;Rohdaten
2019-09-19;;Rohdaten
2019-09-20;;Rohdaten
2019-09-21;;Rohdaten
2019-09-22;;Rohdaten
2019-09-23;;Rohdaten
2019-09-24;;Rohdaten
2019-09-25;;Rohdaten
2019-09-26;;Rohdaten
2019-09-27;;Rohdaten
2019-09-28;;Rohdaten
2019-09-29;;Rohdaten
2019-09-30;;Rohdaten
2019-10-01;;Rohdaten
2019-10-02;5,02;Rohdaten
2019-10-03;5,05;Rohdaten
2019-10-04;5,01;Rohdaten
2019-10-05;5,01;Rohdaten
2019-10-06;4,99;Rohdaten
2019-10-07;4,95;Rohdaten
2019-10-08;4,92;Rohdaten
2019-10-09;4,96;Rohdaten
2019-10-10;4,96;Rohdaten
2019-10-11;4,91;Rohdaten
2019-10-12;4,91;Rohdaten
2019-10-13;4,92;Rohdaten
2019-10-14;4,96;Rohdaten
2019-10-15;4,96;Rohdaten
2019-10-16;4,99;Rohdaten
2019-10-17;5,00;Rohdaten
2019-10-18;5,00;Rohdaten
2019-10-19;4,94;Rohdaten
2019-10-20;;Rohdaten
2019-10-21;;Rohdaten
2019-10-22;;Rohdaten
2019-10-23;4,86;Rohdaten
2019-10-24;4,82;Rohdaten
2019-10-25;4,80;Rohdaten
2019-10-26;4,78;Rohdaten
2019-10-27;4,78;Rohdaten
2019-10-28;4,76;Rohdaten
2019-10-29;4,77;Rohdaten
2019-10-30;4,76;Rohdaten
2019-10-31;4,75;Rohdaten
2019-11-01;4,72;Rohdaten
2019-11-02;4,72;Rohdaten
2019-11-03;4,71;Rohdaten
2019-11-04;4,71;Rohdaten
2019-11-05;4,71;Rohdaten
2019-11-06;4,68;Rohdaten
2019-11-07;4,68;Rohdaten
2019-11-08;4,67;Rohdaten
2019-11-09;4,67;Rohdaten
2019-11-10;4,68;Rohdaten
2019-11-11;4,67;Rohdaten
2019-11-12;4,65;Rohdaten
2019-11-13;4,65;Rohdaten
2019-11-14;4,64;Rohdaten
2019-11-15;4,64;Rohdaten
2019-11-16;4,64;Rohdaten
2019-11-17;4,63;Rohdaten
2019-11-18;4,64;Rohdaten
2019-11-19;4,62;Rohdaten
2019-11-20;4,62;Rohdaten
2019-11-21;4,59;Rohdaten
2019-11-22;4,58;Rohdaten
2019-11-23;4,56;Rohdaten
2019-11-24;4,54;Rohdaten
2019-11-25;4,54;Rohdaten
2019-11-26;4,53;Rohdaten
2019-11-27;4,52;Rohdaten
2019-11-28;4,48;Rohdaten
2019-11-29;4,49;Rohdaten
2019-11-30;4,47;Rohdaten
2019-12-01;4,44;Rohdaten
2019-12-02;4,45;Rohdaten
2019-12-03;4,44;Rohdaten
2019-12-04;4,41;Rohdaten
2019-12-05;4,40;Rohdaten
2019-12-06;4,39;Rohdaten
2019-12-07;4,37;Rohdaten
2019-12-08;4,37;Rohdaten
2019-12-09;4,37;Rohdaten
2019-12-10;4,36;Rohdaten
2019-12-11;4,35;Rohdaten
2019-12-12;4,32;Rohdaten
2019-12-14;4,30;Rohdaten
2019-12-15;4,32;Rohdaten
2019-12-16;4,30;Rohdaten
2019-12-17;4,30;Rohdaten
2019-12-18;4,30;Rohdaten
2019-12-19;4,28;Rohdaten
2019-12-20;4,27;Rohdaten
2019-12-21;4,27;Rohdaten
2019-12-22;4,26;Rohdaten
2019-12-23;4,26;Rohdaten
2019-12-24;4,27;Rohdaten
2019-12-25;4,29;Rohdaten
2019-12-26;4,31;Rohdaten
2019-12-27;4,29;Rohdaten
2019-12-28;4,28;Rohdaten
2019-12-29;4,29;Rohdaten
2019-12-30;4,29;Rohdaten
2019-12-31;4,28;Rohdaten
2020-01-01;4,29;Rohdaten
2020-01-02;4,31;Rohdaten
2020-01-03;4,28;Rohdaten
2020-01-04;4,25;Rohdaten
2020-01-05;4,25;Rohdaten
2020-01-06;4,25;Rohdaten
2020-01-08;4,22;Rohdaten
2020-01-09;4,21;Rohdaten
2020-01-10;4,20;Rohdaten
2020-01-11;4,19;Rohdaten
2020-01-12;4,18;Rohdaten
2020-01-13;4,16;Rohdaten
2020-01-14;4,15;Rohdaten
2020-01-15;4,13;Rohdaten
2020-01-16;4,13;Rohdaten
2020-01-17;4,11;Rohdaten
2020-01-18;4,10;Rohdaten
2020-01-19;4,09;Rohdaten
2020-01-20;4,08;Rohdaten
2020-01-21;4,06;Rohdaten
2020-01-22;4,04;Rohdaten
2020-01-23;4,04;Rohdaten
2020-01-24;4,02;Rohdaten
2020-01-25;4,03;Rohdaten
2020-01-26;4,01;Rohdaten
2020-01-27;4,00;Rohdaten
2020-01-28;3,99;Rohdaten
2020-01-29;3,99;Rohdaten
2020-01-30;3,99;Rohdaten
2020-01-31;3,98;Rohdaten
2020-02-01;4,00;Rohdaten
2020-02-02;4,10;Rohdaten
2020-02-03;4,16;Rohdaten
2020-02-04;4,27;Rohdaten
2020-02-05;4,13;Rohdaten
2020-02-06;4,09;Rohdaten
2020-02-07;4,11;Rohdaten
2020-02-08;4,17;Rohdaten
2020-02-09;4,23;Rohdaten
2020-02-10;4,29;Rohdaten
2020-02-11;4,34;Rohdaten
2020-02-12;4,36;Rohdaten
2020-02-13;4,39;Rohdaten
2020-02-14;4,47;Rohdaten
2020-02-15;4,40;Rohdaten
2020-02-16;4,36;Rohdaten
2020-02-17;4,35;Rohdaten
2020-02-18;4,38;Rohdaten
2020-02-19;4,42;Rohdaten
2020-02-20;4,45;Rohdaten
2020-02-21;4,47;Rohdaten
2020-02-22;4,48;Rohdaten
2020-02-23;4,48;Rohdaten
2020-02-24;4,49;Rohdaten
2020-02-25;4,49;Rohdaten
2020-02-26;4,49;Rohdaten
2020-02-27;4,47;Rohdaten
2020-02-28;4,48;Rohdaten
2020-02-29;4,57;Rohdaten
2020-03-01;4,67;Rohdaten
2020-03-02;4,61;Rohdaten
2020-03-03;4,57;Rohdaten
2020-03-04;4,63;Rohdaten
2020-03-05;4,67;Rohdaten
2020-03-06;4,74;Rohdaten
2020-03-07;4,79;Rohdaten
2020-03-08;4,86;Rohdaten
2020-03-09;4,88;Rohdaten
2020-03-10;4,90;Rohdaten
2020-03-11;4,90;Rohdaten
2020-03-12;4,89;Rohdaten
2020-03-13;4,90;Rohdaten
2020-03-14;4,89;Rohdaten
2020-03-15;4,88;Rohdaten
2020-03-16;4,89;Rohdaten
2020-03-17;4,90;Rohdaten
2020-03-18;4,90;Rohdaten
2020-03-19;4,91;Rohdaten
2020-03-20;4,89;Rohdaten
2020-03-21;4,88;Rohdaten
2020-03-22;4,87;Rohdaten
2020-03-23;4,86;Rohdaten
2020-03-24;4,85;Rohdaten
2020-03-25;4,84;Rohdaten
2020-03-26;4,84;Rohdaten
2020-03-27;4,82;Rohdaten
2020-03-28;4,83;Rohdaten
2020-03-29;4,84;Rohdaten
2020-03-30;4,84;Rohdaten
2020-03-31;4,83;Rohdaten
2020-04-01;4,81;Rohdaten
2020-04-02;4,81;Rohdaten
2020-04-03;4,80;Rohdaten
2020-04-04;4,78;Rohdaten
2020-04-05;4,77;Rohdaten
2020-04-06;4,77;Rohdaten
2020-04-07;4,76;Rohdaten
2020-04-08;4,75;Rohdaten
2020-04-09;4,75;Rohdaten
2020-04-10;4,74;Rohdaten
2020-04-11;4,74;Rohdaten
2020-04-12;4,74;Rohdaten
2020-04-13;4,73;Rohdaten
2020-04-14;4,73;Rohdaten
2020-04-15;4,72;Rohdaten
2020-04-16;4,72;Rohdaten
2020-04-17;4,70;Rohdaten
2020-04-18;4,71;Rohdaten
2020-04-19;4,71;Rohdaten
2020-04-20;4,70;Rohdaten
2020-04-21;4,70;Rohdaten
2020-04-22;4,71;Rohdaten
2020-04-23;4,71;Rohdaten
2020-04-24;4,70;Rohdaten
2020-04-25;4,69;Rohdaten
2020-04-26;4,67;Rohdaten
2020-04-27;4,68;Rohdaten
2020-04-28;4,70;Rohdaten
2020-04-29;4,68;Rohdaten
2020-04-30;4,69;Rohdaten
2020-05-01;4,69;Rohdaten
2020-05-02;4,68;Rohdaten
2020-05-03;4,67;Rohdaten
2020-05-04;4,68;Rohdaten
2020-05-05;4,68;Rohdaten
2020-05-06;4,70;Rohdaten
2020-05-07;4,70;Rohdaten
2020-05-08;4,69;Rohdaten
2020-05-09;4,69;Rohdaten
2020-05-10;4,68;Rohdaten
2020-05-11;4,67;Rohdaten
2020-05-12;4,70;Rohdaten
2020-05-13;4,68;Rohdaten
2020-05-14;4,69;Rohdaten
2020-05-15;4,67;Rohdaten
2020-05-16;4,69;Rohdaten
2020-05-17;4,69;Rohdaten
2020-05-18;4,70;Rohdaten
2020-05-19;4,72;Rohdaten
2020-05-20;4,72;Rohdaten
2020-05-21;4,76;Rohdaten
2020-05-22;4,77;Rohdaten
2020-05-23;4,77;Rohdaten
2020-05-24;4,78;Rohdaten
2020-05-25;4,78;Rohdaten
2020-05-26;4,75;Rohdaten
2020-05-27;4,77;Rohdaten
2020-05-28;4,75;Rohdaten
2020-05-29;4,76;Rohdaten
2020-05-30;4,75;Rohdaten
2020-05-31;4,74;Rohdaten
2020-06-01;4,74;Rohdaten
2020-06-02;4,73;Rohdaten
2020-06-03;4,74;Rohdaten
2020-06-04;4,71;Rohdaten
2020-06-05;4,70;Rohdaten
2020-06-06;4,69;Rohdaten
2020-06-07;4,69;Rohdaten
2020-06-08;4,69;Rohdaten
2020-06-09;4,69;Rohdaten
2020-06-10;4,68;Rohdaten
2020-06-11;4,68;Rohdaten
2020-06-12;4,69;Rohdaten
2020-06-13;4,69;Rohdaten
2020-06-14;4,70;Rohdaten
2020-06-15;4,75;Rohdaten
2020-06-16;4,77;Rohdaten
2020-06-17;4,75;Rohdaten
2020-06-18;4,78;Rohdaten
2020-06-19;4,78;Rohdaten
2020-06-20;4,80;Rohdaten
2020-06-21;4,82;Rohdaten
2020-06-22;4,82;Rohdaten
2020-06-23;4,82;Rohdaten
2020-06-24;4,84;Rohdaten
2020-06-25;4,86;Rohdaten
2020-06-26;4,85;Rohdaten
2020-06-27;4,85;Rohdaten
2020-06-28;4,83;Rohdaten
2020-06-29;4,82;Rohdaten
2020-06-30;4,81;Rohdaten
2020-07-01;4,82;Rohdaten
2020-07-02;4,81;Rohdaten
2020-07-04;4,81;Rohdaten
2020-07-05;4,78;Rohdaten
2020-07-06;4,77;Rohdaten
2020-07-07;4,78;Rohdaten
2020-07-08;4,75;Rohdaten
2020-07-09;4,75;Rohdaten
2020-07-10;4,75;Rohdaten
2020-07-11;4,76;Rohdaten
2020-07-12;4,76;Rohdaten
2020-07-13;4,75;Rohdaten
2020-07-14;4,75;Rohdaten
2020-07-15;4,73;Rohdaten
2020-07-16;4,71;Rohdaten
2020-07-17;4,69;Rohdaten
2020-07-18;4,64;Rohdaten
2020-07-19;4,64;Rohdaten
2020-07-20;4,63;Rohdaten
2020-07-21;4,60;Rohdaten
2020-07-22;4,61;Rohdaten
2020-07-23;4,61;Rohdaten
2020-07-24;4,60;Rohdaten
2020-07-25;4,60;Rohdaten
2020-07-26;4,57;Rohdaten
2020-07-27;4,58;Rohdaten
2020-07-28;4,58;Rohdaten
2020-07-29;4,57;Rohdaten
2020-07-30;4,58;Rohdaten
2020-07-31;4,58;Rohdaten
2020-08-01;4,58;Rohdaten
2020-08-02;4,60;Rohdaten
2020-08-03;4,61;Rohdaten
2020-08-04;4,70;Rohdaten
2020-08-05;4,69;Rohdaten
2020-08-06;4,69;Rohdaten
2020-08-07;4,68;Rohdaten
2020-08-08;4,69;Rohdaten
2020-08-09;4,72;Rohdaten
2020-08-10;4,73;Rohdaten
2020-08-11;4,74;Rohdaten
2020-08-12;4,73;Rohdaten
2020-08-13;4,76;Rohdaten
2020-08-14;4,75;Rohdaten
2020-08-15;4,74;Rohdaten
2020-08-16;4,96;Rohdaten
2020-08-17;4,99;Rohdaten
2020-08-18;5,02;Rohdaten
2020-08-19;5,07;Rohdaten
2020-08-20;5,12;Rohdaten
2020-08-21;5,14;Rohdaten
2020-08-22;5,14;Rohdaten
2020-08-23;5,14;Rohdaten
2020-08-24;5,14;Rohdaten
2020-08-25;5,13;Rohdaten
2020-08-26;5,13;Rohdaten
2020-08-27;5,11;Rohdaten
2020-08-28;5,07;Rohdaten
2020-08-29;4,72;Rohdaten
2020-08-30;4,81;Rohdaten
2020-08-31;4,79;Rohdaten
2020-09-01;4,76;Rohdaten
2020-09-02;4,77;Rohdaten
2020-09-03;4,77;Rohdaten
2020-09-04;4,80;Rohdaten
2020-09-05;4,83;Rohdaten
2020-09-06;4,87;Rohdaten
2020-09-07;4,88;Rohdaten
2020-09-08;4,88;Rohdaten
2020-09-09;4,89;Rohdaten
2020-09-10;4,85;Rohdaten
2020-09-11;4,84;Rohdaten
2020-09-12;4,83;Rohdaten
2020-09-13;4,80;Rohdaten
2020-09-14;4,80;Rohdaten
2020-09-15;4,77;Rohdaten
2020-09-16;4,77;Rohdaten
2020-09-17;4,76;Rohdaten
2020-09-18;4,74;Rohdaten
2020-09-19;4,75;Rohdaten
2020-09-20;4,72;Rohdaten
2020-09-21;4,71;Rohdaten
2020-09-22;4,68;Rohdaten
2020-09-23;4,69;Rohdaten
2020-09-24;4,68;Rohdaten
2020-09-25;4,67;Rohdaten
2020-09-26;4,67;Rohdaten
2020-09-27;4,70;Rohdaten
2020-09-28;4,67;Rohdaten
2020-09-29;4,67;Rohdaten
2020-09-30;4,69;Rohdaten
2020-10-01;4,70;Rohdaten
2020-10-02;4,71;Rohdaten
2020-10-03;4,72;Rohdaten
2020-10-04;4,72;Rohdaten
2020-10-05;4,72;Rohdaten
2020-10-06;4,70;Rohdaten
2020-10-07;4,68;Rohdaten
2020-10-08;4,68;Rohdaten
2020-10-09;4,65;Rohdaten
2020-10-10;4,63;Rohdaten
2020-10-11;4,61;Rohdaten
2020-10-12;4,60;Rohdaten
2020-10-13;4,59;Rohdaten
2020-10-14;4,59;Rohdaten
2020-10-15;4,58;Rohdaten
2020-10-16;4,56;Rohdaten
2020-10-17;4,56;Rohdaten
2020-10-18;4,55;Rohdaten
2020-10-19;4,52;Rohdaten
2020-10-20;4,51;Rohdaten
2020-10-21;4,51;Rohdaten
2020-10-22;4,49;Rohdaten
2020-10-23;4,49;Rohdaten
2020-10-24;4,47;Rohdaten
2020-10-25;4,47;Rohdaten
2020-10-26;4,48;Rohdaten
2020-10-27;4,47;Rohdaten
2020-10-28;4,45;Rohdaten
2020-10-29;4,45;Rohdaten
2020-10-30;4,47;Rohdaten
2020-10-31;4,46;Rohdaten
2020-11-01;4,46;Rohdaten
2020-11-02;4,47;Rohdaten
2020-11-03;4,48;Rohdaten
2020-11-04;4,48;Rohdaten
2020-11-05;4,50;Rohdaten
2020-11-06;4,50;Rohdaten
2020-11-07;4,49;Rohdaten
2020-11-08;4,50;Rohdaten
2020-11-09;4,51;Rohdaten
2020-11-10;4,50;Rohdaten
2020-11-11;4,49;Rohdaten
2020-11-12;4,47;Rohdaten
2020-11-13;4,46;Rohdaten
2020-11-14;4,46;Rohdaten
2020-11-15;4,48;Rohdaten
2020-11-16;4,45;Rohdaten
2020-11-17;4,45;Rohdaten
2020-11-18;4,46;Rohdaten
2020-11-19;4,46;Rohdaten
2020-11-20;4,46;Rohdaten
2020-11-21;4,47;Rohdaten
2020-11-22;4,46;Rohdaten
2020-11-23;4,45;Rohdaten
2020-11-24;4,46;Rohdaten
2020-11-25;4,45;Rohdaten
2020-11-26;4,45;Rohdaten
2020-11-27;4,45;Rohdaten
2020-11-28;4,45;Rohdaten
2020-11-29;4,44;Rohdaten
2020-11-30;4,42;Rohdaten
2020-12-01;4,41;Rohdaten
2020-12-02;4,41;Rohdaten
2020-12-03;4,39;Rohdaten
2020-12-04;4,38;Rohdaten
2020-12-05;4,37;Rohdaten
2020-12-06;4,36;Rohdaten
2020-12-07;4,36;Rohdaten
2020-12-08;4,35;Rohdaten
2020-12-09;4,34;Rohdaten
2020-12-10;4,34;Rohdaten
2020-12-11;4,32;Rohdaten
2020-12-12;4,30;Rohdaten
2020-12-13;4,32;Rohdaten
2020-12-14;4,33;Rohdaten
2020-12-15;4,33;Rohdaten
2020-12-16;4,35;Rohdaten
2020-12-17;4,35;Rohdaten
2020-12-18;4,35;Rohdaten
2020-12-19;4,34;Rohdaten
2020-12-20;4,33;Rohdaten
2020-12-21;4,34;Rohdaten
2020-12-22;4,34;Rohdaten
2020-12-23;4,34;Rohdaten
2020-12-24;4,41;Rohdaten
2020-12-25;4,48;Rohdaten
2020-12-26;4,44;Rohdaten
2020-12-27;4,41;Rohdaten
2020-12-28;4,39;Rohdaten
2020-12-29;4,41;Rohdaten
2020-12-30;4,45;Rohdaten
2020-12-31;4,50;Rohdaten
2021-01-01;4,54;Rohdaten
2021-01-02;4,57;Rohdaten
2021-01-03;4,59;Rohdaten
2021-01-04;4,59;Rohdaten
2021-01-05;4,57;Rohdaten
2021-01-06;4,55;Rohdaten
2021-01-07;4,53;Rohdaten
2021-01-08;4,51;Rohdaten
2021-01-09;4,50;Rohdaten
2021-01-10;4,51;Rohdaten
2021-01-11;4,50;Rohdaten
2021-01-12;4,50;Rohdaten
2021-01-13;4,48;Rohdaten
2021-01-14;4,47;Rohdaten
2021-01-15;4,48;Rohdaten
2021-01-16;4,47;Rohdaten
2021-01-17;4,47;Rohdaten
2021-01-18;4,47;Rohdaten
2021-01-19;4,45;Rohdaten
2021-01-20;4,47;Rohdaten
2021-01-21;4,47;Rohdaten
2021-01-22;4,45;Rohdaten
2021-01-23;4,45;Rohdaten
2021-01-24;4,43;Rohdaten
2021-01-25;4,44;Rohdaten
2021-01-26;4,45;Rohdaten
2021-01-27;4,44;Rohdaten
2021-01-28;4,52;Rohdaten
2021-01-29;5,18;Rohdaten
2021-01-30;5,26;Rohdaten
2021-01-31;4,91;Rohdaten
2021-02-01;4,78;Rohdaten
2021-02-02;5,05;Rohdaten
2021-02-03;5,85;Rohdaten
2021-02-04;6,07;Rohdaten
2021-02-05;6,17;Rohdaten
2021-02-06;6,37;Rohdaten
2021-02-07;6,57;Rohdaten
2021-02-08;6,76;Rohdaten
2021-02-09;6,91;Rohdaten
2021-02-10;7,04;Rohdaten
2021-02-11;7,12;Rohdaten
2021-02-12;7,14;Rohdaten
2021-02-13;7,11;Rohdaten
2021-02-14;7,06;Rohdaten
2021-02-15;6,99;Rohdaten
2021-02-16;6,91;Rohdaten
2021-02-17;6,84;Rohdaten
2021-02-18;6,77;Rohdaten
2021-02-19;6,75;Rohdaten
2021-02-20;6,74;Rohdaten
2021-02-21;6,69;Rohdaten
2021-02-22;6,69;Rohdaten
2021-02-23;6,73;Rohdaten
2021-02-24;6,75;Rohdaten
2021-02-25;6,78;Rohdaten
2021-02-26;6,79;Rohdaten
2021-02-27;6,80;Rohdaten
2021-02-28;6,82;Rohdaten
2021-03-01;6,84;Rohdaten
2021-03-02;6,83;Rohdaten
2021-03-03;6,84;Rohdaten
2021-03-04;6,86;Rohdaten
2021-03-05;6,85;Rohdaten
2021-03-06;6,86;Rohdaten
2021-03-07;6,86;Rohdaten
2021-03-08;6,88;Rohdaten
2021-03-09;6,90;Rohdaten
2021-03-10;6,93;Rohdaten
2021-03-11;6,93;Rohdaten
2021-03-12;6,94;Rohdaten
2021-03-13;6,98;Rohdaten
2021-03-14;7,02;Rohdaten
2021-03-15;7,04;Rohdaten
2021-03-16;7,06;Rohdaten
2021-03-17;7,08;Rohdaten
2021-03-18;7,13;Rohdaten
2021-03-19;7,17;Rohdaten
2021-03-20;7,21;Rohdaten
2021-03-21;7,24;Rohdaten
2021-03-22;7,25;Rohdaten
2021-03-23;7,25;Rohdaten
2021-03-24;7,35;Rohdaten
2021-03-25;7,36;Rohdaten
2021-03-26;7,40;Rohdaten
2021-03-27;7,42;Rohdaten
2021-03-28;7,45;Rohdaten
2021-03-29;7,47;Rohdaten
2021-03-30;7,52;Rohdaten
2021-03-31;7,52;Rohdaten
2021-04-01;7,54;Rohdaten
2021-04-02;7,57;Rohdaten
2021-04-03;7,56;Rohdaten
2021-04-04;7,58;Rohdaten
2021-04-05;7,58;Rohdaten
2021-04-06;7,54;Rohdaten
2021-07-26;4,76;Rohdaten
2021-07-27;4,75;Rohdaten
2021-07-28;4,72;Rohdaten
2021-07-29;4,70;Rohdaten
2021-07-30;4,70;Rohdaten
2021-07-31;4,65;Rohdaten
2021-08-01;4,66;Rohdaten
2021-08-02;4,64;Rohdaten
2021-08-03;4,66;Rohdaten
2021-08-04;4,63;Rohdaten
2021-08-05;4,64;Rohdaten
2021-08-06;4,65;Rohdaten
2021-08-07;4,67;Rohdaten
2021-08-08;4,67;Rohdaten
2021-08-09;4,67;Rohdaten
2021-08-10;4,68;Rohdaten
2021-08-11;4,67;Rohdaten
2021-08-12;4,66;Rohdaten
2021-08-13;4,66;Rohdaten
2021-08-14;4,66;Rohdaten
2021-08-15;4,63;Rohdaten
2021-08-16;4,63;Rohdaten
2021-08-17;4,64;Rohdaten
2021-08-18;4,63;Rohdaten
2021-08-19;4,65;Rohdaten
2021-08-20;4,62;Rohdaten
2021-08-21;4,60;Rohdaten
2021-08-22;4,57;Rohdaten
2021-08-23;4,57;Rohdaten
2021-08-24;4,56;Rohdaten
2021-08-25;4,57;Rohdaten
2021-08-26;4,58;Rohdaten
2021-08-27;4,58;Rohdaten
2021-08-28;4,59;Rohdaten
2021-08-29;4,61;Rohdaten
2021-08-30;4,84;Rohdaten
2021-08-31;4,71;Rohdaten
2021-09-01;4,68;Rohdaten
2021-09-02;4,71;Rohdaten
2021-09-03;4,74;Rohdaten
2021-09-04;4,80;Rohdaten
2021-09-05;4,85;Rohdaten
2021-09-06;4,88;Rohdaten
2021-09-07;4,88;Rohdaten
2021-09-08;4,88;Rohdaten
2021-09-09;4,84;Rohdaten
2021-09-10;4,82;Rohdaten
2021-09-11;4,81;Rohdaten
2021-09-12;4,80;Rohdaten
2021-09-13;4,76;Rohdaten
2021-09-14;4,74;Rohdaten
2021-09-15;4,74;Rohdaten
2021-09-16;4,70;Rohdaten
2021-09-17;4,67;Rohdaten
2021-09-18;4,67;Rohdaten
2021-09-19;4,66;Rohdaten
2021-09-20;4,65;Rohdaten
2021-09-21;4,63;Rohdaten
2021-09-22;4,63;Rohdaten
2021-09-23;4,61;Rohdaten
2021-09-24;4,62;Rohdaten
2021-09-25;4,62;Rohdaten
2021-09-26;4,61;Rohdaten
2021-09-27;4,59;Rohdaten
2021-09-28;4,57;Rohdaten
2021-09-29;4,56;Rohdaten
2021-09-30;4,54;Rohdaten
2021-10-01;4,53;Rohdaten
2021-10-02;4,51;Rohdaten
2021-10-03;4,49;Rohdaten
2021-10-04;4,49;Rohdaten
2021-10-05;4,48;Rohdaten
2021-10-06;4,49;Rohdaten
2021-10-07;4,48;Rohdaten
2021-10-08;4,48;Rohdaten
2021-10-09;4,47;Rohdaten
2021-10-10;4,43;Rohdaten
2021-10-11;4,44;Rohdaten
2021-10-12;4,43;Rohdaten
2021-10-13;4,43;Rohdaten
2021-10-14;4,42;Rohdaten
2021-10-15;4,39;Rohdaten
2021-10-16;4,38;Rohdaten
2021-10-17;4,36;Rohdaten
2021-10-18;4,36;Rohdaten
2021-10-19;4,35;Rohdaten
2021-10-20;4,32;Rohdaten
2021-10-21;4,31;Rohdaten
2021-10-22;4,29;Rohdaten
2021-10-23;4,33;Rohdaten
2021-10-24;4,28;Rohdaten
2021-10-25;4,30;Rohdaten
2021-10-26;4,32;Rohdaten
2021-10-27;4,27;Rohdaten
2021-10-28;4,29;Rohdaten
2021-10-29;4,25;Rohdaten
2021-10-30;4,24;Rohdaten
2021-10-31;4,26;Rohdaten
2021-11-01;4,23;Rohdaten
2021-11-02;4,22;Rohdaten
2021-11-03;4,25;Rohdaten
2021-11-04;4,23;Rohdaten
2021-11-05;4,20;Rohdaten
2021-11-06;4,21;Rohdaten
2021-11-07;4,22;Rohdaten
2021-11-08;4,21;Rohdaten
2021-11-09;4,24;Rohdaten
2021-11-10;4,22;Rohdaten
2021-11-11;4,21;Rohdaten
2021-11-12;4,20;Rohdaten
2021-11-13;4,19;Rohdaten
2021-11-14;4,22;Rohdaten
2021-11-15;4,20;Rohdaten
2021-11-16;4,21;Rohdaten
2021-11-17;4,21;Rohdaten
2021-11-18;4,20;Rohdaten
2021-11-19;4,21;Rohdaten
2021-11-20;4,21;Rohdaten
2021-11-21;4,19;Rohdaten
2021-11-22;4,17;Rohdaten
2021-11-23;4,18;Rohdaten
2021-11-24;4,16;Rohdaten
2021-11-25;4,14;Rohdaten
2021-11-26;4,14;Rohdaten
2021-11-27;4,16;Rohdaten
2021-11-28;4,15;Rohdaten
2021-11-29;4,13;Rohdaten
2021-11-30;4,16;Rohdaten
2021-12-01;4,15;Rohdaten
2021-12-02;4,20;Rohdaten
2021-12-03;4,17;Rohdaten
2021-12-04;4,15;Rohdaten
2021-12-05;4,17;Rohdaten
2021-12-06;4,16;Rohdaten
2021-12-07;4,19;Rohdaten
2021-12-08;4,19;Rohdaten
2021-12-09;4,20;Rohdaten
2021-12-10;4,22;Rohdaten
2021-12-11;4,24;Rohdaten
2021-12-12;4,25;Rohdaten
2021-12-13;4,25;Rohdaten
2021-12-14;4,36;Rohdaten
2021-12-15;4,31;Rohdaten
2021-12-16;4,28;Rohdaten
2021-12-17;4,25;Rohdaten
2021-12-18;4,26;Rohdaten
2021-12-19;4,29;Rohdaten
2021-12-20;4,27;Rohdaten
2021-12-21;4,27;Rohdaten
2021-12-22;4,28;Rohdaten
2021-12-23;4,23;Rohdaten
2021-12-24;4,19;Rohdaten
2021-12-25;4,19;Rohdaten
2021-12-26;4,19;Rohdaten
2021-12-27;4,15;Rohdaten
2021-12-28;4,18;Rohdaten
2021-12-29;4,44;Rohdaten
2021-12-30;4,29;Rohdaten
2021-12-31;4,22;Rohdaten
2022-01-01;4,24;Rohdaten
2022-01-02;4,34;Rohdaten
2022-01-03;4,43;Rohdaten
2022-01-04;4,51;Rohdaten
2022-01-05;4,69;Rohdaten
2022-01-06;4,65;Rohdaten
2022-01-07;4,65;Rohdaten
2022-01-08;4,63;Rohdaten
2022-01-09;4,63;Rohdaten
2022-01-10;4,64;Rohdaten
2022-01-11;4,67;Rohdaten
2022-01-12;4,68;Rohdaten
2022-01-13;4,68;Rohdaten
2022-01-14;4,65;Rohdaten
2022-01-15;4,62;Rohdaten
2022-01-16;4,61;Rohdaten
2022-01-17;4,60;Rohdaten
2022-01-18;4,58;Rohdaten
2022-01-19;4,56;Rohdaten
2022-01-20;4,51;Rohdaten
2022-01-21;4,51;Rohdaten
2022-01-22;4,51;Rohdaten
2022-01-23;4,52;Rohdaten
2022-01-24;4,49;Rohdaten
2022-01-25;4,51;Rohdaten
2022-01-26;4,50;Rohdaten
2022-01-27;4,49;Rohdaten
2022-01-28;4,48;Rohdaten
2022-01-29;4,49;Rohdaten
2022-01-30;4,46;Rohdaten
2022-01-31;4,48;Rohdaten
2022-02-01;4,49;Rohdaten
2022-02-02;4,47;Rohdaten
2022-02-03;4,47;Rohdaten
2022-02-04;4,47;Rohdaten
2022-02-05;4,47;Rohdaten
2022-02-06;4,49;Rohdaten
2022-02-07;4,54;Rohdaten
2022-02-08;4,56;Rohdaten
2022-02-09;4,58;Rohdaten
2022-02-10;4,58;Rohdaten
2022-02-11;4,58;Rohdaten
2022-02-12;4,60;Rohdaten
2022-02-13;4,62;Rohdaten
2022-02-14;4,63;Rohdaten
2022-02-15;4,61;Rohdaten
2022-02-16;4,62;Rohdaten
2022-02-17;4,63;Rohdaten
2022-02-18;4,63;Rohdaten
2022-02-19;4,62;Rohdaten
2022-02-20;4,61;Rohdaten
2022-02-21;4,62;Rohdaten
2022-02-22;4,65;Rohdaten
2022-02-23;4,68;Rohdaten
2022-02-24;4,66;Rohdaten
2022-02-25;4,67;Rohdaten
2022-02-26;4,72;Rohdaten
2022-02-27;4,73;Rohdaten
2022-02-28;4,75;Rohdaten
2022-03-01;4,75;Rohdaten
2022-03-02;4,76;Rohdaten
2022-03-03;4,76;Rohdaten
2022-03-04;4,76;Rohdaten
2022-03-05;4,78;Rohdaten
2022-03-06;4,77;Rohdaten
2022-03-07;4,78;Rohdaten
2022-03-08;4,78;Rohdaten
2022-03-09;4,77;Rohdaten
2022-03-10;4,77;Rohdaten
2022-03-11;4,72;Rohdaten
2022-03-12;4,72;Rohdaten
2022-03-13;4,76;Rohdaten
2022-03-14;4,74;Rohdaten
2022-03-15;4,74;Rohdaten
2022-03-16;4,77;Rohdaten
2022-03-17;4,72;Rohdaten
2022-03-18;4,76;Rohdaten
2022-03-19;4,77;Rohdaten
2022-03-20;4,77;Rohdaten
2022-03-21;4,76;Rohdaten
2022-03-22;4,76;Rohdaten
2022-03-23;4,77;Rohdaten
2022-03-24;4,78;Rohdaten
2022-03-25;4,78;Rohdaten
2022-03-26;4,77;Rohdaten
2022-03-27;4,79;Rohdaten
2022-03-28;4,76;Rohdaten
2022-03-29;4,78;Rohdaten
2022-03-30;4,76;Rohdaten
2022-03-31;4,77;Rohdaten
2022-04-01;4,79;Rohdaten
2022-04-02;4,78;Rohdaten
2022-04-03;4,81;Rohdaten
2022-04-04;4,82;Rohdaten
2022-04-05;4,87;Rohdaten
2022-04-06;4,88;Rohdaten
2022-04-07;4,85;Rohdaten
2022-04-08;4,98;Rohdaten
2022-04-09;5,11;Rohdaten
2022-04-10;5,01;Rohdaten
2022-04-11;5,00;Rohdaten
2022-04-12;5,03;Rohdaten
2022-04-13;5,09;Rohdaten
2022-04-14;5,16;Rohdaten
2022-04-15;5,21;Rohdaten
2022-04-16;5,26;Rohdaten
2022-04-17;5,26;Rohdaten
2022-04-18;5,26;Rohdaten
2022-04-19;5,28;Rohdaten
2022-04-20;5,24;Rohdaten
2022-04-21;5,20;Rohdaten
2022-04-22;5,18;Rohdaten
2022-04-23;5,17;Rohdaten
2022-04-24;5,15;Rohdaten
2022-04-25;5,13;Rohdaten
2022-04-26;5,09;Rohdaten
2022-04-27;5,10;Rohdaten
2022-04-28;5,10;Rohdaten
2022-04-29;5,10;Rohdaten
2022-04-30;5,10;Rohdaten
2022-05-01;5,08;Rohdaten
2022-05-02;5,06;Rohdaten
2022-05-03;5,08;Rohdaten
2022-05-04;5,07;Rohdaten
2022-05-05;5,07;Rohdaten
2022-05-06;5,07;Rohdaten
2022-05-07;5,08;Rohdaten
2022-05-08;5,02;Rohdaten
2022-05-09;4,99;Rohdaten
2022-05-10;5,07;Rohdaten
2022-05-11;5,07;Rohdaten
2022-05-12;5,09;Rohdaten
2022-05-13;5,10;Rohdaten
2022-05-14;5,10;Rohdaten
2022-05-15;5,13;Rohdaten
2022-05-16;5,12;Rohdaten
2022-05-17;5,10;Rohdaten
2022-05-18;5,12;Rohdaten
2022-05-19;5,07;Rohdaten
2022-05-20;5,07;Rohdaten
2022-05-21;5,08;Rohdaten
2022-05-22;5,08;Rohdaten
2022-05-23;5,05;Rohdaten
2022-05-24;5,04;Rohdaten
2022-05-25;5,05;Rohdaten
2022-05-26;5,03;Rohdaten
2022-05-27;4,99;Rohdaten
2022-05-28;5,01;Rohdaten
2022-05-29;5,04;Rohdaten
2022-05-30;5,02;Rohdaten
2022-05-31;5,02;Rohdaten
2022-06-01;5,02;Rohdaten
2022-06-02;5,02;Rohdaten
2022-06-03;5,01;Rohdaten
2022-06-04;5,02;Rohdaten
2022-06-05;5,02;Rohdaten
2022-06-06;5,05;Rohdaten
2022-06-07;5,01;Rohdaten
2022-06-08;4,99;Rohdaten
2022-06-09;4,99;Rohdaten
2022-06-10;5,04;Rohdaten
2022-06-11;5,05;Rohdaten
2022-06-12;5,05;Rohdaten
2022-06-13;5,10;Rohdaten
2022-06-14;5,11;Rohdaten
2022-06-15;5,10;Rohdaten
2022-06-16;5,10;Rohdaten
2022-06-17;5,08;Rohdaten
2022-06-18;5,11;Rohdaten
2022-06-19;5,09;Rohdaten
2022-06-20;5,09;Rohdaten
2022-06-21;5,09;Rohdaten
2022-06-22;5,05;Rohdaten
2022-06-23;5,04;Rohdaten
2022-06-24;5,03;Rohdaten
2022-06-25;5,03;Rohdaten
2022-06-26;5,02;Rohdaten
2022-06-27;4,99;Rohdaten
2022-06-28;5,02;Rohdaten
2022-06-29;4,99;Rohdaten
2022-06-30;4,97;Rohdaten
2022-07-01;4,99;Rohdaten
2022-07-02;5,02;Rohdaten
2022-07-03;5,00;Rohdaten
2022-07-04;4,98;Rohdaten
2022-07-05;4,95;Rohdaten
2022-07-06;4,92;Rohdaten
2022-07-07;4,92;Rohdaten
2022-07-08;4,94;Rohdaten
2022-07-09;4,94;Rohdaten
2022-07-10;4,94;Rohdaten
2022-07-11;4,93;Rohdaten
2022-07-12;4,92;Rohdaten
2022-07-13;4,91;Rohdaten
2022-07-14;4,88;Rohdaten
2022-07-15;4,91;Rohdaten
2022-07-16;4,85;Rohdaten
2022-07-17;4,86;Rohdaten
2022-07-18;4,85;Rohdaten
2022-07-19;4,85;Rohdaten
2022-07-20;4,83;Rohdaten
2022-07-21;4,83;Rohdaten
2022-07-22;4,81;Rohdaten
2022-07-23;4,79;Rohdaten
2022-07-24;4,78;Rohdaten
2022-07-25;4,76;Rohdaten
2022-07-26;4,75;Rohdaten
2022-07-27;4,75;Rohdaten
2022-07-28;4,75;Rohdaten
2022-07-29;4,76;Rohdaten
2022-07-30;4,77;Rohdaten
2022-07-31;4,76;Rohdaten
2022-08-01;4,75;Rohdaten
2022-08-02;4,74;Rohdaten
2022-08-03;4,73;Rohdaten
2022-08-04;4,71;Rohdaten
2022-08-05;4,71;Rohdaten
2022-08-06;4,72;Rohdaten
2022-08-07;4,70;Rohdaten
2022-08-08;4,70;Rohdaten
2022-08-09;4,68;Rohdaten
2022-08-10;4,68;Rohdaten
2022-08-11;4,67;Rohdaten
2022-08-12;4,64;Rohdaten
2022-08-13;4,65;Rohdaten
2022-08-14;4,62;Rohdaten
2022-08-15;4,61;Rohdaten
2022-08-16;4,62;Rohdaten
2022-08-17;4,60;Rohdaten
2022-08-18;4,57;Rohdaten
2022-08-19;4,57;Rohdaten
2022-08-20;4,54;Rohdaten
2022-08-21;4,57;Rohdaten
2022-08-22;4,54;Rohdaten
2022-08-23;4,54;Rohdaten
2022-08-24;4,53;Rohdaten
2022-08-25;4,51;Rohdaten
2022-08-26;4,52;Rohdaten
2022-08-27;4,54;Rohdaten
2022-08-28;4,54;Rohdaten
2022-08-29;4,49;Rohdaten
2022-08-30;4,52;Rohdaten
2022-08-31;4,54;Rohdaten
2022-09-01;4,54;Rohdaten
2022-09-02;4,50;Rohdaten
2022-09-03;4,51;Rohdaten
2022-09-04;4,48;Rohdaten
2022-09-05;4,48;Rohdaten
2022-09-06;4,49;Rohdaten
2022-09-07;4,48;Rohdaten
2022-09-08;4,50;Rohdaten
2022-09-09;4,49;Rohdaten
2022-09-10;4,48;Rohdaten
2022-09-11;4,48;Rohdaten
2022-09-12;4,46;Rohdaten
2022-09-13;4,44;Rohdaten
2022-09-14;4,48;Rohdaten
2022-09-15;4,50;Rohdaten
2022-09-16;4,47;Rohdaten
2022-09-17;4,47;Rohdaten
2022-09-18;4,46;Rohdaten
2022-09-19;4,52;Rohdaten
2022-09-20;4,55;Rohdaten
2022-09-21;4,55;Rohdaten
2022-09-22;4,57;Rohdaten
2022-09-23;4,58;Rohdaten
2022-09-24;4,58;Rohdaten
2022-09-25;4,59;Rohdaten
2022-09-26;4,59;Rohdaten
2022-09-27;4,60;Rohdaten
2022-09-28;4,58;Rohdaten
2022-09-29;4,57;Rohdaten
2022-09-30;4,54;Rohdaten
2022-10-01;4,50;Rohdaten
2022-10-02;4,50;Rohdaten
2022-10-03;4,50;Rohdaten
2022-10-04;4,45;Rohdaten
2022-10-05;4,48;Rohdaten
2022-10-06;4,48;Rohdaten
2022-10-07;4,44;Rohdaten
2022-10-08;4,45;Rohdaten
2022-10-09;4,46;Rohdaten
2022-10-10;4,46;Rohdaten
2022-10-11;4,45;Rohdaten
2022-10-12;4,45;Rohdaten
2022-10-13;4,41;Rohdaten
2022-10-14;4,44;Rohdaten
2022-10-15;4,42;Rohdaten
2022-10-16;4,39;Rohdaten
2022-10-17;4,37;Rohdaten
2022-10-18;4,45;Rohdaten
2022-10-19;4,47;Rohdaten
2022-10-20;4,46;Rohdaten
2022-10-21;4,44;Rohdaten
2022-10-22;4,43;Rohdaten
2022-10-23;4,43;Rohdaten
2022-10-24;4,44;Rohdaten
2022-10-25;4,43;Rohdaten
2022-10-26;4,44;Rohdaten
2022-10-27;4,45;Rohdaten
2022-10-28;4,43;Rohdaten
2022-10-29;4,44;Rohdaten
2022-10-30;4,41;Rohdaten
2022-10-31;4,40;Rohdaten
2022-11-01;4,41;Rohdaten
2022-11-02;4,42;Rohdaten
2022-11-03;4,41;Rohdaten
2022-11-04;4,38;Rohdaten
2022-11-05;4,38;Rohdaten
2022-11-06;4,40;Rohdaten
2022-11-07;4,37;Rohdaten
2022-11-08;4,36;Rohdaten
2022-11-09;4,34;Rohdaten
2022-11-10;4,37;Rohdaten
2022-11-11;4,36;Rohdaten
2022-11-12;4,34;Rohdaten
2022-11-17;4,29;Rohdaten
2022-11-18;4,44;Rohdaten
2022-11-19;4,72;Rohdaten
2022-11-20;4,54;Rohdaten
2022-11-21;4,57;Rohdaten
2022-11-22;4,49;Rohdaten
2022-11-23;4,50;Rohdaten
2022-11-24;4,55;Rohdaten
2022-11-25;4,63;Rohdaten
2022-11-26;4,75;Rohdaten
2022-11-27;4,85;Rohdaten
2022-11-28;4,87;Rohdaten
2022-11-29;4,87;Rohdaten
2022-11-30;4,89;Rohdaten
2022-12-01;4,86;Rohdaten
2022-12-02;4,87;Rohdaten
2022-12-03;4,84;Rohdaten
2022-12-04;4,82;Rohdaten
2022-12-05;4,83;Rohdaten
2022-12-06;4,79;Rohdaten
2022-12-07;4,77;Rohdaten
2022-12-08;4,76;Rohdaten
2022-12-09;4,72;Rohdaten
2022-12-10;4,71;Rohdaten
2022-12-11;4,69;Rohdaten
2022-12-12;4,68;Rohdaten
2022-12-13;4,67;Rohdaten
2022-12-14;4,64;Rohdaten
2022-12-15;4,62;Rohdaten
2022-12-16;4,59;Rohdaten
2022-12-17;4,61;Rohdaten
2022-12-18;4,60;Rohdaten
2022-12-19;4,59;Rohdaten
2022-12-20;4,58;Rohdaten
2022-12-21;4,56;Rohdaten
2022-12-22;4,56;Rohdaten
2022-12-23;4,83;Rohdaten
2022-12-24;4,77;Rohdaten
2022-12-25;4,64;Rohdaten
2022-12-26;4,65;Rohdaten
2022-12-27;4,71;Rohdaten
2022-12-28;4,81;Rohdaten
2022-12-29;4,89;Rohdaten
2022-12-30;4,94;Rohdaten
2022-12-31;5,03;Rohdaten
