﻿Quelle:;"Bayerisches Landesamt für Umwelt, www.gkd.bayern.de"
Datenbankabfrage:;"24.02.2023 16:00"
Zeitbezug:;MEZ
Messstellen-Name:;Gori-Quelle
Messstellen-Nr.:;20562
Ostwert:;719463;Nordwert:;5433398;"ETRS89 / UTM Zone 32N"

Datum;"Quellschüttung [l/s]";Prüfstatus
2023-01-01;5,05;Rohdaten
2023-01-02;5,07;Rohdaten
2023-01-03;5,09;Rohdaten
2023-01-04;5,08;Rohdaten
2023-01-05;5,05;Rohdaten
2023-01-06;5,05;Rohdaten
2023-01-07;5,02;Rohdaten
2023-01-08;5,01;Rohdaten
2023-01-09;4,97;Rohdaten
2023-01-10;4,95;Rohdaten
2023-01-11;4,92;Rohdaten
2023-01-12;4,91;Rohdaten
2023-01-13;4,88;Rohdaten
2023-01-14;4,88;Rohdaten
2023-01-15;4,87;Rohdaten
2023-01-16;4,86;Rohdaten
2023-01-17;4,84;Rohdaten
2023-01-18;4,82;Rohdaten
2023-01-19;4,84;Rohdaten
2023-01-20;4,85;Rohdaten
2023-01-21;4,88;Rohdaten
2023-01-22;4,92;Rohdaten
2023-01-23;4,91;Rohdaten
2023-01-24;4,92;Rohdaten
2023-01-25;4,92;Rohdaten
2023-01-26;4,90;Rohdaten
2023-01-27;4,93;Rohdaten
2023-01-28;4,92;Rohdaten
2023-01-29;4,91;Rohdaten
2023-01-30;4,91;Rohdaten
2023-01-31;4,88;Rohdaten
