﻿Quelle:;"Bayerisches Landesamt für Umwelt, www.gkd.bayern.de"
Datenbankabfrage:;"24.02.2023 16:00"
Zeitbezug:;MEZ
Messstellen-Name:;"Karstquelle Ettling"
Messstellen-Nr.:;11507
Ostwert:;695332;Nordwert:;5410760;"ETRS89 / UTM Zone 32N"

Datum;"Quellschüttung [l/s]";Prüfstatus
2023-02-01;84,09;Rohdaten
2023-02-02;81,40;Rohdaten
2023-02-03;79,51;Rohdaten
2023-02-04;77,10;Rohdaten
2023-02-05;76,58;Rohdaten
2023-02-06;76,58;Rohdaten
2023-02-07;76,58;Rohdaten
2023-02-08;76,58;Rohdaten
2023-02-09;77,10;Rohdaten
2023-02-10;77,10;Rohdaten
2023-02-11;76,58;Rohdaten
2023-02-12;76,58;Rohdaten
2023-02-13;76,58;Rohdaten
2023-02-14;76,58;Rohdaten
2023-02-15;76,92;Rohdaten
2023-02-16;76,98;Rohdaten
2023-02-17;76,64;Rohdaten
2023-02-18;76,58;Rohdaten
2023-02-19;75,91;Rohdaten
2023-02-20;75,91;Rohdaten
2023-02-21;76,58;Rohdaten
2023-02-22;76,58;Rohdaten
