﻿Quelle:;"Bayerisches Landesamt für Umwelt, www.gkd.bayern.de"
Datenbankabfrage:;"24.02.2023 16:00"
Zeitbezug:;MEZ
Messstellen-Name:;"Kirchenflussquelle 13/2"
Messstellen-Nr.:;20500
Ostwert:;707479;Nordwert:;5453946;"ETRS89 / UTM Zone 32N"

Datum;"Quellschüttung [l/s]";Prüfstatus
2011-08-01;52,68;Rohdaten
2011-08-02;52,72;Rohdaten
2011-08-03;52,72;Rohdaten
2011-08-04;52,67;Rohdaten
2011-08-05;52,66;Rohdaten
2011-08-06;52,65;Rohdaten
2011-08-07;52,58;Rohdaten
2011-08-08;52,13;Rohdaten
2011-08-09;52,58;Rohdaten
2011-08-10;52,58;Rohdaten
2011-08-11;52,59;Rohdaten
2011-08-12;52,32;Rohdaten
2011-08-13;52,53;Rohdaten
2011-08-14;52,60;Rohdaten
2011-08-15;52,59;Rohdaten
2011-08-16;52,58;Rohdaten
2011-08-17;52,59;Rohdaten
2011-08-18;52,44;Rohdaten
2011-08-19;52,30;Rohdaten
2011-08-20;52,63;Rohdaten
2011-08-21;52,64;Rohdaten
2011-08-22;52,57;Rohdaten
2011-08-23;52,43;Rohdaten
2011-08-24;52,59;Rohdaten
2011-08-25;52,37;Rohdaten
2011-08-26;52,60;Rohdaten
2011-08-27;52,60;Rohdaten
2011-08-28;52,59;Rohdaten
2011-08-29;52,48;Rohdaten
2011-08-30;52,34;Rohdaten
2011-08-31;52,53;Rohdaten
2011-09-01;52,50;Rohdaten
2011-09-02;52,47;Rohdaten
2011-09-03;52,48;Rohdaten
2011-09-04;52,32;Rohdaten
2011-09-05;52,40;Rohdaten
2011-09-06;52,45;Rohdaten
2011-09-07;52,33;Rohdaten
2011-09-08;52,45;Rohdaten
2011-09-09;52,42;Rohdaten
2011-09-10;52,39;Rohdaten
2011-09-11;52,44;Rohdaten
2011-09-12;52,28;Rohdaten
2011-09-13;52,30;Rohdaten
2011-09-14;52,41;Rohdaten
2011-09-15;52,53;Rohdaten
2011-09-16;52,34;Rohdaten
2011-09-17;52,71;Rohdaten
2011-09-18;53,04;Rohdaten
2011-09-19;53,52;Rohdaten
2011-09-20;53,60;Rohdaten
2011-09-21;53,25;Rohdaten
2011-09-22;53,86;Rohdaten
2011-09-23;53,06;Rohdaten
2011-09-24;51,91;Rohdaten
2011-09-25;51,66;Rohdaten
2011-09-26;51,20;Rohdaten
2011-09-27;51,47;Rohdaten
2011-09-28;51,76;Rohdaten
2011-09-29;51,19;Rohdaten
2011-09-30;51,27;Rohdaten
2011-10-01;50,24;Rohdaten
2011-10-02;49,77;Rohdaten
2011-10-03;50,58;Rohdaten
2011-10-04;51,82;Rohdaten
2011-10-05;52,30;Rohdaten
2011-10-06;52,43;Rohdaten
2011-10-07;52,84;Rohdaten
2011-10-08;52,36;Rohdaten
2011-10-09;52,34;Rohdaten
2011-10-10;52,99;Rohdaten
2011-10-11;52,66;Rohdaten
2011-10-12;53,18;Rohdaten
2011-10-13;52,83;Rohdaten
2011-10-14;52,57;Rohdaten
2011-10-15;52,49;Rohdaten
2011-10-16;52,50;Rohdaten
2011-10-17;52,15;Rohdaten
2011-10-18;52,75;Rohdaten
2011-10-19;53,18;Rohdaten
2011-10-20;52,31;Rohdaten
2011-10-21;52,77;Rohdaten
2011-10-22;52,25;Rohdaten
2011-10-23;52,37;Rohdaten
2011-10-24;52,51;Rohdaten
2011-10-25;52,58;Rohdaten
2011-10-26;52,70;Rohdaten
2011-10-27;52,24;Rohdaten
2011-10-28;52,25;Rohdaten
2011-10-29;53,15;Rohdaten
2011-10-30;52,99;Rohdaten
2011-10-31;51,47;Rohdaten
2011-11-01;52,62;Rohdaten
2011-11-02;52,84;Rohdaten
2011-11-03;52,03;Rohdaten
2011-11-04;52,95;Rohdaten
2011-11-05;52,36;Rohdaten
2011-11-06;52,56;Rohdaten
2011-11-07;52,38;Rohdaten
2011-11-08;52,22;Rohdaten
2011-11-09;52,72;Rohdaten
2011-11-10;52,83;Rohdaten
2011-11-11;52,38;Rohdaten
2011-11-12;52,23;Rohdaten
2011-11-13;52,15;Rohdaten
2011-11-14;52,45;Rohdaten
2011-11-15;52,78;Rohdaten
2011-11-16;52,12;Rohdaten
2011-11-17;52,29;Rohdaten
2011-11-18;52,30;Rohdaten
2011-11-19;52,30;Rohdaten
2011-11-20;52,25;Rohdaten
2011-11-21;51,59;Rohdaten
2011-11-22;52,10;Rohdaten
2011-11-23;52,45;Rohdaten
2011-11-24;52,32;Rohdaten
2011-11-25;52,75;Rohdaten
2011-11-26;51,69;Rohdaten
2011-11-27;52,18;Rohdaten
2011-11-28;52,64;Rohdaten
2011-11-29;52,25;Rohdaten
2011-11-30;51,94;Rohdaten
2011-12-01;52,41;Rohdaten
2011-12-02;51,79;Rohdaten
2011-12-03;52,56;Rohdaten
2011-12-04;52,17;Rohdaten
2011-12-05;51,90;Rohdaten
2011-12-06;52,29;Rohdaten
2011-12-07;52,33;Rohdaten
2011-12-08;50,16;Rohdaten
2011-12-09;49,80;Rohdaten
2011-12-10;49,33;Rohdaten
2011-12-11;49,79;Rohdaten
2011-12-12;49,94;Rohdaten
2011-12-13;49,99;Rohdaten
2011-12-14;50,48;Rohdaten
2011-12-15;50,27;Rohdaten
2011-12-16;50,35;Rohdaten
2011-12-17;50,14;Rohdaten
2011-12-18;50,02;Rohdaten
2011-12-19;50,04;Rohdaten
2011-12-20;49,88;Rohdaten
2011-12-21;48,92;Rohdaten
2011-12-22;49,93;Rohdaten
2011-12-23;49,75;Rohdaten
2011-12-24;49,96;Rohdaten
2011-12-25;48,91;Rohdaten
2011-12-26;49,63;Rohdaten
2011-12-27;49,11;Rohdaten
2011-12-28;49,09;Rohdaten
2011-12-29;48,81;Rohdaten
2011-12-30;49,10;Rohdaten
2011-12-31;48,94;Rohdaten
2012-01-01;49,05;Rohdaten
2012-01-02;48,48;Rohdaten
2012-01-03;48,64;Rohdaten
2012-01-04;48,85;Rohdaten
2012-01-05;49,15;Rohdaten
2012-01-06;48,25;Rohdaten
2012-01-07;49,08;Rohdaten
2012-01-08;48,50;Rohdaten
2012-01-09;48,22;Rohdaten
2012-01-10;48,42;Rohdaten
2012-01-11;48,31;Rohdaten
2012-01-12;47,94;Rohdaten
2012-01-13;48,30;Rohdaten
2012-01-14;48,15;Rohdaten
2012-01-15;48,19;Rohdaten
2012-01-16;47,84;Rohdaten
2012-01-17;47,91;Rohdaten
2012-01-18;48,15;Rohdaten
2012-01-19;47,76;Rohdaten
2012-01-20;47,89;Rohdaten
2012-01-21;48,17;Rohdaten
2012-01-22;48,57;Rohdaten
2012-01-23;48,29;Rohdaten
2012-01-24;48,25;Rohdaten
2012-01-25;47,64;Rohdaten
2012-01-26;47,84;Rohdaten
2012-01-27;47,62;Rohdaten
2012-01-28;48,11;Rohdaten
2012-01-29;47,87;Rohdaten
2012-01-30;48,10;Rohdaten
2012-01-31;47,78;Rohdaten
2012-02-01;47,90;Rohdaten
2012-02-02;48,08;Rohdaten
2012-02-03;47,52;Rohdaten
2012-02-04;47,97;Rohdaten
2012-02-05;47,27;Rohdaten
2012-02-06;47,71;Rohdaten
2012-02-07;48,07;Rohdaten
2012-02-08;47,12;Rohdaten
2012-02-09;47,84;Rohdaten
2012-02-10;48,06;Rohdaten
2012-02-11;47,76;Rohdaten
2012-02-12;48,11;Rohdaten
2012-02-13;47,94;Rohdaten
2012-02-14;47,69;Rohdaten
2012-02-15;48,77;Rohdaten
2012-02-16;48,60;Rohdaten
2012-02-17;48,58;Rohdaten
2012-02-18;48,33;Rohdaten
2012-02-19;48,51;Rohdaten
2012-02-20;48,16;Rohdaten
2012-02-21;47,56;Rohdaten
2012-02-22;48,26;Rohdaten
2012-02-23;48,61;Rohdaten
2012-02-24;48,49;Rohdaten
2012-02-25;48,92;Rohdaten
2012-02-26;48,32;Rohdaten
2012-02-27;49,16;Rohdaten
2012-02-28;48,37;Rohdaten
2012-02-29;49,06;Rohdaten
2012-03-01;48,71;Rohdaten
2012-03-02;48,94;Rohdaten
2012-03-03;48,90;Rohdaten
2012-03-04;49,14;Rohdaten
2012-03-05;48,80;Rohdaten
2012-03-06;48,45;Rohdaten
2012-03-07;49,18;Rohdaten
2012-03-08;49,69;Rohdaten
2012-03-09;49,08;Rohdaten
2012-03-10;48,60;Rohdaten
2012-03-11;48,72;Rohdaten
2012-03-12;47,51;Rohdaten
2012-03-13;47,74;Rohdaten
2012-03-14;48,60;Rohdaten
2012-03-15;49,47;Rohdaten
2012-03-16;48,11;Rohdaten
2012-03-17;48,84;Rohdaten
2012-03-18;48,29;Rohdaten
2012-03-19;47,34;Rohdaten
2012-03-20;47,32;Rohdaten
2012-03-21;47,52;Rohdaten
2012-03-22;47,43;Rohdaten
2012-04-03;39,34;Rohdaten
2012-04-17;36,86;Rohdaten
2012-05-02;41,79;Rohdaten
2012-05-15;37,03;Rohdaten
2012-05-24;48,98;Rohdaten
2012-05-25;49,34;Rohdaten
2012-05-26;49,79;Rohdaten
2012-05-27;50,12;Rohdaten
2012-05-28;48,91;Rohdaten
2012-05-29;49,14;Rohdaten
2012-05-30;49,10;Rohdaten
2012-05-31;49,25;Rohdaten
2012-06-01;49,33;Rohdaten
2012-06-02;49,61;Rohdaten
2012-06-03;50,53;Rohdaten
2012-06-04;49,60;Rohdaten
2012-06-05;49,42;Rohdaten
2012-06-06;48,84;Rohdaten
2012-06-07;48,71;Rohdaten
2012-06-08;49,04;Rohdaten
2012-06-09;49,25;Rohdaten
2012-06-10;49,31;Rohdaten
2012-06-11;49,55;Rohdaten
2012-06-12;49,84;Rohdaten
2012-06-13;49,58;Rohdaten
2012-06-14;49,33;Rohdaten
2012-06-15;49,23;Rohdaten
2012-06-16;48,88;Rohdaten
2012-06-17;48,60;Rohdaten
2012-06-18;48,60;Rohdaten
2012-06-19;48,34;Rohdaten
2012-06-20;48,39;Rohdaten
2012-06-21;48,67;Rohdaten
2012-06-22;48,47;Rohdaten
2012-06-23;52,74;Rohdaten
2012-06-24;50,56;Rohdaten
2012-06-25;48,12;Rohdaten
2012-06-26;47,96;Rohdaten
2012-06-27;48,06;Rohdaten
2012-06-28;48,23;Rohdaten
2012-06-29;48,04;Rohdaten
2012-06-30;48,12;Rohdaten
2012-07-01;47,85;Rohdaten
2012-07-02;47,92;Rohdaten
2012-07-03;40,35;Rohdaten
2012-07-04;35,86;Rohdaten
2012-07-05;36,39;Rohdaten
2012-07-06;37,87;Rohdaten
2012-07-07;41,32;Rohdaten
2012-07-08;39,73;Rohdaten
2012-07-09;40,75;Rohdaten
2012-07-10;42,12;Rohdaten
2012-07-11;37,48;Rohdaten
2012-07-12;35,45;Rohdaten
2012-07-13;36,27;Rohdaten
2012-07-14;38,20;Rohdaten
2012-07-15;39,86;Rohdaten
2012-07-16;41,81;Rohdaten
2012-07-17;42,72;Rohdaten
2012-07-18;43,09;Rohdaten
2012-07-19;42,93;Rohdaten
2012-07-20;43,71;Rohdaten
2012-07-21;43,16;Rohdaten
2012-07-22;43,15;Rohdaten
2012-07-23;43,45;Rohdaten
2012-07-24;43,52;Rohdaten
2012-07-25;43,28;Rohdaten
2012-07-26;43,08;Rohdaten
2012-07-27;43,26;Rohdaten
2012-07-28;43,29;Rohdaten
2012-07-29;43,16;Rohdaten
2012-07-30;42,95;Rohdaten
2012-07-31;42,66;Rohdaten
2012-08-01;42,27;Rohdaten
2012-08-02;42,74;Rohdaten
2012-08-03;43,97;Rohdaten
2012-08-04;43,23;Rohdaten
2012-08-05;44,94;Rohdaten
2012-08-06;43,38;Rohdaten
2012-08-07;43,82;Rohdaten
2012-08-08;44,11;Rohdaten
2012-08-09;43,28;Rohdaten
2012-08-10;42,40;Rohdaten
2012-08-11;42,02;Rohdaten
2012-08-12;42,60;Rohdaten
2012-08-13;42,30;Rohdaten
2012-08-14;43,85;Rohdaten
2012-08-15;42,50;Rohdaten
2012-08-16;46,65;Rohdaten
2012-08-17;46,71;Rohdaten
2012-08-18;46,24;Rohdaten
2012-08-19;44,00;Rohdaten
2012-08-20;44,76;Rohdaten
2012-08-21;44,11;Rohdaten
2012-08-22;44,34;Rohdaten
2012-08-23;44,07;Rohdaten
2012-08-24;44,74;Rohdaten
2012-08-25;43,88;Rohdaten
2012-08-26;44,10;Rohdaten
2012-08-27;42,70;Rohdaten
2012-08-28;42,08;Rohdaten
2012-08-29;42,28;Rohdaten
2012-08-30;42,50;Rohdaten
2012-08-31;44,48;Rohdaten
2012-09-01;45,76;Rohdaten
2012-09-02;45,46;Rohdaten
2012-09-03;44,64;Rohdaten
2012-09-04;43,00;Rohdaten
2012-09-05;42,53;Rohdaten
2012-09-06;42,12;Rohdaten
2012-09-07;41,99;Rohdaten
2012-09-08;41,72;Rohdaten
2012-09-09;42,10;Rohdaten
2012-09-10;41,98;Rohdaten
2012-09-11;41,63;Rohdaten
2012-09-12;41,17;Rohdaten
2012-09-13;40,67;Rohdaten
2012-09-14;40,66;Rohdaten
2012-09-15;40,30;Rohdaten
2012-09-16;40,23;Rohdaten
2012-09-17;40,31;Rohdaten
2012-09-18;40,19;Rohdaten
2012-09-19;39,88;Rohdaten
2012-09-20;41,73;Rohdaten
2012-09-21;40,94;Rohdaten
2012-09-22;40,22;Rohdaten
2012-09-23;39,89;Rohdaten
2012-09-24;39,93;Rohdaten
2012-09-25;39,72;Rohdaten
2012-09-26;39,47;Rohdaten
2012-09-27;39,57;Rohdaten
2012-09-28;39,25;Rohdaten
2012-09-29;40,17;Rohdaten
2012-09-30;40,41;Rohdaten
2012-10-01;40,89;Rohdaten
2012-10-02;40,45;Rohdaten
2012-10-03;39,64;Rohdaten
2012-10-04;38,96;Rohdaten
2012-10-05;39,29;Rohdaten
2012-10-06;38,90;Rohdaten
2012-10-07;38,79;Rohdaten
2012-10-08;38,28;Rohdaten
2012-10-09;38,02;Rohdaten
2012-10-10;37,74;Rohdaten
2012-10-11;37,61;Rohdaten
2012-10-12;37,58;Rohdaten
2012-10-13;37,54;Rohdaten
2012-10-14;38,34;Rohdaten
2012-10-15;37,93;Rohdaten
2012-10-16;37,63;Rohdaten
2012-10-17;37,40;Rohdaten
2012-10-18;37,11;Rohdaten
2012-10-19;37,19;Rohdaten
2012-10-20;37,07;Rohdaten
2012-10-21;36,69;Rohdaten
2012-10-22;36,60;Rohdaten
2012-10-23;36,96;Rohdaten
2012-10-24;36,63;Rohdaten
2012-10-25;36,68;Rohdaten
2012-10-26;36,68;Rohdaten
2012-10-27;36,58;Rohdaten
2012-10-28;36,53;Rohdaten
2012-10-29;36,40;Rohdaten
2012-10-30;36,45;Rohdaten
2012-10-31;36,42;Rohdaten
2012-11-01;36,35;Rohdaten
2012-11-02;36,48;Rohdaten
2012-11-03;36,47;Rohdaten
2012-11-04;36,35;Rohdaten
2012-11-05;36,29;Rohdaten
2012-11-06;35,89;Rohdaten
2012-11-07;35,75;Rohdaten
2012-11-08;35,58;Rohdaten
2012-11-09;35,55;Rohdaten
2012-11-10;35,59;Rohdaten
2012-11-11;35,47;Rohdaten
2012-11-12;35,28;Rohdaten
2012-11-13;35,19;Rohdaten
2012-11-14;35,27;Rohdaten
2012-11-15;35,35;Rohdaten
2012-11-16;35,22;Rohdaten
2012-11-17;35,07;Rohdaten
2012-11-18;34,96;Rohdaten
2012-11-19;34,87;Rohdaten
2012-11-20;34,77;Rohdaten
2012-11-21;34,85;Rohdaten
2012-11-22;34,83;Rohdaten
2012-11-23;34,75;Rohdaten
2012-11-24;34,70;Rohdaten
2012-11-25;34,62;Rohdaten
2012-11-26;34,57;Rohdaten
2012-11-27;34,45;Rohdaten
2012-11-28;34,42;Rohdaten
2012-11-29;34,39;Rohdaten
2012-11-30;34,38;Rohdaten
2012-12-01;34,43;Rohdaten
2012-12-02;34,38;Rohdaten
2012-12-03;34,40;Rohdaten
2012-12-04;34,39;Rohdaten
2012-12-05;34,33;Rohdaten
2012-12-06;34,28;Rohdaten
2012-12-07;34,22;Rohdaten
2012-12-08;34,17;Rohdaten
2012-12-09;34,15;Rohdaten
2012-12-10;33,90;Rohdaten
2012-12-11;33,54;Rohdaten
2012-12-12;33,58;Rohdaten
2012-12-13;33,72;Rohdaten
2012-12-14;33,59;Rohdaten
2012-12-15;33,66;Rohdaten
2012-12-16;33,53;Rohdaten
2012-12-17;33,52;Rohdaten
2012-12-18;33,19;Rohdaten
2012-12-19;32,97;Rohdaten
2012-12-20;32,94;Rohdaten
2012-12-21;32,88;Rohdaten
2012-12-22;32,83;Rohdaten
2012-12-23;33,73;Rohdaten
2012-12-24;33,32;Rohdaten
2012-12-25;33,15;Rohdaten
2012-12-26;33,05;Rohdaten
2012-12-27;32,71;Rohdaten
2012-12-28;32,66;Rohdaten
2012-12-29;32,43;Rohdaten
2012-12-30;32,20;Rohdaten
2012-12-31;32,28;Rohdaten
2013-01-01;32,39;Rohdaten
2013-01-02;32,44;Rohdaten
2013-01-03;32,38;Rohdaten
2013-01-04;32,31;Rohdaten
2013-01-05;32,40;Rohdaten
2013-01-06;32,29;Rohdaten
2013-01-07;32,26;Rohdaten
2013-01-08;32,11;Rohdaten
2013-01-09;32,14;Rohdaten
2013-01-10;32,19;Rohdaten
2013-01-11;32,05;Rohdaten
2013-01-12;32,00;Rohdaten
2013-01-13;31,87;Rohdaten
2013-01-14;32,16;Rohdaten
2013-01-15;32,32;Rohdaten
2013-01-16;32,47;Rohdaten
2013-01-17;32,92;Rohdaten
2013-01-18;33,32;Rohdaten
2013-01-19;33,64;Rohdaten
2013-01-20;34,13;Rohdaten
2013-01-21;34,72;Rohdaten
2013-01-22;35,17;Rohdaten
2013-01-23;36,29;Rohdaten
2013-01-24;37,52;Rohdaten
2013-01-25;38,05;Rohdaten
2013-02-04;27,41;Rohdaten
2013-02-20;31,73;Rohdaten
2013-03-04;22,93;Rohdaten
2013-03-18;22,94;Rohdaten
2013-04-08;28,10;Rohdaten
2013-04-12;41,03;Rohdaten
2013-04-13;40,55;Rohdaten
2013-04-14;40,83;Rohdaten
2013-04-15;40,24;Rohdaten
2013-04-16;41,23;Rohdaten
2013-04-17;40,59;Rohdaten
2013-04-18;39,59;Rohdaten
2013-04-19;38,77;Rohdaten
2013-04-20;38,63;Rohdaten
2013-04-21;37,88;Rohdaten
2013-04-22;39,15;Rohdaten
2013-04-23;38,72;Rohdaten
2013-04-24;37,44;Rohdaten
2013-04-25;38,24;Rohdaten
2013-04-26;38,60;Rohdaten
2013-04-27;38,67;Rohdaten
2013-04-28;38,68;Rohdaten
2013-04-29;39,50;Rohdaten
2013-04-30;39,33;Rohdaten
2013-05-01;36,95;Rohdaten
2013-05-02;28,11;Rohdaten
2013-05-03;26,59;Rohdaten
2013-05-04;27,48;Rohdaten
2013-05-05;29,13;Rohdaten
2013-05-06;30,53;Rohdaten
2013-05-07;31,16;Rohdaten
2013-05-08;26,36;Rohdaten
2013-05-09;27,04;Rohdaten
2013-05-10;28,77;Rohdaten
2013-05-11;29,01;Rohdaten
2013-05-12;28,72;Rohdaten
2013-05-13;28,86;Rohdaten
2013-05-14;28,71;Rohdaten
2013-05-15;28,95;Rohdaten
2013-05-16;29,39;Rohdaten
2013-05-17;28,68;Rohdaten
2013-05-18;27,87;Rohdaten
2013-05-19;30,12;Rohdaten
2013-05-20;30,30;Rohdaten
2013-05-21;28,71;Rohdaten
2013-05-22;29,01;Rohdaten
2013-05-23;29,48;Rohdaten
2013-05-24;29,63;Rohdaten
2013-05-25;31,46;Rohdaten
2013-05-26;31,92;Rohdaten
2013-05-27;32,48;Rohdaten
2013-05-28;34,06;Rohdaten
2013-05-29;33,26;Rohdaten
2013-05-30;33,96;Rohdaten
2013-05-31;33,29;Rohdaten
2013-06-01;33,40;Rohdaten
2013-06-02;33,80;Rohdaten
2013-06-03;33,48;Rohdaten
2013-06-04;32,19;Rohdaten
2013-06-05;35,02;Rohdaten
2013-06-06;35,34;Rohdaten
2013-06-07;37,21;Rohdaten
2013-06-08;35,80;Rohdaten
2013-06-09;37,48;Rohdaten
2013-06-10;38,25;Rohdaten
2013-06-11;39,13;Rohdaten
2013-06-12;39,29;Rohdaten
2013-06-13;39,65;Rohdaten
2013-06-14;39,55;Rohdaten
2013-06-15;40,03;Rohdaten
2013-06-16;40,26;Rohdaten
2013-06-17;40,73;Rohdaten
2013-06-18;40,96;Rohdaten
2013-06-19;41,41;Rohdaten
2013-06-20;41,88;Rohdaten
2013-06-21;41,61;Rohdaten
2013-06-22;41,52;Rohdaten
2013-06-23;41,65;Rohdaten
2013-06-24;41,57;Rohdaten
2013-06-25;41,71;Rohdaten
2013-06-26;41,88;Rohdaten
2013-06-27;42,88;Rohdaten
2013-06-28;43,72;Rohdaten
2013-06-29;44,03;Rohdaten
2013-06-30;44,15;Rohdaten
2013-07-01;44,40;Rohdaten
2013-07-02;44,16;Rohdaten
2013-07-03;44,03;Rohdaten
2013-07-04;42,92;Rohdaten
2013-07-05;42,55;Rohdaten
2013-07-06;42,64;Rohdaten
2013-07-07;42,78;Rohdaten
2013-07-08;42,98;Rohdaten
2013-07-09;43,01;Rohdaten
2013-07-10;43,15;Rohdaten
2013-07-11;42,58;Rohdaten
2013-07-12;42,63;Rohdaten
2013-07-13;42,84;Rohdaten
2013-07-14;42,69;Rohdaten
2013-07-15;42,26;Rohdaten
2013-07-16;42,22;Rohdaten
2013-07-17;42,60;Rohdaten
2013-07-18;42,65;Rohdaten
2013-07-19;43,12;Rohdaten
2013-07-20;43,05;Rohdaten
2013-07-21;42,88;Rohdaten
2013-07-22;43,21;Rohdaten
2013-07-23;43,51;Rohdaten
2013-07-24;42,96;Rohdaten
2013-08-02;27,56;Rohdaten
2013-08-23;44,50;Rohdaten
2013-08-24;46,02;Rohdaten
2013-08-25;45,37;Rohdaten
2013-08-26;45,06;Rohdaten
2013-08-27;45,66;Rohdaten
2013-08-28;45,80;Rohdaten
2013-08-29;46,33;Rohdaten
2013-08-30;46,22;Rohdaten
2013-08-31;45,63;Rohdaten
2013-09-01;47,03;Rohdaten
2013-09-02;47,00;Rohdaten
2013-09-03;47,25;Rohdaten
2013-09-04;47,00;Rohdaten
2013-09-05;46,11;Rohdaten
2013-09-06;45,62;Rohdaten
2013-09-07;46,04;Rohdaten
2013-09-08;46,46;Rohdaten
2013-09-09;45,90;Rohdaten
2013-09-10;45,57;Rohdaten
2013-09-11;46,20;Rohdaten
2013-09-12;46,08;Rohdaten
2013-09-13;46,14;Rohdaten
2013-09-14;46,30;Rohdaten
2013-09-15;46,40;Rohdaten
2013-09-16;45,98;Rohdaten
2013-09-17;45,40;Rohdaten
2013-09-18;45,74;Rohdaten
2013-09-19;46,73;Rohdaten
2013-09-20;45,61;Rohdaten
2013-09-21;45,54;Rohdaten
2013-09-22;44,54;Rohdaten
2013-09-23;45,71;Rohdaten
2013-09-24;46,67;Rohdaten
2013-09-25;46,64;Rohdaten
2013-09-26;46,50;Rohdaten
2013-09-27;46,54;Rohdaten
2013-09-28;47,00;Rohdaten
2013-09-29;46,94;Rohdaten
2013-09-30;46,59;Rohdaten
2013-10-01;46,87;Rohdaten
2013-10-02;47,16;Rohdaten
2013-10-03;46,90;Rohdaten
2013-10-04;45,61;Rohdaten
2013-10-05;46,99;Rohdaten
2013-10-06;45,62;Rohdaten
2013-10-07;46,20;Rohdaten
2013-10-08;46,23;Rohdaten
2013-10-09;46,99;Rohdaten
2013-10-10;46,89;Rohdaten
2013-10-11;48,09;Rohdaten
2013-10-12;47,33;Rohdaten
2013-10-13;47,20;Rohdaten
2013-10-14;47,57;Rohdaten
2013-10-15;47,93;Rohdaten
2013-10-16;48,98;Rohdaten
2013-10-17;48,55;Rohdaten
2013-10-18;48,36;Rohdaten
2013-10-19;46,99;Rohdaten
2013-10-20;45,59;Rohdaten
2013-10-21;47,12;Rohdaten
2013-10-22;49,05;Rohdaten
2013-10-23;47,99;Rohdaten
2013-10-24;49,94;Rohdaten
2013-10-25;46,76;Rohdaten
2013-10-26;44,26;Rohdaten
2013-10-27;45,97;Rohdaten
2013-10-28;45,89;Rohdaten
2013-10-29;48,86;Rohdaten
2013-10-30;49,10;Rohdaten
2013-10-31;48,87;Rohdaten
2013-11-01;47,69;Rohdaten
2013-11-02;48,47;Rohdaten
2013-11-03;48,70;Rohdaten
2013-11-04;48,54;Rohdaten
2013-11-05;46,34;Rohdaten
2013-11-06;47,35;Rohdaten
2013-11-07;47,18;Rohdaten
2013-11-08;47,24;Rohdaten
2013-11-09;46,61;Rohdaten
2013-11-10;46,80;Rohdaten
2013-11-11;44,94;Rohdaten
2013-11-12;46,85;Rohdaten
2013-11-13;48,65;Rohdaten
2013-11-14;49,02;Rohdaten
2013-11-15;48,55;Rohdaten
2013-11-16;47,88;Rohdaten
2013-11-17;48,50;Rohdaten
2013-11-18;48,79;Rohdaten
2013-11-19;46,83;Rohdaten
2013-11-20;47,54;Rohdaten
2013-11-21;48,62;Rohdaten
2013-11-22;48,60;Rohdaten
2013-11-23;48,47;Rohdaten
2013-11-24;49,50;Rohdaten
2013-11-25;51,39;Rohdaten
2013-11-26;50,23;Rohdaten
2013-11-27;50,02;Rohdaten
2013-11-28;50,34;Rohdaten
2013-11-29;51,04;Rohdaten
2013-11-30;50,44;Rohdaten
2013-12-01;49,69;Rohdaten
2013-12-02;49,44;Rohdaten
2013-12-03;47,88;Rohdaten
2013-12-04;48,60;Rohdaten
2013-12-05;49,96;Rohdaten
2013-12-06;50,57;Rohdaten
2013-12-07;50,66;Rohdaten
2013-12-08;50,08;Rohdaten
2013-12-09;51,18;Rohdaten
2013-12-10;50,81;Rohdaten
2013-12-11;50,77;Rohdaten
2013-12-12;48,56;Rohdaten
2013-12-13;42,07;Rohdaten
2013-12-14;41,94;Rohdaten
2013-12-15;44,60;Rohdaten
2013-12-16;45,54;Rohdaten
2013-12-17;47,76;Rohdaten
2013-12-18;47,10;Rohdaten
2013-12-19;46,55;Rohdaten
2013-12-20;44,70;Rohdaten
2013-12-21;45,47;Rohdaten
2013-12-22;44,07;Rohdaten
2013-12-23;44,27;Rohdaten
2013-12-24;43,03;Rohdaten
2013-12-25;39,19;Rohdaten
2013-12-26;42,11;Rohdaten
2013-12-27;40,62;Rohdaten
2013-12-28;40,87;Rohdaten
2013-12-29;37,04;Rohdaten
2013-12-30;38,60;Rohdaten
2013-12-31;39,86;Rohdaten
2014-01-01;38,06;Rohdaten
2014-01-02;35,70;Rohdaten
2014-01-03;37,16;Rohdaten
2014-01-04;35,02;Rohdaten
2014-01-05;34,24;Rohdaten
2014-01-06;36,07;Rohdaten
2014-01-07;32,63;Rohdaten
2014-01-08;34,98;Rohdaten
2014-01-09;32,78;Rohdaten
2014-01-10;35,56;Rohdaten
2014-01-11;37,81;Rohdaten
2014-01-12;38,32;Rohdaten
2014-01-13;40,33;Rohdaten
2014-01-14;38,01;Rohdaten
2014-01-15;34,03;Rohdaten
2014-01-16;31,41;Rohdaten
2014-01-17;28,70;Rohdaten
2014-01-18;29,76;Rohdaten
2014-01-19;35,66;Rohdaten
2014-01-20;40,58;Rohdaten
2014-01-21;40,84;Rohdaten
2014-01-22;40,16;Rohdaten
2014-01-23;38,90;Rohdaten
2014-01-24;39,29;Rohdaten
2014-01-25;38,32;Rohdaten
2014-01-26;37,81;Rohdaten
2014-01-27;37,73;Rohdaten
2014-01-28;38,66;Rohdaten
2014-01-29;37,79;Rohdaten
2014-01-30;38,62;Rohdaten
2014-01-31;38,20;Rohdaten
2014-02-01;39,07;Rohdaten
2014-02-02;37,92;Rohdaten
2014-02-03;39,04;Rohdaten
2014-02-04;38,13;Rohdaten
2014-02-05;38,04;Rohdaten
2014-02-06;38,00;Rohdaten
2014-02-07;38,18;Rohdaten
2014-02-08;37,32;Rohdaten
2014-02-09;37,45;Rohdaten
2014-02-10;37,52;Rohdaten
2014-02-11;37,05;Rohdaten
2014-02-12;37,93;Rohdaten
2014-02-13;37,40;Rohdaten
2014-02-14;36,83;Rohdaten
2014-02-15;37,79;Rohdaten
2014-02-16;37,40;Rohdaten
2014-02-17;36,74;Rohdaten
2014-02-18;37,03;Rohdaten
2014-02-19;37,40;Rohdaten
2014-02-20;36,45;Rohdaten
2014-02-21;36,63;Rohdaten
2014-02-22;36,54;Rohdaten
2014-02-23;36,01;Rohdaten
2014-02-24;36,53;Rohdaten
2014-02-25;36,55;Rohdaten
2014-02-26;35,80;Rohdaten
2014-02-27;36,40;Rohdaten
2014-02-28;36,37;Rohdaten
2014-03-01;35,99;Rohdaten
2014-03-02;36,36;Rohdaten
2014-03-03;35,57;Rohdaten
2014-03-04;34,90;Rohdaten
2014-03-05;35,15;Rohdaten
2014-03-06;35,29;Rohdaten
2014-03-07;34,39;Rohdaten
2014-03-08;32,71;Rohdaten
2014-03-09;32,43;Rohdaten
2014-03-10;33,82;Rohdaten
2014-03-11;34,26;Rohdaten
2014-03-12;34,43;Rohdaten
2014-03-13;35,08;Rohdaten
2014-03-14;36,98;Rohdaten
2014-03-15;37,36;Rohdaten
2014-03-16;36,96;Rohdaten
2014-03-17;35,47;Rohdaten
2014-03-18;34,48;Rohdaten
2014-03-19;34,74;Rohdaten
2014-03-20;34,95;Rohdaten
2014-03-21;34,95;Rohdaten
2014-03-22;35,46;Rohdaten
2014-03-23;35,88;Rohdaten
2014-03-24;36,39;Rohdaten
2014-03-25;36,94;Rohdaten
2014-03-26;37,32;Rohdaten
2014-03-27;37,70;Rohdaten
2014-03-28;37,84;Rohdaten
2014-03-29;37,92;Rohdaten
2014-03-30;37,97;Rohdaten
2014-03-31;37,15;Rohdaten
2014-04-01;36,74;Rohdaten
2014-04-02;37,36;Rohdaten
2014-04-03;37,93;Rohdaten
2014-04-04;38,26;Rohdaten
2014-04-05;38,61;Rohdaten
2014-04-06;38,72;Rohdaten
2014-04-07;38,68;Rohdaten
2014-04-08;38,86;Rohdaten
2014-04-09;38,85;Rohdaten
2014-04-10;37,94;Rohdaten
2014-04-11;37,58;Rohdaten
2014-04-12;37,91;Rohdaten
2014-04-13;38,48;Rohdaten
2014-04-14;39,08;Rohdaten
2014-04-15;38,32;Rohdaten
2014-04-16;38,55;Rohdaten
2014-04-17;39,07;Rohdaten
2014-04-18;39,47;Rohdaten
2014-04-19;38,53;Rohdaten
2014-04-20;39,37;Rohdaten
2014-04-21;38,97;Rohdaten
2014-04-22;39,25;Rohdaten
2014-04-23;39,40;Rohdaten
2014-04-24;39,51;Rohdaten
2014-04-25;39,07;Rohdaten
2014-04-26;38,95;Rohdaten
2014-04-27;39,39;Rohdaten
2014-04-28;39,46;Rohdaten
2014-04-29;38,96;Rohdaten
2014-04-30;39,25;Rohdaten
2014-05-01;39,69;Rohdaten
2014-05-02;38,09;Rohdaten
2014-05-03;38,77;Rohdaten
2014-05-04;39,48;Rohdaten
2014-05-05;37,92;Rohdaten
2014-05-06;33,69;Rohdaten
2014-05-07;34,30;Rohdaten
2014-05-08;34,71;Rohdaten
2014-05-09;35,36;Rohdaten
2014-05-10;35,82;Rohdaten
2014-05-11;36,42;Rohdaten
2014-05-12;36,92;Rohdaten
2014-05-13;37,61;Rohdaten
2014-05-14;37,90;Rohdaten
2014-05-15;35,28;Rohdaten
2014-05-16;34,25;Rohdaten
2014-05-17;34,81;Rohdaten
2014-05-18;35,94;Rohdaten
2014-05-19;36,90;Rohdaten
2014-05-20;39,07;Rohdaten
2014-05-21;39,25;Rohdaten
2014-05-22;39,19;Rohdaten
2014-05-23;39,65;Rohdaten
2014-05-24;39,13;Rohdaten
2014-05-25;39,48;Rohdaten
2014-05-26;39,81;Rohdaten
2014-05-27;39,64;Rohdaten
2014-05-28;40,02;Rohdaten
2014-05-29;39,63;Rohdaten
2014-05-30;39,69;Rohdaten
2014-05-31;39,66;Rohdaten
2014-06-01;39,70;Rohdaten
2014-06-02;39,59;Rohdaten
2014-06-03;39,91;Rohdaten
2014-06-04;39,66;Rohdaten
2014-06-05;39,96;Rohdaten
2014-06-06;39,76;Rohdaten
2014-06-07;40,18;Rohdaten
2014-06-08;39,58;Rohdaten
2014-06-09;40,31;Rohdaten
2014-06-10;39,63;Rohdaten
2014-06-11;40,28;Rohdaten
2014-06-12;39,71;Rohdaten
2014-06-13;40,48;Rohdaten
2014-06-14;39,53;Rohdaten
2014-06-15;40,36;Rohdaten
2014-06-16;40,07;Rohdaten
2014-06-17;40,55;Rohdaten
2014-06-18;39,90;Rohdaten
2014-06-19;40,44;Rohdaten
2014-06-20;40,17;Rohdaten
2014-06-21;40,53;Rohdaten
2014-06-22;40,10;Rohdaten
2014-06-23;40,86;Rohdaten
2014-06-24;40,19;Rohdaten
2014-06-25;40,98;Rohdaten
2014-06-26;40,47;Rohdaten
2014-06-27;41,11;Rohdaten
2014-06-28;40,48;Rohdaten
2014-06-29;41,48;Rohdaten
2014-06-30;40,55;Rohdaten
2014-07-01;41,35;Rohdaten
2014-07-02;40,71;Rohdaten
2014-07-03;41,17;Rohdaten
2014-07-04;41,12;Rohdaten
2014-07-05;41,25;Rohdaten
2014-07-06;41,15;Rohdaten
2014-07-07;41,25;Rohdaten
2014-07-08;41,54;Rohdaten
2014-07-09;41,77;Rohdaten
2014-07-10;41,03;Rohdaten
2014-07-11;41,38;Rohdaten
2014-07-12;41,18;Rohdaten
2014-07-13;41,25;Rohdaten
2014-07-14;41,31;Rohdaten
2014-07-15;41,46;Rohdaten
2014-10-01;15,96;Rohdaten
2014-10-06;39,07;Rohdaten
2014-10-07;39,50;Rohdaten
2014-10-08;40,23;Rohdaten
2014-10-09;39,89;Rohdaten
2014-10-10;39,44;Rohdaten
2014-10-11;40,04;Rohdaten
2014-10-12;40,25;Rohdaten
2014-10-13;39,02;Rohdaten
2014-10-14;38,34;Rohdaten
2014-10-15;37,79;Rohdaten
2014-10-16;38,47;Rohdaten
2014-10-17;39,00;Rohdaten
2014-10-18;39,13;Rohdaten
2014-10-19;39,14;Rohdaten
2014-10-20;38,51;Rohdaten
2014-10-21;38,47;Rohdaten
2014-10-22;37,07;Rohdaten
2014-10-23;35,72;Rohdaten
2014-10-24;32,95;Rohdaten
2014-10-25;33,91;Rohdaten
2014-10-26;34,33;Rohdaten
2014-10-27;34,90;Rohdaten
2014-10-28;35,48;Rohdaten
2014-10-29;36,08;Rohdaten
2014-10-30;36,82;Rohdaten
2014-10-31;37,09;Rohdaten
2014-11-01;37,23;Rohdaten
2014-11-02;37,79;Rohdaten
2014-11-03;38,37;Rohdaten
2014-11-04;38,83;Rohdaten
2014-11-05;38,52;Rohdaten
2014-11-06;37,93;Rohdaten
2014-11-07;38,46;Rohdaten
2014-11-08;38,86;Rohdaten
2014-11-09;39,08;Rohdaten
2014-11-10;37,82;Rohdaten
2014-11-11;38,21;Rohdaten
2014-11-12;38,78;Rohdaten
2014-11-13;39,06;Rohdaten
2014-11-14;37,95;Rohdaten
2014-11-15;38,36;Rohdaten
2014-11-16;39,00;Rohdaten
2014-11-17;38,64;Rohdaten
2014-11-18;38,71;Rohdaten
2014-11-19;39,14;Rohdaten
2014-11-20;39,12;Rohdaten
2014-11-21;37,79;Rohdaten
2014-11-22;37,98;Rohdaten
2014-11-23;38,49;Rohdaten
2014-11-24;38,75;Rohdaten
2014-11-25;39,04;Rohdaten
2014-11-26;39,20;Rohdaten
2014-11-27;37,65;Rohdaten
2014-11-28;38,07;Rohdaten
2014-11-29;38,83;Rohdaten
2014-11-30;38,48;Rohdaten
2014-12-01;38,82;Rohdaten
2014-12-02;38,36;Rohdaten
2014-12-03;38,20;Rohdaten
2014-12-04;38,59;Rohdaten
2014-12-05;38,19;Rohdaten
2014-12-06;38,02;Rohdaten
2014-12-07;38,02;Rohdaten
2014-12-08;38,27;Rohdaten
2014-12-09;38,33;Rohdaten
2014-12-10;38,04;Rohdaten
2014-12-11;38,20;Rohdaten
2014-12-12;37,91;Rohdaten
2014-12-13;38,27;Rohdaten
2014-12-14;38,20;Rohdaten
2014-12-15;38,07;Rohdaten
2014-12-16;37,98;Rohdaten
2014-12-17;38,26;Rohdaten
2014-12-18;38,33;Rohdaten
2014-12-19;37,95;Rohdaten
2014-12-20;38,17;Rohdaten
2014-12-21;37,98;Rohdaten
2014-12-22;38,01;Rohdaten
2014-12-23;38,00;Rohdaten
2014-12-24;38,00;Rohdaten
2014-12-25;38,15;Rohdaten
2014-12-26;38,16;Rohdaten
2014-12-27;38,08;Rohdaten
2014-12-28;37,65;Rohdaten
2014-12-29;35,64;Rohdaten
2014-12-30;36,07;Rohdaten
2014-12-31;36,79;Rohdaten
2015-01-01;37,52;Rohdaten
2015-01-02;36,72;Rohdaten
2015-01-03;36,79;Rohdaten
2015-01-04;36,89;Rohdaten
2015-01-05;36,96;Rohdaten
2015-01-06;37,15;Rohdaten
2015-01-07;35,88;Rohdaten
2015-01-08;36,51;Rohdaten
2015-01-09;37,39;Rohdaten
2015-01-10;37,87;Rohdaten
2015-01-11;37,54;Rohdaten
2015-01-12;37,33;Rohdaten
2015-01-13;37,53;Rohdaten
2015-01-14;36,53;Rohdaten
2015-01-15;36,93;Rohdaten
2015-01-16;36,56;Rohdaten
2015-01-17;36,31;Rohdaten
2015-01-18;36,80;Rohdaten
2015-01-19;36,48;Rohdaten
2015-01-20;35,57;Rohdaten
2015-01-21;35,87;Rohdaten
2015-01-22;36,14;Rohdaten
2015-01-23;36,58;Rohdaten
2015-01-24;36,19;Rohdaten
2015-01-25;36,54;Rohdaten
2015-01-26;35,92;Rohdaten
2015-01-27;36,14;Rohdaten
2015-01-28;36,64;Rohdaten
2015-01-29;36,04;Rohdaten
2015-01-30;36,62;Rohdaten
2015-01-31;36,30;Rohdaten
2015-02-01;35,83;Rohdaten
2015-02-02;36,03;Rohdaten
2015-02-03;36,29;Rohdaten
2015-02-04;36,40;Rohdaten
2015-02-05;36,45;Rohdaten
2015-02-06;35,22;Rohdaten
2015-02-07;35,25;Rohdaten
2015-02-08;35,64;Rohdaten
2015-02-09;35,89;Rohdaten
2015-02-10;36,04;Rohdaten
2015-02-11;36,20;Rohdaten
2015-02-12;36,33;Rohdaten
2015-02-13;36,54;Rohdaten
2015-02-14;36,56;Rohdaten
2015-02-15;35,48;Rohdaten
2015-02-16;35,19;Rohdaten
2015-02-17;35,57;Rohdaten
2015-02-18;35,73;Rohdaten
2015-02-19;36,02;Rohdaten
2015-02-20;36,38;Rohdaten
2015-02-21;36,57;Rohdaten
2015-02-22;36,62;Rohdaten
2015-02-23;35,70;Rohdaten
2015-02-24;35,61;Rohdaten
2015-02-25;36,28;Rohdaten
2015-02-26;36,61;Rohdaten
2015-02-27;36,88;Rohdaten
2015-02-28;36,98;Rohdaten
2015-03-01;37,02;Rohdaten
2015-03-02;36,14;Rohdaten
2015-03-03;36,35;Rohdaten
2015-03-04;36,49;Rohdaten
2015-03-05;36,56;Rohdaten
2015-03-06;36,65;Rohdaten
2015-03-07;36,93;Rohdaten
2015-03-08;37,09;Rohdaten
2015-03-09;37,31;Rohdaten
2015-03-10;37,30;Rohdaten
2015-03-11;37,24;Rohdaten
2015-03-12;36,59;Rohdaten
2015-03-13;36,69;Rohdaten
2015-03-14;37,15;Rohdaten
2015-03-15;37,48;Rohdaten
2015-03-16;37,63;Rohdaten
2015-03-17;37,76;Rohdaten
2015-03-18;37,92;Rohdaten
2015-03-19;37,41;Rohdaten
2015-03-20;37,43;Rohdaten
2015-03-21;37,70;Rohdaten
2015-03-22;38,18;Rohdaten
2015-03-23;38,22;Rohdaten
2015-03-24;37,96;Rohdaten
2015-03-25;37,88;Rohdaten
2015-03-26;38,22;Rohdaten
2015-03-27;38,35;Rohdaten
2015-03-28;36,17;Rohdaten
2015-03-30;16,43;Rohdaten
2015-04-15;36,62;Rohdaten
2015-05-11;31,95;Rohdaten
2015-07-17;30,53;Rohdaten
2015-07-18;9,95;Rohdaten
2015-07-19;8,56;Rohdaten
2015-07-20;8,66;Rohdaten
2015-07-21;13,69;Rohdaten
2015-07-22;17,58;Rohdaten
2015-07-23;6,06;Rohdaten
2015-07-24;10,58;Rohdaten
2015-07-25;7,22;Rohdaten
2015-07-26;4,66;Rohdaten
2015-07-27;3,92;Rohdaten
2015-07-28;3,87;Rohdaten
2015-07-29;3,27;Rohdaten
2015-07-30;3,43;Rohdaten
2015-07-31;5,34;Rohdaten
2015-08-01;1,77;Rohdaten
2015-08-13;14,93;Rohdaten
2015-11-09;58,30;Rohdaten
2015-12-11;38,86;Rohdaten
2015-12-12;40,24;Rohdaten
2015-12-13;40,19;Rohdaten
2015-12-14;40,50;Rohdaten
2015-12-15;38,94;Rohdaten
2015-12-16;39,55;Rohdaten
2015-12-17;45,08;Rohdaten
2015-12-18;43,37;Rohdaten
2015-12-19;43,24;Rohdaten
2015-12-20;41,10;Rohdaten
2015-12-21;41,31;Rohdaten
2015-12-22;45,81;Rohdaten
2015-12-23;42,82;Rohdaten
2015-12-24;43,91;Rohdaten
2015-12-25;44,26;Rohdaten
2015-12-26;41,35;Rohdaten
2015-12-27;38,13;Rohdaten
2015-12-28;37,94;Rohdaten
2015-12-29;37,56;Rohdaten
2015-12-30;38,75;Rohdaten
2015-12-31;35,96;Rohdaten
2016-01-01;36,97;Rohdaten
2016-01-02;36,65;Rohdaten
2016-01-03;36,04;Rohdaten
2016-01-04;35,63;Rohdaten
2016-01-05;37,73;Rohdaten
2016-01-06;38,19;Rohdaten
2016-01-07;38,30;Rohdaten
2016-01-08;41,86;Rohdaten
2016-01-09;39,82;Rohdaten
2016-01-10;40,67;Rohdaten
2016-01-11;41,83;Rohdaten
2016-01-12;41,73;Rohdaten
2016-01-13;40,18;Rohdaten
2016-01-14;40,72;Rohdaten
2016-01-15;38,43;Rohdaten
2016-01-16;37,22;Rohdaten
2016-01-17;36,23;Rohdaten
2016-01-18;34,47;Rohdaten
2016-01-19;34,88;Rohdaten
2016-01-20;35,13;Rohdaten
2016-01-21;35,78;Rohdaten
2016-01-22;34,38;Rohdaten
2016-01-23;36,66;Rohdaten
2016-01-24;38,50;Rohdaten
2016-01-25;40,14;Rohdaten
2016-01-26;40,33;Rohdaten
2016-01-27;44,95;Rohdaten
2016-01-28;47,64;Rohdaten
2016-01-29;44,54;Rohdaten
2016-01-30;43,59;Rohdaten
2016-01-31;40,17;Rohdaten
2016-02-01;54,32;Rohdaten
2016-02-02;53,30;Rohdaten
2016-02-03;41,41;Rohdaten
2016-02-04;38,37;Rohdaten
2016-02-05;39,81;Rohdaten
2016-02-06;42,06;Rohdaten
2016-02-07;43,57;Rohdaten
2016-02-08;46,08;Rohdaten
2016-02-09;43,17;Rohdaten
2016-02-10;39,59;Rohdaten
2016-02-11;38,66;Rohdaten
2016-02-12;38,27;Rohdaten
2016-02-13;37,38;Rohdaten
2016-02-14;46,07;Rohdaten
2016-02-15;42,25;Rohdaten
2016-02-16;39,41;Rohdaten
2016-02-17;37,70;Rohdaten
2016-02-18;40,96;Rohdaten
2016-02-19;38,02;Rohdaten
2016-02-20;37,91;Rohdaten
2016-02-21;51,82;Rohdaten
2016-02-22;54,10;Rohdaten
2016-02-23;47,66;Rohdaten
2016-03-18;18,05;Rohdaten
2016-03-19;7,79;Rohdaten
2016-03-20;7,93;Rohdaten
2016-03-21;9,37;Rohdaten
2016-03-22;9,46;Rohdaten
2016-03-23;10,63;Rohdaten
2016-03-24;11,54;Rohdaten
2016-03-25;8,65;Rohdaten
2016-03-26;9,26;Rohdaten
2016-03-27;12,31;Rohdaten
2016-03-28;13,30;Rohdaten
2016-03-29;13,05;Rohdaten
2016-03-30;9,88;Rohdaten
2016-03-31;22,09;Rohdaten
2016-04-01;10,46;Rohdaten
2016-04-02;16,49;Rohdaten
2016-04-03;18,93;Rohdaten
2016-04-04;18,07;Rohdaten
2016-04-05;22,65;Rohdaten
2016-04-06;15,04;Rohdaten
2016-04-07;12,29;Rohdaten
2016-04-08;9,95;Rohdaten
2016-04-09;10,23;Rohdaten
2016-04-10;13,09;Rohdaten
2016-04-11;14,31;Rohdaten
2016-04-12;12,44;Rohdaten
2016-04-13;13,69;Rohdaten
2016-04-14;11,86;Rohdaten
2016-04-15;9,39;Rohdaten
2016-04-16;11,87;Rohdaten
2016-04-17;11,56;Rohdaten
2016-04-18;14,44;Rohdaten
2016-04-19;11,20;Rohdaten
2016-04-20;16,20;Rohdaten
2016-04-21;18,29;Rohdaten
2016-04-22;12,84;Rohdaten
2016-04-23;9,67;Rohdaten
2016-04-24;7,97;Rohdaten
2016-04-25;7,88;Rohdaten
2016-04-26;7,85;Rohdaten
2016-04-27;7,82;Rohdaten
2016-04-28;8,26;Rohdaten
2016-04-29;13,53;Rohdaten
2016-04-30;16,44;Rohdaten
2016-05-01;11,58;Rohdaten
2016-05-02;15,23;Rohdaten
2016-05-03;12,14;Rohdaten
2016-05-04;11,18;Rohdaten
2016-05-05;11,77;Rohdaten
2016-05-06;17,04;Rohdaten
2016-05-07;18,54;Rohdaten
2016-05-08;16,63;Rohdaten
2016-05-09;17,08;Rohdaten
2016-05-10;15,93;Rohdaten
2016-05-11;14,71;Rohdaten
2016-05-12;12,47;Rohdaten
2016-05-13;12,11;Rohdaten
2016-05-14;13,12;Rohdaten
2016-05-15;8,74;Rohdaten
2016-05-16;8,53;Rohdaten
2016-05-17;9,43;Rohdaten
2016-05-18;12,76;Rohdaten
2016-05-19;9,93;Rohdaten
2016-05-20;13,98;Rohdaten
2016-05-21;14,83;Rohdaten
2016-05-22;23,37;Rohdaten
2016-05-23;12,03;Rohdaten
2016-05-24;10,68;Rohdaten
2016-05-25;11,92;Rohdaten
2016-05-26;21,64;Rohdaten
2016-05-27;19,80;Rohdaten
2016-05-28;23,57;Rohdaten
2016-05-29;23,94;Rohdaten
2016-05-30;18,50;Rohdaten
2016-05-31;16,79;Rohdaten
2016-06-01;16,94;Rohdaten
2016-06-02;16,64;Rohdaten
2016-06-03;16,73;Rohdaten
2016-06-04;28,68;Rohdaten
2016-06-05;25,33;Rohdaten
2016-06-06;30,65;Rohdaten
2016-06-07;30,12;Rohdaten
2016-06-08;20,67;Rohdaten
2016-06-09;18,60;Rohdaten
2016-06-10;18,56;Rohdaten
2016-06-11;15,05;Rohdaten
2016-06-12;17,98;Rohdaten
2016-06-13;16,92;Rohdaten
2016-06-14;17,26;Rohdaten
2016-06-15;18,34;Rohdaten
2016-06-16;17,03;Rohdaten
2016-06-17;14,13;Rohdaten
2016-06-18;19,15;Rohdaten
2016-06-19;18,49;Rohdaten
2016-06-20;20,85;Rohdaten
2016-06-21;18,29;Rohdaten
2016-06-22;30,55;Rohdaten
2016-06-23;35,19;Rohdaten
2016-06-24;37,84;Rohdaten
2016-06-25;32,41;Rohdaten
2016-06-26;19,74;Rohdaten
2016-06-27;20,44;Rohdaten
2016-06-28;20,17;Rohdaten
2016-06-29;23,95;Rohdaten
2016-06-30;18,85;Rohdaten
2016-07-01;27,18;Rohdaten
2016-07-02;17,94;Rohdaten
2016-07-03;17,10;Rohdaten
2016-07-04;18,65;Rohdaten
2016-07-05;25,40;Rohdaten
2016-07-06;17,34;Rohdaten
2016-07-07;17,27;Rohdaten
2016-07-08;23,91;Rohdaten
2016-07-09;21,89;Rohdaten
2016-07-10;28,25;Rohdaten
2016-07-11;29,39;Rohdaten
2016-07-12;17,27;Rohdaten
2016-07-13;22,40;Rohdaten
2016-07-14;20,62;Rohdaten
2016-07-15;21,21;Rohdaten
2016-07-16;25,90;Rohdaten
2016-07-17;29,81;Rohdaten
2016-07-18;35,12;Rohdaten
2016-07-19;34,53;Rohdaten
2016-07-20;35,95;Rohdaten
2016-07-21;28,05;Rohdaten
2016-07-22;36,82;Rohdaten
2016-07-23;38,19;Rohdaten
2016-07-24;37,24;Rohdaten
2016-07-25;39,30;Rohdaten
2016-07-26;39,02;Rohdaten
2016-07-27;34,56;Rohdaten
2016-07-28;38,73;Rohdaten
2016-07-29;39,35;Rohdaten
2016-07-30;42,17;Rohdaten
2016-07-31;30,16;Rohdaten
2016-08-01;33,45;Rohdaten
2016-08-02;25,31;Rohdaten
2016-08-03;38,94;Rohdaten
2016-08-04;42,53;Rohdaten
2016-08-05;26,59;Rohdaten
2016-08-06;32,03;Rohdaten
2016-08-07;31,88;Rohdaten
2016-08-08;35,27;Rohdaten
2016-08-09;24,04;Rohdaten
2016-08-10;22,96;Rohdaten
2016-08-11;23,52;Rohdaten
2016-08-12;21,47;Rohdaten
2016-08-13;33,43;Rohdaten
2016-08-14;33,77;Rohdaten
2016-08-15;31,83;Rohdaten
2016-08-16;30,49;Rohdaten
2016-08-17;28,14;Rohdaten
2016-08-18;28,94;Rohdaten
2016-08-19;26,37;Rohdaten
2016-08-20;31,26;Rohdaten
2016-08-21;24,07;Rohdaten
2016-08-22;25,25;Rohdaten
2016-08-23;30,67;Rohdaten
2016-08-24;31,03;Rohdaten
2016-08-25;31,15;Rohdaten
2016-08-26;32,62;Rohdaten
2016-08-27;31,99;Rohdaten
2016-08-28;33,96;Rohdaten
2016-08-29;27,34;Rohdaten
2016-08-30;26,50;Rohdaten
2016-08-31;27,73;Rohdaten
2016-09-01;27,30;Rohdaten
2016-09-02;29,75;Rohdaten
2016-09-03;28,13;Rohdaten
2016-09-04;24,72;Rohdaten
2016-09-05;22,64;Rohdaten
2016-09-06;27,81;Rohdaten
2016-09-07;28,95;Rohdaten
2016-09-08;29,84;Rohdaten
2016-09-09;31,04;Rohdaten
2016-09-10;29,22;Rohdaten
2016-09-11;29,46;Rohdaten
2016-09-12;30,94;Rohdaten
2016-09-13;30,25;Rohdaten
2016-09-14;28,74;Rohdaten
2016-09-15;27,76;Rohdaten
2016-09-16;26,89;Rohdaten
2016-09-17;20,87;Rohdaten
2016-09-18;21,61;Rohdaten
2016-09-19;19,63;Rohdaten
2016-09-20;22,36;Rohdaten
2016-09-21;23,07;Rohdaten
2016-09-22;23,81;Rohdaten
2016-09-23;23,09;Rohdaten
2016-09-24;23,81;Rohdaten
2016-09-25;23,94;Rohdaten
2016-09-26;24,30;Rohdaten
2016-09-27;24,61;Rohdaten
2016-09-28;23,62;Rohdaten
2016-09-29;26,49;Rohdaten
2016-09-30;26,32;Rohdaten
2016-10-01;25,70;Rohdaten
2016-10-02;19,27;Rohdaten
2016-10-03;17,88;Rohdaten
2016-10-04;17,72;Rohdaten
2016-10-05;17,03;Rohdaten
2016-10-06;16,82;Rohdaten
2016-10-07;17,39;Rohdaten
2016-10-08;17,09;Rohdaten
2016-10-09;17,42;Rohdaten
2016-10-12;31,59;Rohdaten
2016-11-08;22,76;Rohdaten
2016-12-05;1,60;Rohdaten
2016-12-12;1,29;Rohdaten
2016-12-19;2,34;Rohdaten
2016-12-21;33,98;Rohdaten
2016-12-26;2,80;Rohdaten
2017-01-18;36,67;Rohdaten
2017-03-01;36,79;Rohdaten
2017-05-16;36,79;Rohdaten
2017-06-07;36,78;Rohdaten
2017-09-26;29,58;Rohdaten
2018-01-11;31,92;Rohdaten
2018-02-01;34,34;Rohdaten
2018-03-08;39,30;Rohdaten
2018-05-08;39,21;Rohdaten
2018-06-14;22,97;Rohdaten
2018-07-19;31,90;Rohdaten
2018-10-15;36,75;Rohdaten
2018-11-07;32,04;Rohdaten
2018-11-17;37,76;Rohdaten
2018-11-18;38,39;Rohdaten
2018-11-19;37,30;Rohdaten
2018-11-20;37,66;Rohdaten
2018-11-21;37,59;Rohdaten
2018-11-22;37,25;Rohdaten
2018-11-23;37,60;Rohdaten
2018-11-24;37,71;Rohdaten
2018-11-25;37,50;Rohdaten
2018-11-26;37,63;Rohdaten
2018-11-27;37,61;Rohdaten
2018-11-28;37,65;Rohdaten
2018-11-29;37,69;Rohdaten
2018-11-30;37,37;Rohdaten
2018-12-01;37,51;Rohdaten
2018-12-02;37,77;Rohdaten
2018-12-03;38,17;Rohdaten
2018-12-04;37,68;Rohdaten
2018-12-05;37,58;Rohdaten
2018-12-06;37,59;Rohdaten
2018-12-07;37,54;Rohdaten
2018-12-08;37,51;Rohdaten
2018-12-09;37,46;Rohdaten
2018-12-10;37,47;Rohdaten
2018-12-11;37,58;Rohdaten
2018-12-12;37,37;Rohdaten
2018-12-13;37,24;Rohdaten
2018-12-14;29,15;Rohdaten
2018-12-15;18,65;Rohdaten
2018-12-16;18,68;Rohdaten
2018-12-17;18,68;Rohdaten
2018-12-18;18,55;Rohdaten
2018-12-19;18,22;Rohdaten
2018-12-20;18,58;Rohdaten
2018-12-21;18,66;Rohdaten
2018-12-22;18,71;Rohdaten
2018-12-23;18,47;Rohdaten
2018-12-24;18,08;Rohdaten
2018-12-27;18,44;Rohdaten
2018-12-28;18,47;Rohdaten
2018-12-29;18,11;Rohdaten
2018-12-30;18,03;Rohdaten
2018-12-31;18,25;Rohdaten
2019-01-01;18,40;Rohdaten
2019-01-02;18,43;Rohdaten
2019-01-03;18,45;Rohdaten
2019-01-04;18,47;Rohdaten
2019-01-05;17,98;Rohdaten
2019-01-06;18,45;Rohdaten
2019-01-07;18,13;Rohdaten
2019-01-08;18,62;Rohdaten
2019-01-09;18,82;Rohdaten
2019-01-10;18,72;Rohdaten
2019-01-11;18,18;Rohdaten
2019-01-12;18,23;Rohdaten
2019-01-13;18,79;Rohdaten
2019-01-14;19,21;Rohdaten
2019-01-15;18,93;Rohdaten
2019-01-16;18,54;Rohdaten
2019-01-17;18,77;Rohdaten
2019-01-18;18,61;Rohdaten
2019-01-21;18,63;Rohdaten
2019-01-22;18,84;Rohdaten
2019-01-23;18,78;Rohdaten
2019-01-24;18,57;Rohdaten
2019-01-25;18,85;Rohdaten
2019-01-29;18,76;Rohdaten
2019-01-30;19,18;Rohdaten
2019-01-31;19,30;Rohdaten
2019-02-01;19,09;Rohdaten
2019-02-02;19,25;Rohdaten
2019-02-03;19,06;Rohdaten
2019-02-04;18,71;Rohdaten
2019-02-05;18,93;Rohdaten
2019-02-06;19,02;Rohdaten
2019-02-09;18,86;Rohdaten
2019-02-10;19,03;Rohdaten
2019-02-11;19,20;Rohdaten
2019-02-12;19,23;Rohdaten
2019-02-13;19,31;Rohdaten
2019-02-14;19,29;Rohdaten
2019-02-15;19,37;Rohdaten
2019-02-16;19,06;Rohdaten
2019-02-17;19,08;Rohdaten
2019-02-18;19,33;Rohdaten
2019-02-19;19,46;Rohdaten
2019-02-20;19,57;Rohdaten
2019-02-21;19,57;Rohdaten
2019-02-22;19,61;Rohdaten
2019-02-23;19,63;Rohdaten
2019-02-24;19,59;Rohdaten
2019-02-25;19,18;Rohdaten
2019-02-26;18,56;Rohdaten
2019-02-27;19,27;Rohdaten
2019-02-28;19,57;Rohdaten
2019-03-01;19,57;Rohdaten
2019-03-02;19,68;Rohdaten
2019-03-03;19,12;Rohdaten
2019-03-04;19,62;Rohdaten
2019-03-05;19,70;Rohdaten
2019-03-06;19,72;Rohdaten
2019-03-07;19,61;Rohdaten
2019-03-08;19,82;Rohdaten
2019-03-09;19,91;Rohdaten
2019-03-10;20,17;Rohdaten
2019-03-23;19,84;Rohdaten
2019-03-24;20,25;Rohdaten
2019-03-25;20,23;Rohdaten
2019-03-26;20,38;Rohdaten
2019-03-27;20,68;Rohdaten
2019-03-28;20,79;Rohdaten
2019-03-29;20,88;Rohdaten
2019-03-30;21,02;Rohdaten
2019-03-31;21,17;Rohdaten
2019-04-01;20,94;Rohdaten
2019-04-02;20,18;Rohdaten
2019-04-04;21,40;Rohdaten
2019-04-05;21,51;Rohdaten
2019-04-06;21,09;Rohdaten
2019-04-07;21,47;Rohdaten
2019-04-08;21,60;Rohdaten
2019-04-09;21,73;Rohdaten
2019-04-10;21,42;Rohdaten
2019-04-11;21,60;Rohdaten
2019-04-12;21,85;Rohdaten
2019-04-13;21,99;Rohdaten
2019-04-14;22,13;Rohdaten
2019-04-15;21,91;Rohdaten
2019-04-16;21,90;Rohdaten
2019-04-17;22,20;Rohdaten
2019-04-18;22,33;Rohdaten
2019-04-19;22,44;Rohdaten
2019-04-20;22,15;Rohdaten
2019-04-21;22,26;Rohdaten
2019-04-22;22,48;Rohdaten
2019-04-23;22,65;Rohdaten
2019-04-24;22,89;Rohdaten
2019-04-25;22,68;Rohdaten
2019-04-26;22,84;Rohdaten
2019-04-30;22,86;Rohdaten
2019-05-01;23,04;Rohdaten
2019-05-02;23,39;Rohdaten
2019-05-03;23,56;Rohdaten
2019-05-04;23,46;Rohdaten
2019-05-05;23,26;Rohdaten
2019-05-06;23,64;Rohdaten
2019-05-07;23,80;Rohdaten
2019-05-08;24,00;Rohdaten
2019-05-09;23,69;Rohdaten
2019-05-10;23,85;Rohdaten
2019-05-11;24,07;Rohdaten
2019-05-12;24,07;Rohdaten
2019-05-13;23,01;Rohdaten
2019-05-14;23,55;Rohdaten
2019-05-15;23,82;Rohdaten
2019-05-16;24,04;Rohdaten
2019-05-17;23,98;Rohdaten
2019-05-18;24,06;Rohdaten
2019-05-19;24,25;Rohdaten
2019-05-20;24,16;Rohdaten
2019-05-21;24,15;Rohdaten
2019-05-22;24,28;Rohdaten
2019-05-23;24,42;Rohdaten
2019-05-24;24,55;Rohdaten
2019-05-25;24,05;Rohdaten
2019-05-26;24,46;Rohdaten
2019-05-27;24,65;Rohdaten
2019-05-28;24,38;Rohdaten
2019-05-29;24,68;Rohdaten
2019-05-30;24,76;Rohdaten
2019-05-31;24,83;Rohdaten
2019-06-01;24,53;Rohdaten
2019-06-02;24,75;Rohdaten
2019-06-03;24,75;Rohdaten
2019-06-04;24,85;Rohdaten
2019-06-05;25,09;Rohdaten
2019-06-06;24,89;Rohdaten
2019-06-07;25,07;Rohdaten
2019-06-08;25,14;Rohdaten
2019-06-09;24,88;Rohdaten
2019-06-10;25,07;Rohdaten
2019-06-11;25,31;Rohdaten
2019-06-12;25,01;Rohdaten
2019-06-13;25,14;Rohdaten
2019-06-14;25,33;Rohdaten
2019-06-15;25,10;Rohdaten
2019-06-16;25,20;Rohdaten
2019-06-17;25,35;Rohdaten
2019-06-18;25,56;Rohdaten
2019-06-19;25,26;Rohdaten
2019-06-20;25,45;Rohdaten
2019-06-21;25,53;Rohdaten
2019-06-22;25,52;Rohdaten
2019-06-23;25,61;Rohdaten
2019-06-24;25,40;Rohdaten
2019-06-25;25,69;Rohdaten
2019-06-26;25,66;Rohdaten
2019-06-27;25,50;Rohdaten
2019-06-28;25,70;Rohdaten
2019-06-29;25,65;Rohdaten
2019-06-30;25,71;Rohdaten
2019-07-01;25,83;Rohdaten
2019-07-02;25,79;Rohdaten
2019-07-03;26,03;Rohdaten
2019-07-04;26,23;Rohdaten
2019-07-05;26,09;Rohdaten
2019-07-06;26,27;Rohdaten
2019-07-07;26,57;Rohdaten
2019-07-08;26,39;Rohdaten
2019-07-09;26,45;Rohdaten
2019-07-10;26,70;Rohdaten
2019-07-11;26,91;Rohdaten
2019-07-12;26,77;Rohdaten
2019-07-13;26,69;Rohdaten
2019-07-14;26,81;Rohdaten
2019-07-15;27,01;Rohdaten
2019-07-16;26,90;Rohdaten
2019-07-17;26,94;Rohdaten
2019-07-18;27,16;Rohdaten
2019-07-19;27,30;Rohdaten
2019-07-20;27,07;Rohdaten
2019-07-21;27,20;Rohdaten
2019-07-22;27,35;Rohdaten
2019-07-23;27,26;Rohdaten
2019-07-24;27,23;Rohdaten
2019-07-25;27,33;Rohdaten
2019-07-26;27,31;Rohdaten
2019-07-27;27,67;Rohdaten
2019-07-28;27,57;Rohdaten
2019-07-29;27,72;Rohdaten
2019-07-30;27,76;Rohdaten
2019-07-31;28,05;Rohdaten
2019-08-01;28,08;Rohdaten
2019-08-02;28,07;Rohdaten
2019-08-03;28,11;Rohdaten
2019-08-04;28,19;Rohdaten
2019-08-05;28,30;Rohdaten
2019-08-06;28,31;Rohdaten
2019-08-07;28,47;Rohdaten
2019-08-08;28,37;Rohdaten
2019-08-09;28,35;Rohdaten
2019-08-10;28,43;Rohdaten
2019-08-11;28,45;Rohdaten
2019-08-12;28,23;Rohdaten
2019-08-13;28,46;Rohdaten
2019-08-14;28,60;Rohdaten
2019-08-15;28,76;Rohdaten
2019-08-16;28,53;Rohdaten
2019-08-17;28,62;Rohdaten
2019-08-18;28,79;Rohdaten
2019-08-19;29,06;Rohdaten
2019-08-20;29,05;Rohdaten
2019-08-21;28,85;Rohdaten
2019-08-22;29,06;Rohdaten
2019-08-23;29,24;Rohdaten
2019-08-24;29,34;Rohdaten
2019-08-25;29,12;Rohdaten
2019-08-26;29,27;Rohdaten
2019-08-27;29,50;Rohdaten
2019-08-28;29,58;Rohdaten
2019-08-29;29,42;Rohdaten
2019-08-30;29,48;Rohdaten
2019-08-31;29,74;Rohdaten
2019-09-01;29,63;Rohdaten
2019-09-02;29,55;Rohdaten
2019-09-03;29,75;Rohdaten
2019-09-04;30,01;Rohdaten
2019-09-05;30,11;Rohdaten
2019-09-06;30,22;Rohdaten
2019-09-07;30,35;Rohdaten
2019-09-08;30,46;Rohdaten
2019-09-09;30,09;Rohdaten
2019-09-10;30,27;Rohdaten
2019-09-11;30,43;Rohdaten
2019-09-12;30,56;Rohdaten
2019-09-13;29,53;Rohdaten
2019-09-14;28,23;Rohdaten
2019-09-15;28,32;Rohdaten
2019-09-16;28,22;Rohdaten
2019-09-17;28,11;Rohdaten
2019-09-18;28,29;Rohdaten
2019-09-19;28,38;Rohdaten
2019-09-20;28,43;Rohdaten
2019-09-21;28,47;Rohdaten
2019-09-22;28,28;Rohdaten
2019-09-23;28,38;Rohdaten
2019-09-24;28,37;Rohdaten
2019-09-25;28,45;Rohdaten
2019-09-26;28,60;Rohdaten
2019-09-27;28,71;Rohdaten
2019-09-28;28,64;Rohdaten
2019-09-29;28,69;Rohdaten
2019-09-30;28,34;Rohdaten
2019-10-01;28,47;Rohdaten
2019-10-02;28,77;Rohdaten
2019-10-03;28,84;Rohdaten
2019-10-04;29,03;Rohdaten
2019-10-05;29,09;Rohdaten
2019-10-06;29,07;Rohdaten
2019-10-07;29,06;Rohdaten
2019-10-08;28,68;Rohdaten
2019-10-09;28,89;Rohdaten
2019-10-10;28,94;Rohdaten
2019-10-11;28,68;Rohdaten
2019-10-12;28,77;Rohdaten
2019-10-13;28,86;Rohdaten
2019-10-14;28,53;Rohdaten
2019-10-15;29,01;Rohdaten
2019-10-16;29,06;Rohdaten
2019-10-17;29,00;Rohdaten
2019-10-18;28,83;Rohdaten
2019-10-19;28,98;Rohdaten
2019-10-20;29,12;Rohdaten
2019-10-21;29,18;Rohdaten
2019-10-22;29,21;Rohdaten
2019-10-23;29,28;Rohdaten
2019-10-24;29,25;Rohdaten
2019-10-25;28,81;Rohdaten
2019-10-26;29,04;Rohdaten
2019-10-27;29,27;Rohdaten
2019-10-28;29,30;Rohdaten
2019-10-29;29,35;Rohdaten
2019-10-30;29,38;Rohdaten
2019-10-31;29,44;Rohdaten
2019-11-01;29,55;Rohdaten
2019-11-02;29,36;Rohdaten
2019-11-03;29,54;Rohdaten
2019-11-04;29,31;Rohdaten
2019-11-05;29,44;Rohdaten
2019-11-06;29,47;Rohdaten
2019-11-07;29,52;Rohdaten
2019-11-08;29,26;Rohdaten
2019-11-09;29,31;Rohdaten
2019-11-10;29,37;Rohdaten
2019-11-11;29,26;Rohdaten
2019-11-12;29,27;Rohdaten
2019-11-13;29,47;Rohdaten
2019-11-14;29,11;Rohdaten
2019-11-15;29,24;Rohdaten
2019-11-16;29,24;Rohdaten
2019-11-17;29,27;Rohdaten
2019-11-18;28,83;Rohdaten
2019-11-19;28,76;Rohdaten
2019-11-20;28,92;Rohdaten
2019-11-21;29,05;Rohdaten
2019-11-22;29,36;Rohdaten
2019-11-23;29,43;Rohdaten
2019-11-24;29,11;Rohdaten
2019-11-25;29,18;Rohdaten
2019-11-26;29,27;Rohdaten
2019-11-27;29,11;Rohdaten
2019-11-28;29,35;Rohdaten
2019-11-29;29,43;Rohdaten
2019-11-30;29,30;Rohdaten
2019-12-01;29,33;Rohdaten
2019-12-02;29,27;Rohdaten
2019-12-03;29,27;Rohdaten
2019-12-04;29,32;Rohdaten
2019-12-05;29,29;Rohdaten
2019-12-06;28,89;Rohdaten
2019-12-07;29,02;Rohdaten
2019-12-08;28,48;Rohdaten
2019-12-09;28,65;Rohdaten
2019-12-10;28,81;Rohdaten
2019-12-11;28,92;Rohdaten
2019-12-12;29,00;Rohdaten
2019-12-13;29,15;Rohdaten
2019-12-14;29,21;Rohdaten
2019-12-15;28,68;Rohdaten
2019-12-16;28,74;Rohdaten
2019-12-17;28,88;Rohdaten
2019-12-18;28,75;Rohdaten
2019-12-19;28,30;Rohdaten
2019-12-20;28,81;Rohdaten
2019-12-21;28,43;Rohdaten
2019-12-22;28,65;Rohdaten
2019-12-23;28,83;Rohdaten
2019-12-24;28,29;Rohdaten
2019-12-25;28,16;Rohdaten
2019-12-26;28,25;Rohdaten
2019-12-27;28,29;Rohdaten
2019-12-28;27,90;Rohdaten
2019-12-29;28,19;Rohdaten
2019-12-30;28,41;Rohdaten
2019-12-31;28,38;Rohdaten
2020-01-01;28,43;Rohdaten
2020-01-02;28,53;Rohdaten
2020-01-03;28,57;Rohdaten
2020-01-04;28,60;Rohdaten
2020-01-05;28,33;Rohdaten
2020-01-06;28,31;Rohdaten
2020-01-07;28,27;Rohdaten
2020-01-08;28,17;Rohdaten
2020-01-09;28,14;Rohdaten
2020-01-10;27,77;Rohdaten
2020-01-11;27,88;Rohdaten
2020-01-12;27,83;Rohdaten
2020-01-13;27,89;Rohdaten
2020-01-14;27,81;Rohdaten
2020-01-15;27,79;Rohdaten
2020-01-16;27,71;Rohdaten
2020-01-17;27,74;Rohdaten
2020-01-18;27,48;Rohdaten
2020-01-19;26,75;Rohdaten
2020-01-20;27,02;Rohdaten
2020-01-21;27,17;Rohdaten
2020-01-22;27,34;Rohdaten
2020-01-23;27,45;Rohdaten
2020-01-24;27,44;Rohdaten
2020-01-25;27,44;Rohdaten
2020-01-26;27,47;Rohdaten
2020-01-27;27,36;Rohdaten
2020-01-28;27,15;Rohdaten
2020-01-29;27,36;Rohdaten
2020-01-30;27,20;Rohdaten
2020-01-31;27,39;Rohdaten
2020-02-01;27,57;Rohdaten
2020-02-02;27,70;Rohdaten
2020-02-03;27,72;Rohdaten
2020-02-04;27,62;Rohdaten
2020-02-05;27,32;Rohdaten
2020-02-06;27,14;Rohdaten
2020-02-07;27,29;Rohdaten
2020-02-08;27,38;Rohdaten
2020-02-09;27,38;Rohdaten
2020-02-10;27,14;Rohdaten
2020-02-11;26,64;Rohdaten
2020-02-12;27,01;Rohdaten
2020-02-13;26,97;Rohdaten
2020-02-14;27,17;Rohdaten
2020-02-15;26,84;Rohdaten
2020-02-16;26,63;Rohdaten
2020-02-17;26,53;Rohdaten
2020-02-18;26,50;Rohdaten
2020-02-19;26,67;Rohdaten
2020-02-20;26,70;Rohdaten
2020-02-21;26,84;Rohdaten
2020-02-22;26,82;Rohdaten
2020-02-23;26,74;Rohdaten
2020-02-24;26,85;Rohdaten
2020-02-25;27,09;Rohdaten
2020-02-26;26,83;Rohdaten
2020-02-27;26,82;Rohdaten
2020-02-28;26,72;Rohdaten
2020-02-29;26,85;Rohdaten
2020-03-01;27,14;Rohdaten
2020-03-02;27,46;Rohdaten
2020-03-03;27,34;Rohdaten
2020-03-04;27,42;Rohdaten
2020-03-05;27,63;Rohdaten
2020-03-06;27,49;Rohdaten
2020-03-07;27,25;Rohdaten
2020-03-08;27,55;Rohdaten
2020-03-09;27,74;Rohdaten
2020-03-10;27,94;Rohdaten
2020-03-11;28,07;Rohdaten
2020-03-12;27,46;Rohdaten
2020-03-13;27,82;Rohdaten
2020-03-14;27,99;Rohdaten
2020-03-15;28,10;Rohdaten
2020-03-16;28,13;Rohdaten
2020-03-17;27,69;Rohdaten
2020-03-18;27,51;Rohdaten
2020-03-19;27,59;Rohdaten
2020-03-20;27,48;Rohdaten
2020-03-21;27,44;Rohdaten
2020-03-22;27,48;Rohdaten
2020-03-23;22,50;Rohdaten
2020-03-24;17,48;Rohdaten
2020-03-25;17,93;Rohdaten
2020-03-26;18,47;Rohdaten
2020-03-27;18,28;Rohdaten
2020-03-28;18,19;Rohdaten
2020-03-29;18,42;Rohdaten
2020-03-30;18,49;Rohdaten
2020-03-31;18,62;Rohdaten
2020-04-01;18,43;Rohdaten
2020-04-02;18,48;Rohdaten
2020-04-03;18,63;Rohdaten
2020-04-04;18,52;Rohdaten
2020-04-05;18,24;Rohdaten
2020-04-06;18,57;Rohdaten
2020-04-07;18,61;Rohdaten
2020-04-08;18,36;Rohdaten
2020-04-09;17,98;Rohdaten
2020-04-10;18,28;Rohdaten
2020-04-11;18,16;Rohdaten
2020-04-12;18,37;Rohdaten
2020-04-13;18,44;Rohdaten
2020-04-14;18,51;Rohdaten
2020-04-15;18,59;Rohdaten
2020-04-16;18,36;Rohdaten
2020-04-17;18,26;Rohdaten
2020-04-18;18,52;Rohdaten
2020-04-19;18,74;Rohdaten
2020-04-20;18,82;Rohdaten
2020-04-21;18,68;Rohdaten
2020-04-22;18,59;Rohdaten
2020-04-23;18,70;Rohdaten
2020-04-24;18,81;Rohdaten
2020-04-25;18,69;Rohdaten
2020-04-26;18,89;Rohdaten
2020-04-27;18,64;Rohdaten
2020-04-28;18,95;Rohdaten
2020-04-29;19,01;Rohdaten
2020-04-30;19,10;Rohdaten
2020-05-01;18,83;Rohdaten
2020-05-02;19,17;Rohdaten
2020-05-03;19,29;Rohdaten
2020-05-04;19,45;Rohdaten
2020-05-05;19,14;Rohdaten
2020-05-06;19,14;Rohdaten
2020-05-07;19,28;Rohdaten
2020-05-08;19,25;Rohdaten
2020-05-09;19,16;Rohdaten
2020-05-10;19,36;Rohdaten
2020-05-11;19,63;Rohdaten
2020-05-12;19,03;Rohdaten
2020-05-13;19,32;Rohdaten
2020-05-14;19,52;Rohdaten
2020-05-15;19,61;Rohdaten
2020-05-16;19,76;Rohdaten
2020-05-17;19,45;Rohdaten
2020-05-18;19,43;Rohdaten
2020-05-19;19,61;Rohdaten
2020-05-20;19,75;Rohdaten
2020-05-21;19,82;Rohdaten
2020-05-22;19,92;Rohdaten
2020-05-23;20,03;Rohdaten
2020-05-24;20,06;Rohdaten
2020-05-25;19,14;Rohdaten
2020-05-26;19,57;Rohdaten
2020-05-27;19,89;Rohdaten
2020-05-28;20,03;Rohdaten
2020-05-29;20,14;Rohdaten
2020-05-30;20,27;Rohdaten
2020-05-31;20,40;Rohdaten
2020-06-01;20,53;Rohdaten
2020-06-02;20,07;Rohdaten
2020-06-03;20,21;Rohdaten
2020-06-04;20,51;Rohdaten
2020-06-05;20,61;Rohdaten
2020-06-06;20,79;Rohdaten
2020-06-07;20,10;Rohdaten
2020-06-08;20,53;Rohdaten
2020-06-09;20,67;Rohdaten
2020-06-12;20,66;Rohdaten
2020-06-13;20,88;Rohdaten
2020-06-14;20,96;Rohdaten
2020-06-15;21,09;Rohdaten
2020-06-16;20,92;Rohdaten
2020-06-17;20,94;Rohdaten
2020-06-18;21,09;Rohdaten
2020-06-19;21,12;Rohdaten
2020-06-20;21,05;Rohdaten
2020-06-21;20,82;Rohdaten
2020-06-22;20,95;Rohdaten
2020-06-23;21,09;Rohdaten
2020-06-24;20,34;Rohdaten
2020-06-25;19,48;Rohdaten
2020-06-26;19,57;Rohdaten
2020-06-27;19,64;Rohdaten
2020-06-28;19,64;Rohdaten
2020-06-29;19,79;Rohdaten
2020-06-30;19,10;Rohdaten
2020-07-01;19,57;Rohdaten
2020-07-02;19,89;Rohdaten
2020-07-03;19,79;Rohdaten
2020-07-04;19,92;Rohdaten
2020-07-05;19,54;Rohdaten
2020-07-06;19,39;Rohdaten
2020-07-07;19,56;Rohdaten
2020-07-08;19,61;Rohdaten
2020-07-09;18,89;Rohdaten
2020-07-10;18,93;Rohdaten
2020-07-11;18,78;Rohdaten
2020-07-12;19,30;Rohdaten
2020-07-13;19,57;Rohdaten
2020-07-14;19,25;Rohdaten
2020-07-15;17,49;Rohdaten
2020-07-16;17,89;Rohdaten
2020-07-17;18,29;Rohdaten
2020-07-18;18,69;Rohdaten
2020-07-19;19,19;Rohdaten
2020-07-20;19,44;Rohdaten
2020-07-21;19,59;Rohdaten
2020-07-22;19,67;Rohdaten
2020-07-23;19,71;Rohdaten
2020-07-24;19,76;Rohdaten
2020-07-25;19,83;Rohdaten
2020-07-26;19,93;Rohdaten
2020-07-27;19,67;Rohdaten
2020-07-28;19,41;Rohdaten
2020-07-29;19,60;Rohdaten
2020-07-30;19,75;Rohdaten
2020-07-31;19,64;Rohdaten
2020-08-01;19,66;Rohdaten
2020-08-02;19,96;Rohdaten
2020-08-03;19,78;Rohdaten
2020-08-04;19,52;Rohdaten
2020-08-05;19,24;Rohdaten
2020-08-06;19,57;Rohdaten
2020-08-07;19,69;Rohdaten
2020-08-08;19,78;Rohdaten
2020-08-09;19,80;Rohdaten
2020-08-10;19,57;Rohdaten
2020-08-11;19,56;Rohdaten
2020-08-12;19,53;Rohdaten
2020-08-13;19,62;Rohdaten
2020-08-14;19,64;Rohdaten
2020-08-15;19,80;Rohdaten
2020-08-16;19,48;Rohdaten
2020-08-17;19,29;Rohdaten
2020-08-18;19,53;Rohdaten
2020-08-19;19,66;Rohdaten
2020-08-20;19,65;Rohdaten
2020-08-21;19,68;Rohdaten
2020-08-22;19,90;Rohdaten
2020-08-23;19,87;Rohdaten
2020-08-24;19,95;Rohdaten
2020-08-25;19,52;Rohdaten
2020-08-26;19,51;Rohdaten
2020-08-27;19,72;Rohdaten
2020-08-28;19,88;Rohdaten
2020-08-29;19,98;Rohdaten
2020-08-30;20,21;Rohdaten
2020-08-31;20,20;Rohdaten
2020-09-01;20,34;Rohdaten
2020-09-02;20,09;Rohdaten
2020-09-03;20,05;Rohdaten
2020-09-04;20,17;Rohdaten
2020-09-05;20,32;Rohdaten
2020-09-06;20,38;Rohdaten
2020-09-07;20,45;Rohdaten
2020-09-08;20,48;Rohdaten
2020-09-09;20,03;Rohdaten
2020-09-10;19,45;Rohdaten
2020-09-11;19,92;Rohdaten
2020-09-12;20,28;Rohdaten
2020-09-13;20,45;Rohdaten
2020-09-14;20,45;Rohdaten
2020-09-15;20,59;Rohdaten
2020-09-16;20,71;Rohdaten
2020-09-17;20,20;Rohdaten
2020-09-18;19,71;Rohdaten
2020-09-19;20,07;Rohdaten
2020-09-20;20,31;Rohdaten
2020-09-21;20,56;Rohdaten
2020-09-22;20,76;Rohdaten
2020-09-23;21,43;Rohdaten
2020-09-24;21,04;Rohdaten
2020-09-25;21,17;Rohdaten
2020-09-26;21,27;Rohdaten
2020-09-27;21,21;Rohdaten
2020-09-28;20,10;Rohdaten
2020-09-29;20,59;Rohdaten
2020-09-30;20,84;Rohdaten
2020-10-01;21,08;Rohdaten
2020-10-02;21,21;Rohdaten
2020-10-03;21,27;Rohdaten
2020-10-04;21,35;Rohdaten
2020-10-05;21,36;Rohdaten
2020-10-06;21,53;Rohdaten
2020-10-07;20,67;Rohdaten
2020-10-08;20,31;Rohdaten
2020-10-09;20,81;Rohdaten
2020-10-10;21,09;Rohdaten
2020-10-11;21,36;Rohdaten
2020-10-12;21,49;Rohdaten
2020-10-13;21,51;Rohdaten
2020-10-14;21,45;Rohdaten
2020-10-15;21,33;Rohdaten
2020-10-16;21,52;Rohdaten
2020-10-17;21,52;Rohdaten
2020-10-18;21,54;Rohdaten
2020-10-19;21,62;Rohdaten
2020-10-20;21,73;Rohdaten
2020-10-21;21,78;Rohdaten
2020-10-22;21,79;Rohdaten
2020-10-23;21,83;Rohdaten
2020-10-24;21,35;Rohdaten
2020-10-25;21,31;Rohdaten
2020-10-26;21,67;Rohdaten
2020-10-27;21,75;Rohdaten
2020-10-28;21,80;Rohdaten
2020-10-29;21,83;Rohdaten
2020-10-30;21,54;Rohdaten
2020-10-31;21,50;Rohdaten
2020-11-01;21,71;Rohdaten
2020-11-02;20,84;Rohdaten
2020-11-03;20,70;Rohdaten
2020-11-04;21,10;Rohdaten
2020-11-05;21,28;Rohdaten
2020-11-06;21,40;Rohdaten
2020-11-07;21,57;Rohdaten
2020-11-08;21,70;Rohdaten
2020-11-09;21,74;Rohdaten
2020-11-10;21,74;Rohdaten
2020-11-11;21,77;Rohdaten
2020-11-12;21,76;Rohdaten
2020-11-13;21,73;Rohdaten
2020-11-14;21,73;Rohdaten
2020-11-15;21,69;Rohdaten
2020-11-16;20,53;Rohdaten
2020-11-17;21,01;Rohdaten
2020-11-18;21,30;Rohdaten
2020-11-19;21,56;Rohdaten
2020-11-20;21,64;Rohdaten
2020-11-21;21,72;Rohdaten
2020-11-22;21,74;Rohdaten
2020-11-23;21,74;Rohdaten
2020-11-24;21,75;Rohdaten
2020-11-25;21,76;Rohdaten
2020-11-26;21,83;Rohdaten
2020-11-27;21,87;Rohdaten
2020-11-28;21,95;Rohdaten
2020-11-29;21,94;Rohdaten
2020-11-30;21,29;Rohdaten
2020-12-01;20,84;Rohdaten
2020-12-02;21,20;Rohdaten
2020-12-03;21,54;Rohdaten
2020-12-04;21,80;Rohdaten
2020-12-05;21,85;Rohdaten
2020-12-06;21,35;Rohdaten
2020-12-07;21,25;Rohdaten
2020-12-08;21,68;Rohdaten
2020-12-09;21,76;Rohdaten
2020-12-10;21,72;Rohdaten
2020-12-11;21,78;Rohdaten
2020-12-12;20,73;Rohdaten
2020-12-13;21,30;Rohdaten
2020-12-14;21,49;Rohdaten
2020-12-15;21,68;Rohdaten
2020-12-16;21,69;Rohdaten
2021-01-12;21,35;Rohdaten
2021-01-13;21,36;Rohdaten
2021-01-14;21,39;Rohdaten
2021-01-15;21,39;Rohdaten
2021-01-16;21,41;Rohdaten
2021-01-17;21,15;Rohdaten
2021-01-18;19,97;Rohdaten
2021-01-19;20,42;Rohdaten
2021-01-20;20,85;Rohdaten
2021-01-21;21,16;Rohdaten
2021-01-22;21,25;Rohdaten
2021-01-23;21,44;Rohdaten
2021-01-24;20,45;Rohdaten
2021-01-25;20,79;Rohdaten
2021-01-26;21,05;Rohdaten
2021-01-27;21,14;Rohdaten
2021-01-28;21,41;Rohdaten
2021-01-29;22,37;Rohdaten
2021-01-30;22,44;Rohdaten
2021-01-31;22,04;Rohdaten
2021-02-01;21,37;Rohdaten
2021-02-02;20,96;Rohdaten
2021-02-03;21,98;Rohdaten
2021-02-04;21,92;Rohdaten
2021-02-05;21,72;Rohdaten
2021-02-06;21,44;Rohdaten
2021-02-07;21,47;Rohdaten
2021-02-08;21,63;Rohdaten
2021-02-09;20,53;Rohdaten
2021-02-10;21,02;Rohdaten
2021-02-11;21,33;Rohdaten
2021-02-12;21,39;Rohdaten
2021-02-13;21,47;Rohdaten
2021-02-14;21,60;Rohdaten
2021-02-15;21,67;Rohdaten
2021-02-16;21,70;Rohdaten
2021-02-17;21,72;Rohdaten
2021-02-18;21,77;Rohdaten
2021-02-19;21,82;Rohdaten
2021-02-20;21,88;Rohdaten
2021-02-21;21,94;Rohdaten
2021-02-22;21,23;Rohdaten
2021-02-23;20,57;Rohdaten
2021-02-24;20,95;Rohdaten
2021-02-25;21,14;Rohdaten
2021-02-26;21,39;Rohdaten
2021-02-27;21,62;Rohdaten
2021-02-28;21,85;Rohdaten
2021-03-01;21,96;Rohdaten
2021-03-02;22,10;Rohdaten
2021-03-03;22,24;Rohdaten
2021-03-04;22,38;Rohdaten
2021-03-05;22,68;Rohdaten
2021-03-06;22,46;Rohdaten
2021-03-07;21,66;Rohdaten
2021-03-08;22,01;Rohdaten
2021-03-09;22,25;Rohdaten
2021-03-10;22,27;Rohdaten
2021-03-11;22,35;Rohdaten
2021-03-12;22,46;Rohdaten
2021-03-13;22,60;Rohdaten
2021-03-14;22,73;Rohdaten
2021-03-15;22,81;Rohdaten
2021-03-16;22,28;Rohdaten
2021-03-17;21,90;Rohdaten
2021-03-18;22,46;Rohdaten
2021-03-19;22,80;Rohdaten
2021-03-20;22,93;Rohdaten
2021-03-21;23,08;Rohdaten
2021-03-22;23,13;Rohdaten
2021-03-23;23,21;Rohdaten
2021-03-24;23,18;Rohdaten
2021-03-25;23,20;Rohdaten
2021-03-26;23,29;Rohdaten
2021-03-27;22,56;Rohdaten
2021-03-28;22,22;Rohdaten
2021-03-29;22,65;Rohdaten
2021-03-30;22,89;Rohdaten
2021-03-31;23,10;Rohdaten
2021-04-01;23,03;Rohdaten
2021-04-02;23,15;Rohdaten
2021-04-03;23,15;Rohdaten
2021-04-04;23,21;Rohdaten
2021-04-05;23,32;Rohdaten
2021-04-06;23,18;Rohdaten
2021-05-11;22,90;Rohdaten
2021-07-21;24,68;Rohdaten
2021-07-22;24,90;Rohdaten
2021-07-23;24,88;Rohdaten
2021-07-24;24,81;Rohdaten
2021-07-25;24,49;Rohdaten
2021-07-26;24,57;Rohdaten
2021-07-27;24,70;Rohdaten
2021-07-28;24,85;Rohdaten
2021-07-29;24,87;Rohdaten
2021-07-30;24,94;Rohdaten
2021-07-31;24,40;Rohdaten
2021-08-01;25,07;Rohdaten
2021-08-02;24,66;Rohdaten
2021-08-03;24,79;Rohdaten
2021-08-04;24,76;Rohdaten
2021-08-05;24,91;Rohdaten
2021-08-06;25,06;Rohdaten
2021-08-07;25,24;Rohdaten
2021-08-08;24,76;Rohdaten
2021-08-09;24,78;Rohdaten
2021-08-10;24,94;Rohdaten
2021-08-11;25,04;Rohdaten
2021-08-12;24,84;Rohdaten
2021-08-13;24,81;Rohdaten
2021-08-14;25,00;Rohdaten
2021-08-15;25,06;Rohdaten
2021-08-16;25,03;Rohdaten
2021-08-17;24,48;Rohdaten
2021-08-18;25,06;Rohdaten
2021-08-19;25,28;Rohdaten
2021-08-20;25,14;Rohdaten
2021-08-21;25,02;Rohdaten
2021-08-22;25,79;Rohdaten
2021-08-23;25,86;Rohdaten
2021-08-24;25,63;Rohdaten
2021-08-25;25,16;Rohdaten
2021-08-26;25,52;Rohdaten
2021-08-27;25,68;Rohdaten
2021-08-28;25,75;Rohdaten
2021-08-29;25,86;Rohdaten
2021-08-30;25,64;Rohdaten
2021-08-31;25,34;Rohdaten
2021-09-01;25,69;Rohdaten
2021-09-02;25,84;Rohdaten
2021-09-03;25,59;Rohdaten
2021-09-04;25,81;Rohdaten
2021-09-05;25,79;Rohdaten
2021-09-06;25,90;Rohdaten
2021-09-07;26,00;Rohdaten
2021-09-08;26,15;Rohdaten
2021-09-09;26,20;Rohdaten
2021-09-10;26,13;Rohdaten
2021-09-11;25,82;Rohdaten
2021-09-12;26,11;Rohdaten
2021-09-13;26,23;Rohdaten
2021-09-14;26,36;Rohdaten
2021-09-15;25,97;Rohdaten
2021-09-16;25,86;Rohdaten
2021-09-17;26,06;Rohdaten
2021-09-18;26,03;Rohdaten
2021-09-19;26,32;Rohdaten
2021-09-20;26,46;Rohdaten
2021-09-21;26,39;Rohdaten
2021-09-22;26,18;Rohdaten
2021-09-23;26,41;Rohdaten
2021-09-24;26,27;Rohdaten
2021-09-25;26,64;Rohdaten
2021-09-26;26,68;Rohdaten
2021-09-27;26,79;Rohdaten
2021-09-28;26,75;Rohdaten
2021-09-29;26,51;Rohdaten
2021-09-30;26,01;Rohdaten
2021-10-01;26,25;Rohdaten
2021-10-02;26,50;Rohdaten
2021-10-03;26,82;Rohdaten
2021-10-04;27,01;Rohdaten
2021-10-05;27,19;Rohdaten
2021-10-06;26,96;Rohdaten
2021-10-07;26,85;Rohdaten
2021-10-08;26,90;Rohdaten
2021-10-09;27,11;Rohdaten
2021-10-10;27,02;Rohdaten
2021-10-11;26,89;Rohdaten
2021-10-12;26,79;Rohdaten
2021-10-13;27,00;Rohdaten
2021-10-14;27,10;Rohdaten
2021-10-15;27,25;Rohdaten
2021-10-16;27,19;Rohdaten
2021-10-17;27,10;Rohdaten
2021-10-18;27,09;Rohdaten
2021-10-19;27,24;Rohdaten
2021-10-20;27,53;Rohdaten
2021-10-21;27,26;Rohdaten
2021-10-22;27,22;Rohdaten
2021-10-23;26,86;Rohdaten
2021-10-24;26,81;Rohdaten
2021-10-25;27,00;Rohdaten
2021-10-26;27,20;Rohdaten
2021-10-27;27,22;Rohdaten
2021-10-28;27,23;Rohdaten
2021-10-29;27,52;Rohdaten
2021-10-30;27,14;Rohdaten
2021-10-31;27,44;Rohdaten
2021-11-01;27,63;Rohdaten
2021-11-02;27,38;Rohdaten
2021-11-03;27,48;Rohdaten
2021-11-04;27,23;Rohdaten
2021-11-05;26,87;Rohdaten
2021-11-06;27,29;Rohdaten
2021-11-07;27,33;Rohdaten
2021-11-08;27,39;Rohdaten
2021-11-09;27,05;Rohdaten
2021-11-10;26,92;Rohdaten
2021-11-11;27,27;Rohdaten
2021-11-12;26,98;Rohdaten
2021-11-13;27,31;Rohdaten
2021-11-14;27,31;Rohdaten
2021-11-15;27,32;Rohdaten
2021-11-16;27,31;Rohdaten
2021-11-17;26,85;Rohdaten
2021-11-18;27,09;Rohdaten
2021-11-19;27,09;Rohdaten
2021-11-20;27,25;Rohdaten
2021-11-21;26,89;Rohdaten
2021-11-22;27,22;Rohdaten
2021-11-23;27,03;Rohdaten
2021-11-24;27,13;Rohdaten
2021-11-25;26,87;Rohdaten
2021-11-26;27,19;Rohdaten
2021-11-27;27,21;Rohdaten
2021-11-28;27,25;Rohdaten
2021-11-29;26,48;Rohdaten
2021-11-30;26,10;Rohdaten
2021-12-01;26,01;Rohdaten
2021-12-02;26,05;Rohdaten
2021-12-03;26,17;Rohdaten
2021-12-04;26,40;Rohdaten
2021-12-05;26,46;Rohdaten
2021-12-06;26,43;Rohdaten
2021-12-07;26,46;Rohdaten
2021-12-08;26,44;Rohdaten
2021-12-09;26,45;Rohdaten
2021-12-10;26,79;Rohdaten
2021-12-11;27,31;Rohdaten
2021-12-12;27,22;Rohdaten
2021-12-13;26,74;Rohdaten
2021-12-14;26,38;Rohdaten
2021-12-15;26,38;Rohdaten
2021-12-16;25,41;Rohdaten
2021-12-17;24,81;Rohdaten
2021-12-18;25,00;Rohdaten
2021-12-19;25,13;Rohdaten
2021-12-20;25,36;Rohdaten
2021-12-21;25,53;Rohdaten
2021-12-22;25,54;Rohdaten
2021-12-23;25,75;Rohdaten
2021-12-24;25,99;Rohdaten
2021-12-25;26,11;Rohdaten
2021-12-26;26,08;Rohdaten
2021-12-27;26,35;Rohdaten
2021-12-28;26,58;Rohdaten
2021-12-29;26,85;Rohdaten
2021-12-30;26,54;Rohdaten
2021-12-31;26,41;Rohdaten
2022-01-01;26,17;Rohdaten
2022-01-02;26,38;Rohdaten
2022-01-03;26,37;Rohdaten
2022-01-04;26,62;Rohdaten
2022-01-05;26,56;Rohdaten
2022-01-06;26,54;Rohdaten
2022-01-07;25,98;Rohdaten
2022-01-08;25,26;Rohdaten
2022-01-09;25,31;Rohdaten
2022-01-10;25,28;Rohdaten
2022-01-11;25,32;Rohdaten
2022-01-12;25,32;Rohdaten
2022-01-13;25,38;Rohdaten
2022-01-14;25,48;Rohdaten
2022-01-15;25,49;Rohdaten
2022-01-16;25,65;Rohdaten
2022-01-17;25,53;Rohdaten
2022-01-18;25,58;Rohdaten
2022-01-19;25,74;Rohdaten
2022-01-20;25,94;Rohdaten
2022-01-21;25,79;Rohdaten
2022-01-22;25,89;Rohdaten
2022-01-23;25,69;Rohdaten
2022-01-24;25,76;Rohdaten
2022-01-25;25,91;Rohdaten
2022-01-26;25,87;Rohdaten
2022-01-27;25,92;Rohdaten
2022-01-28;25,93;Rohdaten
2022-01-29;26,09;Rohdaten
2022-01-30;26,21;Rohdaten
2022-01-31;26,40;Rohdaten
2022-02-01;26,36;Rohdaten
2022-02-02;25,91;Rohdaten
2022-02-03;26,05;Rohdaten
2022-02-04;26,15;Rohdaten
2022-02-05;26,32;Rohdaten
2022-02-06;26,44;Rohdaten
2022-02-07;26,64;Rohdaten
2022-02-08;26,51;Rohdaten
2022-02-09;26,53;Rohdaten
2022-02-10;26,64;Rohdaten
2022-02-11;26,63;Rohdaten
2022-02-12;26,62;Rohdaten
2022-02-13;26,73;Rohdaten
2022-02-14;26,86;Rohdaten
2022-02-15;26,51;Rohdaten
2022-02-16;26,40;Rohdaten
2022-02-17;26,58;Rohdaten
2022-02-18;26,59;Rohdaten
2022-02-19;26,74;Rohdaten
2022-02-20;26,82;Rohdaten
2022-02-21;27,02;Rohdaten
2022-02-22;26,95;Rohdaten
2022-02-23;26,97;Rohdaten
2022-02-24;27,20;Rohdaten
2022-02-25;27,68;Rohdaten
2022-02-26;27,71;Rohdaten
2022-02-27;27,76;Rohdaten
2022-02-28;27,76;Rohdaten
2022-03-01;27,92;Rohdaten
2022-03-02;27,98;Rohdaten
2022-03-03;28,22;Rohdaten
2022-03-04;27,59;Rohdaten
2022-03-05;26,61;Rohdaten
2022-03-06;26,88;Rohdaten
2022-03-07;26,99;Rohdaten
2022-03-08;25,90;Rohdaten
2022-03-09;23,67;Rohdaten
2022-03-10;23,79;Rohdaten
2022-03-11;24,18;Rohdaten
2022-03-12;24,36;Rohdaten
2022-03-13;24,46;Rohdaten
2022-03-14;24,44;Rohdaten
2022-03-15;24,64;Rohdaten
2022-03-16;24,65;Rohdaten
2022-03-17;24,87;Rohdaten
2022-03-18;24,80;Rohdaten
2022-03-19;24,97;Rohdaten
2022-03-20;25,00;Rohdaten
2022-03-21;24,78;Rohdaten
2022-03-22;24,93;Rohdaten
2022-03-23;24,89;Rohdaten
2022-03-24;25,08;Rohdaten
2022-03-25;24,85;Rohdaten
2022-03-26;24,86;Rohdaten
2022-03-27;24,80;Rohdaten
2022-03-28;24,83;Rohdaten
2022-03-29;24,26;Rohdaten
2022-03-30;24,51;Rohdaten
2022-03-31;24,66;Rohdaten
2022-04-01;24,94;Rohdaten
2022-04-02;25,01;Rohdaten
2022-04-03;25,05;Rohdaten
2022-04-04;25,12;Rohdaten
2022-04-05;25,32;Rohdaten
2022-04-06;25,27;Rohdaten
2022-04-07;25,46;Rohdaten
2022-04-08;25,60;Rohdaten
2022-04-09;25,63;Rohdaten
2022-04-10;25,59;Rohdaten
2022-04-11;25,69;Rohdaten
2022-04-12;24,36;Rohdaten
2022-04-13;24,48;Rohdaten
2022-04-14;24,90;Rohdaten
2022-04-15;25,03;Rohdaten
2022-04-16;25,20;Rohdaten
2022-04-17;25,36;Rohdaten
2022-04-18;25,46;Rohdaten
2022-04-19;25,68;Rohdaten
2022-04-20;25,82;Rohdaten
2022-04-21;25,96;Rohdaten
2022-04-22;26,17;Rohdaten
2022-04-23;26,21;Rohdaten
2022-04-24;26,36;Rohdaten
2022-04-25;25,76;Rohdaten
2022-04-26;26,01;Rohdaten
2022-04-27;26,06;Rohdaten
2022-04-28;26,12;Rohdaten
2022-04-29;26,25;Rohdaten
2022-04-30;26,38;Rohdaten
2022-05-01;26,46;Rohdaten
2022-05-02;26,60;Rohdaten
2022-05-03;26,52;Rohdaten
2022-05-04;26,48;Rohdaten
2022-05-05;26,58;Rohdaten
2022-05-06;26,67;Rohdaten
2022-05-07;26,88;Rohdaten
2022-05-08;26,87;Rohdaten
2022-05-09;26,38;Rohdaten
2022-05-10;25,46;Rohdaten
2022-05-11;25,74;Rohdaten
2022-05-12;26,18;Rohdaten
2022-05-13;26,54;Rohdaten
2022-05-14;26,78;Rohdaten
2022-05-15;27,10;Rohdaten
2022-05-16;27,29;Rohdaten
2022-05-17;27,33;Rohdaten
2022-05-18;27,40;Rohdaten
2022-05-19;27,56;Rohdaten
2022-05-20;26,73;Rohdaten
2022-05-21;27,11;Rohdaten
2022-05-22;27,56;Rohdaten
2022-05-23;27,92;Rohdaten
2022-05-24;27,89;Rohdaten
2022-05-25;27,89;Rohdaten
2022-05-26;27,97;Rohdaten
2022-05-27;28,08;Rohdaten
2022-05-28;28,24;Rohdaten
2022-05-29;28,12;Rohdaten
2022-05-30;27,92;Rohdaten
2022-05-31;28,27;Rohdaten
2022-06-01;27,96;Rohdaten
2022-06-02;27,47;Rohdaten
2022-06-03;27,99;Rohdaten
2022-06-04;28,37;Rohdaten
2022-06-05;28,73;Rohdaten
2022-06-06;28,54;Rohdaten
2022-06-07;27,94;Rohdaten
2022-06-08;28,08;Rohdaten
2022-06-09;28,69;Rohdaten
2022-06-10;28,57;Rohdaten
2022-06-11;28,53;Rohdaten
2022-06-12;28,58;Rohdaten
2022-06-13;28,70;Rohdaten
2022-06-14;28,70;Rohdaten
2022-06-15;28,75;Rohdaten
2022-06-16;28,73;Rohdaten
2022-06-17;28,30;Rohdaten
2022-06-18;27,85;Rohdaten
2022-06-19;28,46;Rohdaten
2022-06-20;28,80;Rohdaten
2022-06-21;28,95;Rohdaten
2022-06-22;28,93;Rohdaten
2022-06-23;28,94;Rohdaten
2022-06-24;29,08;Rohdaten
2022-06-25;29,06;Rohdaten
2022-06-26;29,04;Rohdaten
2022-06-27;29,01;Rohdaten
2022-06-28;28,22;Rohdaten
2022-06-29;28,71;Rohdaten
2022-06-30;29,05;Rohdaten
2022-07-01;29,35;Rohdaten
2022-07-02;29,43;Rohdaten
2022-07-03;29,55;Rohdaten
2022-07-04;29,61;Rohdaten
2022-07-05;29,65;Rohdaten
2022-07-06;29,64;Rohdaten
2022-07-07;29,74;Rohdaten
2022-07-08;29,67;Rohdaten
2022-07-09;29,41;Rohdaten
2022-07-10;29,70;Rohdaten
2022-07-11;29,83;Rohdaten
2022-07-12;30,03;Rohdaten
2022-07-13;30,14;Rohdaten
2022-07-14;30,31;Rohdaten
2022-07-15;30,28;Rohdaten
2022-07-16;30,37;Rohdaten
2022-07-17;28,33;Rohdaten
2022-07-18;24,84;Rohdaten
2022-07-19;25,21;Rohdaten
2022-07-20;25,39;Rohdaten
2022-07-21;25,53;Rohdaten
2022-07-22;24,92;Rohdaten
2022-07-23;23,42;Rohdaten
2022-07-24;24,04;Rohdaten
2022-07-25;24,54;Rohdaten
2022-07-26;24,72;Rohdaten
2022-07-27;24,88;Rohdaten
2022-07-28;25,01;Rohdaten
2022-07-29;25,01;Rohdaten
2022-07-30;24,55;Rohdaten
2022-07-31;24,01;Rohdaten
2022-08-01;24,00;Rohdaten
2022-08-02;21,08;Rohdaten
2022-08-03;19,83;Rohdaten
2022-08-04;20,06;Rohdaten
2022-08-05;20,28;Rohdaten
2022-08-06;20,26;Rohdaten
2022-08-07;20,10;Rohdaten
2022-08-08;19,79;Rohdaten
2022-08-09;19,92;Rohdaten
2022-08-10;20,13;Rohdaten
2022-08-11;19,92;Rohdaten
2022-08-12;19,24;Rohdaten
2022-08-13;18,93;Rohdaten
2022-08-14;19,65;Rohdaten
2022-08-15;19,85;Rohdaten
2022-08-16;19,83;Rohdaten
2022-08-17;19,91;Rohdaten
2022-08-18;19,71;Rohdaten
2022-08-19;19,59;Rohdaten
2022-08-20;20,04;Rohdaten
2022-08-21;19,94;Rohdaten
2022-08-22;19,96;Rohdaten
2022-08-23;19,88;Rohdaten
2022-08-24;19,51;Rohdaten
2022-08-25;19,42;Rohdaten
2022-08-26;19,61;Rohdaten
2022-08-27;19,58;Rohdaten
2022-08-28;19,68;Rohdaten
2022-08-29;19,61;Rohdaten
2022-08-30;19,33;Rohdaten
2022-08-31;19,46;Rohdaten
2022-09-01;19,62;Rohdaten
2022-09-02;19,71;Rohdaten
2022-09-03;19,85;Rohdaten
2022-09-04;19,84;Rohdaten
2022-09-05;19,78;Rohdaten
2022-09-06;19,02;Rohdaten
2022-09-07;19,05;Rohdaten
2022-09-08;19,54;Rohdaten
2022-09-09;19,82;Rohdaten
2022-09-10;19,66;Rohdaten
2022-09-11;19,66;Rohdaten
2022-09-12;19,44;Rohdaten
2022-09-13;19,35;Rohdaten
2022-09-14;20,00;Rohdaten
2022-09-15;19,70;Rohdaten
2022-09-16;19,63;Rohdaten
2022-09-17;19,57;Rohdaten
2022-09-18;19,73;Rohdaten
2022-09-19;19,68;Rohdaten
2022-09-20;19,11;Rohdaten
2022-09-21;19,24;Rohdaten
2022-09-22;19,46;Rohdaten
2022-09-23;19,55;Rohdaten
2022-09-24;19,60;Rohdaten
2022-09-25;19,55;Rohdaten
2022-09-26;19,68;Rohdaten
2022-09-27;19,52;Rohdaten
2022-09-28;19,48;Rohdaten
2022-09-29;19,56;Rohdaten
2022-09-30;19,66;Rohdaten
2022-10-01;19,76;Rohdaten
2022-10-02;19,79;Rohdaten
2022-10-03;19,63;Rohdaten
2022-10-04;19,67;Rohdaten
2022-10-05;18,76;Rohdaten
2022-10-06;19,54;Rohdaten
2022-10-07;19,77;Rohdaten
2022-10-08;19,86;Rohdaten
2022-10-09;19,82;Rohdaten
2022-10-10;20,21;Rohdaten
2022-10-11;20,22;Rohdaten
2022-10-12;18,85;Rohdaten
2022-10-13;19,23;Rohdaten
2022-10-14;19,55;Rohdaten
2022-10-15;19,80;Rohdaten
2022-10-16;19,47;Rohdaten
2022-10-17;19,52;Rohdaten
2022-10-18;19,73;Rohdaten
2022-10-19;19,79;Rohdaten
2022-10-20;19,75;Rohdaten
2022-10-21;19,80;Rohdaten
2022-10-22;19,95;Rohdaten
2022-10-23;19,97;Rohdaten
2022-10-24;20,02;Rohdaten
2022-10-25;19,88;Rohdaten
2022-10-26;19,96;Rohdaten
2022-10-27;19,98;Rohdaten
2022-10-28;19,98;Rohdaten
2022-10-29;19,58;Rohdaten
2022-10-30;19,83;Rohdaten
2022-10-31;20,04;Rohdaten
2022-11-01;20,07;Rohdaten
2022-11-02;20,11;Rohdaten
2022-11-03;20,18;Rohdaten
2022-11-04;19,89;Rohdaten
2022-11-05;20,05;Rohdaten
2022-11-06;20,19;Rohdaten
2022-11-07;20,18;Rohdaten
2022-11-08;20,27;Rohdaten
2022-11-09;20,30;Rohdaten
2022-11-10;20,14;Rohdaten
2022-11-11;20,11;Rohdaten
2022-11-12;20,15;Rohdaten
2022-11-13;20,26;Rohdaten
2022-11-14;20,27;Rohdaten
2022-11-15;20,31;Rohdaten
2022-11-16;19,99;Rohdaten
2022-11-17;20,24;Rohdaten
2022-11-18;20,39;Rohdaten
2022-11-19;20,36;Rohdaten
2022-11-20;20,18;Rohdaten
2022-11-21;19,78;Rohdaten
2022-11-22;19,70;Rohdaten
2022-11-23;20,01;Rohdaten
2022-11-24;20,46;Rohdaten
2022-11-25;20,79;Rohdaten
2022-11-26;20,44;Rohdaten
2022-11-27;19,30;Rohdaten
2022-11-28;19,11;Rohdaten
2022-11-29;19,28;Rohdaten
2022-11-30;19,82;Rohdaten
2022-12-01;20,00;Rohdaten
2022-12-02;20,19;Rohdaten
2022-12-03;20,36;Rohdaten
2022-12-04;20,25;Rohdaten
2022-12-05;20,08;Rohdaten
2022-12-06;20,18;Rohdaten
2022-12-07;20,22;Rohdaten
2022-12-08;20,24;Rohdaten
2022-12-09;20,27;Rohdaten
2022-12-10;19,63;Rohdaten
2022-12-11;20,11;Rohdaten
2022-12-12;20,34;Rohdaten
2022-12-13;20,43;Rohdaten
2022-12-14;20,45;Rohdaten
2022-12-15;20,57;Rohdaten
2022-12-16;19,70;Rohdaten
2022-12-17;20,06;Rohdaten
2022-12-18;20,14;Rohdaten
2022-12-19;20,18;Rohdaten
2022-12-20;20,26;Rohdaten
2022-12-21;20,24;Rohdaten
2022-12-22;20,43;Rohdaten
2022-12-23;20,57;Rohdaten
2022-12-24;20,36;Rohdaten
2022-12-25;20,31;Rohdaten
2022-12-26;20,36;Rohdaten
2022-12-27;20,30;Rohdaten
2022-12-28;20,34;Rohdaten
2022-12-29;20,35;Rohdaten
2022-12-30;21,04;Rohdaten
2022-12-31;23,77;Rohdaten
