﻿Quelle:;"Bayerisches Landesamt für Umwelt, www.gkd.bayern.de"
Datenbankabfrage:;"24.02.2023 16:00"
Zeitbezug:;MEZ
Messstellen-Name:;"Kirchenflussquelle 13/2"
Messstellen-Nr.:;20500
Ostwert:;707479;Nordwert:;5453946;"ETRS89 / UTM Zone 32N"

Datum;"Quellschüttung [l/s]";Prüfstatus
2023-01-01;22,89;Rohdaten
2023-01-02;20,28;Rohdaten
2023-01-03;20,26;Rohdaten
2023-01-04;20,30;Rohdaten
2023-01-05;20,27;Rohdaten
2023-01-06;20,32;Rohdaten
2023-01-07;19,73;Rohdaten
2023-01-08;19,68;Rohdaten
2023-01-09;19,95;Rohdaten
2023-01-10;20,02;Rohdaten
2023-01-11;20,17;Rohdaten
2023-01-12;20,21;Rohdaten
2023-01-13;20,20;Rohdaten
2023-01-14;20,42;Rohdaten
2023-01-15;20,51;Rohdaten
2023-01-16;20,47;Rohdaten
2023-01-17;19,42;Rohdaten
2023-01-18;18,91;Rohdaten
2023-01-19;19,25;Rohdaten
2023-01-20;19,41;Rohdaten
2023-01-21;19,54;Rohdaten
2023-01-22;19,59;Rohdaten
2023-01-23;19,58;Rohdaten
2023-01-24;19,62;Rohdaten
2023-01-25;19,66;Rohdaten
2023-01-26;19,71;Rohdaten
2023-01-27;19,72;Rohdaten
2023-01-28;19,65;Rohdaten
2023-01-29;19,60;Rohdaten
2023-01-30;19,68;Rohdaten
2023-01-31;19,77;Rohdaten
