﻿Quelle:;"Bayerisches Landesamt für Umwelt, www.gkd.bayern.de"
Datenbankabfrage:;"24.02.2023 15:39"
Zeitbezug:;MEZ
Messstellen-Name:;"Kirchenflussquelle 13/2"
Messstellen-Nr.:;20500
Ostwert:;707479;Nordwert:;5453946;"ETRS89 / UTM Zone 32N"

Datum;"Quellschüttung [l/s]";Prüfstatus
2023-02-01;19,87;Rohdaten
2023-02-02;20,14;Rohdaten
2023-02-03;20,61;Rohdaten
2023-02-04;20,52;Rohdaten
2023-02-05;20,26;Rohdaten
2023-02-06;20,27;Rohdaten
2023-02-07;20,24;Rohdaten
2023-02-08;20,22;Rohdaten
2023-02-09;20,10;Rohdaten
2023-02-10;20,14;Rohdaten
2023-02-11;20,29;Rohdaten
2023-02-12;20,40;Rohdaten
2023-02-13;20,38;Rohdaten
2023-02-14;20,47;Rohdaten
2023-02-15;20,56;Rohdaten
2023-02-16;20,57;Rohdaten
2023-02-17;20,66;Rohdaten
2023-02-18;20,69;Rohdaten
2023-02-19;20,79;Rohdaten
2023-02-20;20,77;Rohdaten
2023-02-21;20,85;Rohdaten
2023-02-22;20,81;Rohdaten
2023-02-23;20,87;Rohdaten
