﻿Quelle:;"Bayerisches Landesamt für Umwelt, www.gkd.bayern.de"
Datenbankabfrage:;"24.02.2023 15:39"
Zeitbezug:;MEZ
Messstellen-Name:;"Kleinalfalterbach Quelle 1"
Messstellen-Nr.:;20560
Ostwert:;686476;Nordwert:;5452626;"ETRS89 / UTM Zone 32N"

Datum;"Quellschüttung [l/s]";Prüfstatus
2023-02-01;5,72;Rohdaten
2023-02-02;12,62;Rohdaten
2023-02-03;28,99;Rohdaten
2023-02-04;29,29;Rohdaten
2023-02-05;29,68;Rohdaten
2023-02-06;29,72;Rohdaten
2023-02-07;29,26;Rohdaten
2023-02-08;27,78;Rohdaten
2023-02-09;26,10;Rohdaten
2023-02-10;23,85;Rohdaten
2023-02-11;20,56;Rohdaten
2023-02-12;17,36;Rohdaten
2023-02-13;14,76;Rohdaten
2023-02-14;13,75;Rohdaten
2023-02-15;12,38;Rohdaten
2023-02-16;11,20;Rohdaten
2023-02-17;10,07;Rohdaten
2023-02-18;8,72;Rohdaten
2023-02-19;7,81;Rohdaten
2023-02-20;8,20;Rohdaten
2023-02-21;8,68;Rohdaten
2023-02-22;8,50;Rohdaten
2023-02-23;8,29;Rohdaten
