﻿Quelle:;"Bayerisches Landesamt für Umwelt, www.gkd.bayern.de"
Datenbankabfrage:;"24.02.2023 16:00"
Zeitbezug:;MEZ
Messstellen-Name:;"Kleinalfalterbach Quelle 1"
Messstellen-Nr.:;20560
Ostwert:;686476;Nordwert:;5452626;"ETRS89 / UTM Zone 32N"

Datum;"Quellschüttung [l/s]";Prüfstatus
2023-01-01;23,34;Rohdaten
2023-01-02;21,46;Rohdaten
2023-01-03;17,87;Rohdaten
2023-01-04;15,37;Rohdaten
2023-01-05;13,82;Rohdaten
2023-01-06;12,20;Rohdaten
2023-01-07;11,08;Rohdaten
2023-01-08;10,49;Rohdaten
2023-01-09;10,37;Rohdaten
2023-01-10;9,40;Rohdaten
2023-01-11;9,64;Rohdaten
2023-01-12;12,59;Rohdaten
2023-01-13;14,02;Rohdaten
2023-01-14;13,77;Rohdaten
2023-01-15;17,60;Rohdaten
2023-01-16;25,59;Rohdaten
2023-01-17;24,51;Rohdaten
2023-01-18;20,75;Rohdaten
2023-01-19;16,02;Rohdaten
2023-01-20;13,95;Rohdaten
2023-01-21;11,87;Rohdaten
2023-01-22;10,29;Rohdaten
2023-01-23;9,03;Rohdaten
2023-01-24;7,95;Rohdaten
2023-01-25;7,30;Rohdaten
2023-01-26;6,75;Rohdaten
2023-01-27;6,23;Rohdaten
2023-01-28;5,73;Rohdaten
2023-01-29;5,53;Rohdaten
2023-01-30;5,38;Rohdaten
2023-01-31;5,11;Rohdaten
