﻿Quelle:;"Bayerisches Landesamt für Umwelt, www.gkd.bayern.de"
Datenbankabfrage:;"24.02.2023 15:39"
Zeitbezug:;MEZ
Messstellen-Name:;Schlögelsmühle/Hallerbrunnen
Messstellen-Nr.:;20557
Ostwert:;691287;Nordwert:;5472290;"ETRS89 / UTM Zone 32N"

Datum;"Quellschüttung [l/s]";Prüfstatus
2023-02-01;53,89;Rohdaten
2023-02-02;54,89;Rohdaten
2023-02-03;59,88;Rohdaten
2023-02-04;71,09;Rohdaten
2023-02-05;69,92;Rohdaten
2023-02-06;69,05;Rohdaten
2023-02-07;68,75;Rohdaten
2023-02-08;67,36;Rohdaten
2023-02-09;67,01;Rohdaten
2023-02-10;66,25;Rohdaten
2023-02-11;64,70;Rohdaten
2023-02-12;64,15;Rohdaten
2023-02-13;63,65;Rohdaten
2023-02-14;62,03;Rohdaten
2023-02-15;61,75;Rohdaten
2023-02-16;61,05;Rohdaten
2023-02-17;60,51;Rohdaten
2023-02-18;60,36;Rohdaten
2023-02-19;60,93;Rohdaten
2023-02-20;59,81;Rohdaten
2023-02-21;59,78;Rohdaten
2023-02-22;59,29;Rohdaten
2023-02-23;59,27;Rohdaten
