﻿Quelle:;"Bayerisches Landesamt für Umwelt, www.gkd.bayern.de"
Datenbankabfrage:;"24.02.2023 16:00"
Zeitbezug:;MEZ
Messstellen-Name:;"Schwalbquelle Gosheim"
Messstellen-Nr.:;8501
Ostwert:;626502;Nordwert:;5411797;"ETRS89 / UTM Zone 32N"

Datum;"Quellschüttung [l/s]";Prüfstatus
2023-01-01;17,32;Rohdaten
2023-01-02;17,23;Rohdaten
2023-01-03;17,14;Rohdaten
2023-01-04;17,04;Rohdaten
2023-01-05;17,25;Rohdaten
2023-01-08;17,37;Rohdaten
2023-01-09;17,34;Rohdaten
2023-01-10;17,25;Rohdaten
2023-01-11;17,25;Rohdaten
2023-01-12;17,26;Rohdaten
2023-01-13;17,45;Rohdaten
2023-01-14;17,28;Rohdaten
2023-01-15;17,55;Rohdaten
2023-01-16;17,77;Rohdaten
2023-01-17;17,65;Rohdaten
2023-01-18;17,77;Rohdaten
2023-01-19;17,60;Rohdaten
2023-01-20;17,55;Rohdaten
2023-01-21;17,55;Rohdaten
2023-01-22;17,55;Rohdaten
2023-01-23;17,49;Rohdaten
2023-01-24;17,34;Rohdaten
2023-01-25;17,27;Rohdaten
2023-01-26;17,25;Rohdaten
2023-01-27;17,25;Rohdaten
2023-01-28;17,25;Rohdaten
2023-01-29;17,25;Rohdaten
2023-01-30;17,25;Rohdaten
2023-01-31;17,25;Rohdaten
