﻿Quelle:;"Bayerisches Landesamt für Umwelt, www.gkd.bayern.de"
Datenbankabfrage:;"24.02.2023 15:39"
Zeitbezug:;MEZ
Messstellen-Name:;"Schwalbquelle Gosheim"
Messstellen-Nr.:;8501
Ostwert:;626502;Nordwert:;5411797;"ETRS89 / UTM Zone 32N"

Datum;"Quellschüttung [l/s]";Prüfstatus
2023-02-01;17,28;Rohdaten
2023-02-02;17,27;Rohdaten
2023-02-03;17,26;Rohdaten
2023-02-04;17,27;Rohdaten
2023-02-05;17,27;Rohdaten
2023-02-06;17,16;Rohdaten
2023-02-07;17,11;Rohdaten
2023-02-08;17,16;Rohdaten
2023-02-09;17,18;Rohdaten
2023-02-10;17,03;Rohdaten
2023-02-11;17,07;Rohdaten
2023-02-12;17,23;Rohdaten
2023-02-13;17,25;Rohdaten
2023-02-14;17,25;Rohdaten
2023-02-15;17,25;Rohdaten
2023-02-16;17,26;Rohdaten
2023-02-17;17,25;Rohdaten
2023-02-18;17,42;Rohdaten
2023-02-19;17,55;Rohdaten
2023-02-20;17,37;Rohdaten
2023-02-21;17,38;Rohdaten
2023-02-22;17,76;Rohdaten
2023-02-23;17,83;Rohdaten
