﻿Quelle:;"Bayerisches Landesamt für Umwelt, www.gkd.bayern.de"
Datenbankabfrage:;"24.02.2023 15:39"
Zeitbezug:;MEZ
Messstellen-Name:;"Strössendorf Quelle"
Messstellen-Nr.:;5561
Ostwert:;658179;Nordwert:;5555469;"ETRS89 / UTM Zone 32N"

Datum;"Quellschüttung [l/s]";Prüfstatus
2023-02-01;0,37;Rohdaten
2023-02-02;0,38;Rohdaten
2023-02-03;0,38;Rohdaten
2023-02-04;0,38;Rohdaten
2023-02-05;0,39;Rohdaten
2023-02-06;0,40;Rohdaten
2023-02-07;0,42;Rohdaten
2023-02-08;0,18;Rohdaten
2023-02-09;0,26;Rohdaten
2023-02-10;0,34;Rohdaten
2023-02-11;0,37;Rohdaten
2023-02-12;0,39;Rohdaten
2023-02-13;0,40;Rohdaten
2023-02-14;0,41;Rohdaten
2023-02-15;0,43;Rohdaten
2023-02-16;0,43;Rohdaten
2023-02-17;0,47;Rohdaten
2023-02-18;0,47;Rohdaten
2023-02-19;0,49;Rohdaten
2023-02-20;0,50;Rohdaten
2023-02-21;0,48;Rohdaten
2023-02-22;0,49;Rohdaten
2023-02-23;0,47;Rohdaten
