﻿Quelle:;"Bayerisches Landesamt für Umwelt, www.gkd.bayern.de"
Datenbankabfrage:;"24.02.2023 16:00"
Zeitbezug:;MEZ
Messstellen-Name:;Sulzthalquelle
Messstellen-Nr.:;22541
Ostwert:;573973;Nordwert:;5553586;"ETRS89 / UTM Zone 32N"

Datum;"Quellschüttung [l/s]";Prüfstatus
2023-02-01;45,36;Rohdaten
2023-02-02;55,13;Rohdaten
2023-02-03;79,12;Rohdaten
2023-02-04;90,82;Rohdaten
2023-02-05;94,78;Rohdaten
2023-02-06;94,00;Rohdaten
2023-02-07;90,72;Rohdaten
2023-02-08;86,26;Rohdaten
2023-02-09;82,06;Rohdaten
2023-02-10;77,77;Rohdaten
2023-02-11;73,34;Rohdaten
2023-02-12;69,23;Rohdaten
2023-02-13;66,33;Rohdaten
2023-02-14;63,76;Rohdaten
2023-02-15;61,64;Rohdaten
2023-02-16;59,83;Rohdaten
2023-02-17;58,23;Rohdaten
2023-02-18;56,79;Rohdaten
2023-02-19;55,50;Rohdaten
2023-02-20;54,19;Rohdaten
2023-02-21;52,98;Rohdaten
2023-02-22;52,24;Rohdaten
