﻿Quelle:;"Bayerisches Landesamt für Umwelt, www.gkd.bayern.de"
Datenbankabfrage:;"24.02.2023 16:00"
Zeitbezug:;MEZ
Messstellen-Name:;"Aschenbrunnen Pottenstein"
Messstellen-Nr.:;6516
Ostwert:;675112;Nordwert:;5515890;"ETRS89 / UTM Zone 32N"

Datum;"Quellschüttung [l/s]";Prüfstatus
2023-01-01;10,78;Rohdaten
2023-01-02;10,75;Rohdaten
2023-01-03;10,69;Rohdaten
2023-01-04;9,86;Rohdaten
2023-01-05;10,76;Rohdaten
2023-01-06;10,77;Rohdaten
2023-01-07;10,82;Rohdaten
2023-01-08;10,85;Rohdaten
2023-01-09;10,83;Rohdaten
2023-01-10;10,70;Rohdaten
2023-01-11;10,68;Rohdaten
2023-01-12;10,71;Rohdaten
2023-01-13;10,69;Rohdaten
2023-01-14;10,73;Rohdaten
2023-01-15;10,78;Rohdaten
2023-01-16;10,94;Rohdaten
2023-01-17;11,05;Rohdaten
2023-01-18;11,10;Rohdaten
2023-01-19;11,13;Rohdaten
2023-01-20;11,12;Rohdaten
2023-01-21;11,11;Rohdaten
2023-01-22;11,10;Rohdaten
2023-01-23;11,08;Rohdaten
2023-01-24;11,08;Rohdaten
2023-01-25;11,13;Rohdaten
2023-01-26;11,18;Rohdaten
2023-01-27;11,16;Rohdaten
2023-01-28;11,10;Rohdaten
2023-01-29;11,12;Rohdaten
2023-01-30;11,17;Rohdaten
2023-01-31;11,12;Rohdaten
