﻿Quelle:;"Bayerisches Landesamt für Umwelt, www.gkd.bayern.de"
Datenbankabfrage:;"24.02.2023 16:00"
Zeitbezug:;MEZ
Messstellen-Name:;"Aschenbrunnen Pottenstein"
Messstellen-Nr.:;6516
Ostwert:;675112;Nordwert:;5515890;"ETRS89 / UTM Zone 32N"

Datum;"Quellschüttung [l/s]";Prüfstatus
2013-02-24;15,87;Rohdaten
2013-02-25;15,91;Rohdaten
2013-02-26;15,90;Rohdaten
2013-02-27;15,93;Rohdaten
2013-02-28;15,88;Rohdaten
2013-03-01;15,92;Rohdaten
2013-03-02;15,90;Rohdaten
2013-03-03;15,90;Rohdaten
2013-03-04;15,92;Rohdaten
2013-03-05;15,86;Rohdaten
2013-03-06;15,91;Rohdaten
2013-03-07;15,91;Rohdaten
2013-03-08;15,89;Rohdaten
2013-03-09;15,91;Rohdaten
2013-03-10;15,93;Rohdaten
2013-03-11;15,92;Rohdaten
2013-03-12;15,91;Rohdaten
2013-03-13;15,88;Rohdaten
2013-03-14;15,93;Rohdaten
2013-03-15;15,89;Rohdaten
2013-03-16;15,90;Rohdaten
2013-03-17;15,87;Rohdaten
2013-03-18;15,91;Rohdaten
2013-03-19;15,92;Rohdaten
2013-03-20;15,90;Rohdaten
2013-03-21;15,74;Rohdaten
2013-03-22;15,74;Rohdaten
2013-03-23;15,73;Rohdaten
2013-03-24;15,76;Rohdaten
2013-03-25;15,73;Rohdaten
2013-03-26;15,82;Rohdaten
2013-03-27;15,86;Rohdaten
2013-03-28;15,90;Rohdaten
2013-03-29;15,99;Rohdaten
2013-03-30;15,86;Rohdaten
2013-03-31;15,73;Rohdaten
2013-04-01;15,87;Rohdaten
2013-04-02;15,88;Rohdaten
2013-04-03;15,87;Rohdaten
2013-04-04;15,91;Rohdaten
2013-04-05;15,86;Rohdaten
2013-04-06;15,80;Rohdaten
2013-04-07;15,77;Rohdaten
2013-04-08;15,70;Rohdaten
2013-04-09;15,79;Rohdaten
2013-04-10;15,70;Rohdaten
2013-04-11;15,83;Rohdaten
2013-04-12;15,78;Rohdaten
2013-04-13;15,74;Rohdaten
2013-04-14;15,72;Rohdaten
2013-04-15;15,64;Rohdaten
2013-04-16;15,59;Rohdaten
2013-04-17;15,60;Rohdaten
2013-04-18;15,53;Rohdaten
2013-04-19;15,59;Rohdaten
2013-04-20;15,65;Rohdaten
2013-04-21;15,68;Rohdaten
2013-04-22;15,71;Rohdaten
2013-04-23;15,72;Rohdaten
2013-04-24;15,96;Rohdaten
2013-04-25;15,86;Rohdaten
2013-04-26;15,78;Rohdaten
2013-04-27;15,85;Rohdaten
2013-04-28;15,85;Rohdaten
2013-04-29;15,93;Rohdaten
2013-04-30;15,73;Rohdaten
2013-05-01;15,82;Rohdaten
2013-05-02;15,89;Rohdaten
2013-05-03;15,87;Rohdaten
2013-05-04;15,75;Rohdaten
2013-05-05;15,81;Rohdaten
2013-05-06;15,99;Rohdaten
2013-05-07;16,17;Rohdaten
2013-05-08;16,20;Rohdaten
2013-05-09;16,06;Rohdaten
2013-05-10;16,09;Rohdaten
2013-05-11;16,05;Rohdaten
2013-05-12;16,02;Rohdaten
2013-05-13;16,07;Rohdaten
2013-05-14;16,10;Rohdaten
2013-05-15;16,15;Rohdaten
2013-05-16;16,17;Rohdaten
2013-05-17;16,20;Rohdaten
2013-05-18;16,16;Rohdaten
2013-05-19;16,01;Rohdaten
2013-05-20;15,94;Rohdaten
2013-05-21;15,95;Rohdaten
2013-05-22;15,99;Rohdaten
2013-05-23;16,09;Rohdaten
2013-05-24;16,23;Rohdaten
2013-05-25;16,26;Rohdaten
2013-05-26;16,19;Rohdaten
2013-05-27;16,10;Rohdaten
2013-05-28;16,08;Rohdaten
2013-05-29;16,06;Rohdaten
2013-05-30;16,09;Rohdaten
2013-05-31;16,29;Rohdaten
2013-06-01;16,40;Rohdaten
2013-06-02;16,45;Rohdaten
2013-06-03;16,46;Rohdaten
2013-06-04;16,47;Rohdaten
2013-06-05;16,47;Rohdaten
2013-06-06;16,44;Rohdaten
2013-06-07;16,23;Rohdaten
2013-06-08;16,11;Rohdaten
2013-06-09;16,11;Rohdaten
2013-06-10;16,15;Rohdaten
2013-06-11;16,16;Rohdaten
2013-06-12;16,21;Rohdaten
2013-06-13;16,31;Rohdaten
2013-06-14;16,38;Rohdaten
2013-06-15;16,43;Rohdaten
2013-06-16;16,54;Rohdaten
2013-06-17;16,55;Rohdaten
2013-06-18;16,47;Rohdaten
2013-06-19;16,36;Rohdaten
2013-06-20;16,22;Rohdaten
2013-06-21;16,48;Rohdaten
2013-06-22;16,63;Rohdaten
2013-06-23;16,66;Rohdaten
2013-06-24;16,72;Rohdaten
2013-06-25;16,75;Rohdaten
2013-06-26;16,70;Rohdaten
2013-06-27;16,67;Rohdaten
2013-06-28;16,63;Rohdaten
2013-06-29;16,53;Rohdaten
2013-06-30;16,27;Rohdaten
2013-07-01;16,07;Rohdaten
2013-07-02;15,94;Rohdaten
2013-07-03;15,47;Rohdaten
2013-07-04;15,42;Rohdaten
2013-07-05;15,81;Rohdaten
2013-07-06;15,63;Rohdaten
2013-07-07;15,38;Rohdaten
2013-07-08;15,70;Rohdaten
2013-07-09;15,50;Rohdaten
2013-07-10;15,56;Rohdaten
2013-07-11;15,71;Rohdaten
2013-07-12;15,56;Rohdaten
2013-07-13;15,27;Rohdaten
2013-07-14;15,50;Rohdaten
2013-07-15;15,55;Rohdaten
2013-07-16;15,36;Rohdaten
2013-07-17;15,39;Rohdaten
2013-07-18;15,64;Rohdaten
2013-07-19;15,44;Rohdaten
2013-07-20;15,42;Rohdaten
2013-07-21;15,46;Rohdaten
2013-07-22;15,75;Rohdaten
2013-07-23;15,49;Rohdaten
2013-07-24;15,62;Rohdaten
2013-07-25;15,49;Rohdaten
2013-07-26;15,56;Rohdaten
2013-07-27;15,38;Rohdaten
2013-07-28;15,57;Rohdaten
2013-07-29;15,63;Rohdaten
2013-07-30;15,41;Rohdaten
2013-07-31;15,48;Rohdaten
2013-08-01;15,50;Rohdaten
2013-08-02;15,65;Rohdaten
2013-08-03;15,49;Rohdaten
2013-08-04;15,45;Rohdaten
2013-08-05;15,53;Rohdaten
2013-08-06;15,45;Rohdaten
2013-08-07;15,48;Rohdaten
2013-08-08;15,36;Rohdaten
2013-08-09;15,29;Rohdaten
2013-08-10;15,33;Rohdaten
2013-08-11;15,44;Rohdaten
2013-08-12;15,48;Rohdaten
2013-08-13;15,40;Rohdaten
2013-08-14;15,41;Rohdaten
2013-08-15;15,38;Rohdaten
2013-08-16;15,31;Rohdaten
2013-08-17;15,39;Rohdaten
2013-08-18;15,35;Rohdaten
2013-08-19;15,36;Rohdaten
2013-08-20;15,33;Rohdaten
2013-08-21;15,41;Rohdaten
2013-08-22;15,35;Rohdaten
2013-08-23;15,32;Rohdaten
2013-08-24;15,37;Rohdaten
2013-08-25;15,34;Rohdaten
2013-08-26;15,40;Rohdaten
2013-08-27;15,36;Rohdaten
2013-08-28;15,39;Rohdaten
2013-08-29;15,32;Rohdaten
2013-08-30;15,26;Rohdaten
2013-08-31;15,31;Rohdaten
2013-09-01;15,21;Rohdaten
2013-09-02;15,32;Rohdaten
2013-09-03;15,38;Rohdaten
2013-09-04;15,43;Rohdaten
2013-09-05;15,36;Rohdaten
2013-09-06;15,36;Rohdaten
2013-09-07;15,43;Rohdaten
2013-09-08;15,40;Rohdaten
2013-09-09;15,34;Rohdaten
2013-09-10;15,22;Rohdaten
2013-09-11;15,37;Rohdaten
2013-09-12;15,34;Rohdaten
2013-09-13;15,35;Rohdaten
2013-09-14;15,36;Rohdaten
2013-09-15;15,23;Rohdaten
2013-09-16;15,28;Rohdaten
2013-09-17;15,25;Rohdaten
2013-09-18;15,26;Rohdaten
2013-09-19;15,16;Rohdaten
2013-09-20;15,36;Rohdaten
2013-09-21;15,25;Rohdaten
2013-09-22;15,18;Rohdaten
2013-09-23;15,19;Rohdaten
2013-09-24;15,08;Rohdaten
2013-09-25;15,23;Rohdaten
2013-09-26;15,26;Rohdaten
2013-09-27;15,14;Rohdaten
2013-09-28;15,34;Rohdaten
2013-09-29;15,34;Rohdaten
2013-09-30;15,22;Rohdaten
2013-10-01;15,49;Rohdaten
2013-10-02;15,34;Rohdaten
2013-10-03;14,97;Rohdaten
2013-10-04;15,31;Rohdaten
2013-10-05;15,34;Rohdaten
2013-10-06;15,29;Rohdaten
2013-10-07;15,31;Rohdaten
2013-10-08;15,29;Rohdaten
2013-10-09;15,21;Rohdaten
2013-10-10;15,30;Rohdaten
2013-10-11;15,33;Rohdaten
2013-10-12;15,19;Rohdaten
2013-10-13;15,33;Rohdaten
2013-10-14;15,33;Rohdaten
2013-10-15;15,20;Rohdaten
2013-10-16;15,28;Rohdaten
2013-10-17;15,22;Rohdaten
2013-10-18;15,23;Rohdaten
2013-10-19;15,18;Rohdaten
2013-10-20;15,20;Rohdaten
2013-10-21;15,21;Rohdaten
2013-10-22;15,25;Rohdaten
2013-10-23;15,21;Rohdaten
2013-10-24;15,22;Rohdaten
2013-10-25;15,20;Rohdaten
2013-10-26;15,20;Rohdaten
2013-10-27;15,24;Rohdaten
2013-10-28;15,24;Rohdaten
2013-10-29;15,20;Rohdaten
2013-10-30;15,28;Rohdaten
2013-10-31;15,20;Rohdaten
2013-11-01;15,22;Rohdaten
2013-11-02;15,22;Rohdaten
2013-11-03;15,20;Rohdaten
2013-11-04;15,15;Rohdaten
2013-11-05;15,14;Rohdaten
2013-11-06;15,22;Rohdaten
2013-11-07;15,24;Rohdaten
2013-11-08;15,15;Rohdaten
2013-11-09;15,21;Rohdaten
2013-11-10;15,17;Rohdaten
2013-11-11;15,09;Rohdaten
2013-11-12;15,16;Rohdaten
2013-11-13;15,15;Rohdaten
2013-11-14;15,14;Rohdaten
2013-11-15;15,18;Rohdaten
2013-11-16;15,18;Rohdaten
2013-11-17;15,15;Rohdaten
2013-11-18;15,17;Rohdaten
2013-11-19;15,14;Rohdaten
2013-11-20;15,14;Rohdaten
2013-11-21;15,12;Rohdaten
2013-11-22;15,17;Rohdaten
2013-11-23;15,20;Rohdaten
2013-11-24;15,16;Rohdaten
2013-11-25;15,20;Rohdaten
2013-11-26;15,20;Rohdaten
2013-11-27;15,21;Rohdaten
2013-11-28;15,27;Rohdaten
2013-11-29;15,27;Rohdaten
2013-11-30;15,24;Rohdaten
2013-12-01;15,27;Rohdaten
2013-12-02;15,07;Rohdaten
2013-12-03;15,14;Rohdaten
2013-12-04;15,06;Rohdaten
2013-12-05;15,06;Rohdaten
2013-12-06;15,05;Rohdaten
2013-12-07;15,06;Rohdaten
2013-12-08;15,05;Rohdaten
2013-12-09;15,02;Rohdaten
2013-12-10;15,10;Rohdaten
2013-12-11;15,29;Rohdaten
2013-12-12;15,21;Rohdaten
2013-12-13;15,05;Rohdaten
2013-12-14;15,29;Rohdaten
2013-12-15;15,19;Rohdaten
2013-12-16;15,10;Rohdaten
2013-12-17;15,05;Rohdaten
2013-12-18;15,08;Rohdaten
2013-12-19;15,11;Rohdaten
2013-12-20;15,06;Rohdaten
2013-12-21;15,07;Rohdaten
2013-12-22;15,10;Rohdaten
2013-12-23;15,09;Rohdaten
2013-12-24;15,02;Rohdaten
2013-12-25;15,04;Rohdaten
2013-12-26;;Rohdaten
2013-12-27;;Rohdaten
2013-12-28;;Rohdaten
2013-12-29;;Rohdaten
2013-12-30;;Rohdaten
2013-12-31;;Rohdaten
2014-01-01;;Rohdaten
2014-01-02;;Rohdaten
2014-01-03;;Rohdaten
2014-01-04;;Rohdaten
2014-01-05;;Rohdaten
2014-01-06;;Rohdaten
2014-01-07;;Rohdaten
2014-01-08;;Rohdaten
2014-01-09;;Rohdaten
2014-01-10;;Rohdaten
2014-01-11;;Rohdaten
2014-01-12;;Rohdaten
2014-01-13;;Rohdaten
2014-01-14;;Rohdaten
2014-01-15;14,99;Rohdaten
2014-01-16;14,98;Rohdaten
2014-01-17;14,94;Rohdaten
2014-01-18;14,95;Rohdaten
2014-01-19;14,96;Rohdaten
2014-01-20;14,91;Rohdaten
2014-01-21;14,91;Rohdaten
2014-01-22;14,89;Rohdaten
2014-01-23;14,86;Rohdaten
2014-01-24;14,85;Rohdaten
2014-01-25;14,83;Rohdaten
2014-01-26;14,85;Rohdaten
2014-01-27;14,85;Rohdaten
2014-01-28;14,84;Rohdaten
2014-01-29;14,84;Rohdaten
2014-01-30;14,83;Rohdaten
2014-01-31;14,82;Rohdaten
2014-02-01;14,84;Rohdaten
2014-02-02;14,83;Rohdaten
2014-02-03;14,92;Rohdaten
2014-02-04;14,93;Rohdaten
2014-02-05;14,98;Rohdaten
2014-02-06;14,94;Rohdaten
2014-02-07;14,97;Rohdaten
2014-02-08;14,98;Rohdaten
2014-02-09;14,92;Rohdaten
2014-02-10;14,96;Rohdaten
2014-02-11;14,94;Rohdaten
2014-02-12;14,90;Rohdaten
2014-02-13;14,85;Rohdaten
2014-02-14;14,93;Rohdaten
2014-02-15;14,95;Rohdaten
2014-02-16;14,99;Rohdaten
2014-02-17;15,04;Rohdaten
2014-02-18;14,93;Rohdaten
2014-02-19;14,99;Rohdaten
2014-02-20;14,94;Rohdaten
2014-02-21;14,92;Rohdaten
2014-02-22;14,93;Rohdaten
2014-02-23;14,86;Rohdaten
2014-02-24;14,90;Rohdaten
2014-02-25;14,84;Rohdaten
2014-02-26;14,86;Rohdaten
2014-02-27;14,81;Rohdaten
2014-02-28;14,82;Rohdaten
2014-03-01;14,85;Rohdaten
2014-03-02;14,85;Rohdaten
2014-03-03;14,86;Rohdaten
2014-03-04;14,84;Rohdaten
2014-03-05;14,81;Rohdaten
2014-03-06;14,87;Rohdaten
2014-03-07;14,87;Rohdaten
2014-03-08;14,86;Rohdaten
2014-03-09;14,86;Rohdaten
2014-03-10;14,86;Rohdaten
2014-03-11;14,81;Rohdaten
2014-03-12;14,84;Rohdaten
2014-03-13;14,80;Rohdaten
2014-03-14;14,73;Rohdaten
2014-03-15;14,81;Rohdaten
2014-03-16;14,83;Rohdaten
2014-03-17;14,82;Rohdaten
2014-03-18;14,81;Rohdaten
2014-03-19;14,87;Rohdaten
2014-03-20;14,76;Rohdaten
2014-03-21;14,81;Rohdaten
2014-03-22;14,83;Rohdaten
2014-03-23;14,87;Rohdaten
2014-03-24;14,81;Rohdaten
2014-03-25;14,85;Rohdaten
2014-03-26;14,86;Rohdaten
2014-03-27;14,81;Rohdaten
2014-03-28;14,81;Rohdaten
2014-03-29;14,91;Rohdaten
2014-03-30;14,83;Rohdaten
2014-03-31;14,73;Rohdaten
2014-04-01;14,86;Rohdaten
2014-04-02;14,91;Rohdaten
2014-04-03;14,88;Rohdaten
2014-04-04;14,91;Rohdaten
2014-04-05;14,89;Rohdaten
2014-04-06;15,03;Rohdaten
2014-04-07;14,94;Rohdaten
2014-04-08;14,90;Rohdaten
2014-04-09;14,80;Rohdaten
2014-04-10;14,85;Rohdaten
2014-04-11;14,78;Rohdaten
2014-04-12;14,93;Rohdaten
2014-04-13;14,95;Rohdaten
2014-04-14;14,99;Rohdaten
2014-04-15;14,91;Rohdaten
2014-04-16;15,00;Rohdaten
2014-04-17;14,91;Rohdaten
2014-04-18;15,03;Rohdaten
2014-04-19;14,96;Rohdaten
2014-04-20;14,86;Rohdaten
2014-04-21;14,91;Rohdaten
2014-04-22;15,01;Rohdaten
2014-04-23;14,83;Rohdaten
2014-04-24;14,99;Rohdaten
2014-04-25;14,98;Rohdaten
2014-04-26;14,74;Rohdaten
2014-04-27;14,83;Rohdaten
2014-04-28;14,95;Rohdaten
2014-04-29;15,01;Rohdaten
2014-04-30;14,94;Rohdaten
2014-05-01;14,87;Rohdaten
2014-05-02;14,75;Rohdaten
2014-05-03;14,80;Rohdaten
2014-05-04;14,77;Rohdaten
2014-05-05;14,81;Rohdaten
2014-05-06;14,82;Rohdaten
2014-05-07;14,95;Rohdaten
2014-05-08;14,97;Rohdaten
2014-05-09;14,88;Rohdaten
2014-05-10;14,88;Rohdaten
2014-05-11;14,75;Rohdaten
2014-05-12;14,81;Rohdaten
2014-05-13;14,86;Rohdaten
2014-05-14;14,79;Rohdaten
2014-05-15;14,85;Rohdaten
2014-05-16;14,67;Rohdaten
2014-05-17;14,73;Rohdaten
2014-05-18;14,86;Rohdaten
2014-05-19;14,83;Rohdaten
2014-05-20;14,70;Rohdaten
2014-05-21;14,67;Rohdaten
2014-05-22;14,73;Rohdaten
2014-05-23;14,62;Rohdaten
2014-05-24;14,80;Rohdaten
2014-05-25;14,70;Rohdaten
2014-05-26;14,65;Rohdaten
2014-05-27;14,67;Rohdaten
2014-05-28;14,72;Rohdaten
2014-05-29;14,83;Rohdaten
2014-05-30;14,72;Rohdaten
2014-05-31;14,63;Rohdaten
2014-06-01;14,41;Rohdaten
2014-06-02;14,39;Rohdaten
2014-06-03;14,71;Rohdaten
2014-06-04;14,59;Rohdaten
2014-06-05;14,71;Rohdaten
2014-06-06;14,68;Rohdaten
2014-06-07;14,55;Rohdaten
2014-06-08;14,41;Rohdaten
2014-06-09;14,49;Rohdaten
2014-06-10;14,50;Rohdaten
2014-06-11;14,45;Rohdaten
2014-06-12;14,47;Rohdaten
2014-06-13;14,42;Rohdaten
2014-06-14;14,33;Rohdaten
2014-06-15;14,40;Rohdaten
2014-06-16;14,36;Rohdaten
2014-06-17;14,35;Rohdaten
2014-06-18;14,32;Rohdaten
2014-06-19;14,32;Rohdaten
2014-06-20;14,31;Rohdaten
2014-06-21;14,26;Rohdaten
2014-06-22;14,26;Rohdaten
2014-06-23;14,31;Rohdaten
2014-06-24;14,25;Rohdaten
2014-06-25;14,48;Rohdaten
2014-06-26;14,31;Rohdaten
2014-06-27;14,11;Rohdaten
2014-06-28;13,95;Rohdaten
2014-06-29;13,98;Rohdaten
2014-06-30;13,94;Rohdaten
2014-07-01;13,94;Rohdaten
2014-07-02;13,97;Rohdaten
2014-07-03;14,10;Rohdaten
2014-07-04;14,06;Rohdaten
2014-07-05;14,04;Rohdaten
2014-07-06;14,07;Rohdaten
2014-07-07;14,14;Rohdaten
2014-07-08;14,18;Rohdaten
2014-07-09;14,16;Rohdaten
2014-07-10;14,18;Rohdaten
2014-07-11;14,00;Rohdaten
2014-07-12;14,13;Rohdaten
2014-07-13;13,96;Rohdaten
2014-07-14;14,04;Rohdaten
2014-07-15;14,04;Rohdaten
2014-07-16;14,07;Rohdaten
2014-07-17;14,01;Rohdaten
2014-07-18;14,17;Rohdaten
2014-07-19;13,95;Rohdaten
2014-07-20;14,01;Rohdaten
2014-07-21;14,01;Rohdaten
2014-07-22;14,01;Rohdaten
2014-07-23;14,04;Rohdaten
2014-07-24;13,96;Rohdaten
2014-07-25;13,95;Rohdaten
2014-07-26;13,95;Rohdaten
2014-07-27;13,99;Rohdaten
2014-07-28;13,96;Rohdaten
2014-07-29;13,95;Rohdaten
2014-07-30;13,95;Rohdaten
2014-07-31;14,04;Rohdaten
2014-08-01;14,13;Rohdaten
2014-08-02;14,12;Rohdaten
2014-08-03;14,13;Rohdaten
2014-08-04;14,00;Rohdaten
2014-08-05;13,96;Rohdaten
2014-08-06;13,91;Rohdaten
2014-08-07;13,85;Rohdaten
2014-08-08;13,89;Rohdaten
2014-08-09;13,86;Rohdaten
2014-08-10;13,84;Rohdaten
2014-08-11;13,83;Rohdaten
2014-08-12;13,98;Rohdaten
2014-08-13;14,00;Rohdaten
2014-08-14;13,94;Rohdaten
2014-08-15;13,90;Rohdaten
2014-08-16;13,91;Rohdaten
2014-08-17;13,90;Rohdaten
2014-08-18;13,85;Rohdaten
2014-08-19;13,84;Rohdaten
2014-08-20;13,90;Rohdaten
2014-08-21;13,84;Rohdaten
2014-08-22;13,90;Rohdaten
2014-08-23;13,86;Rohdaten
2014-08-24;13,87;Rohdaten
2014-08-25;13,99;Rohdaten
2014-08-26;13,99;Rohdaten
2014-08-27;13,97;Rohdaten
2014-08-28;13,88;Rohdaten
2014-08-29;13,91;Rohdaten
2014-08-30;13,90;Rohdaten
2014-08-31;13,95;Rohdaten
2014-09-01;13,98;Rohdaten
2014-09-02;13,94;Rohdaten
2014-09-03;13,86;Rohdaten
2014-09-04;13,93;Rohdaten
2014-09-05;13,87;Rohdaten
2014-09-06;13,90;Rohdaten
2014-09-07;13,89;Rohdaten
2014-09-08;13,89;Rohdaten
2014-09-09;13,81;Rohdaten
2014-09-10;13,88;Rohdaten
2014-09-11;13,84;Rohdaten
2014-09-12;13,93;Rohdaten
2014-09-13;13,93;Rohdaten
2014-09-14;13,90;Rohdaten
2014-09-15;13,87;Rohdaten
2014-09-16;13,81;Rohdaten
2014-09-17;13,81;Rohdaten
2014-09-18;13,82;Rohdaten
2014-09-19;13,74;Rohdaten
2014-09-20;13,81;Rohdaten
2014-09-21;13,82;Rohdaten
2014-09-22;13,82;Rohdaten
2014-09-23;13,82;Rohdaten
2014-09-24;13,79;Rohdaten
2014-09-25;13,80;Rohdaten
2014-09-26;13,80;Rohdaten
2014-09-27;13,78;Rohdaten
2014-09-28;13,74;Rohdaten
2014-09-29;13,63;Rohdaten
2014-09-30;13,59;Rohdaten
2014-10-01;13,55;Rohdaten
2014-10-02;13,64;Rohdaten
2014-10-03;13,73;Rohdaten
2014-10-04;13,73;Rohdaten
2014-10-05;13,69;Rohdaten
2014-10-06;13,70;Rohdaten
2014-10-07;13,71;Rohdaten
2014-10-08;13,67;Rohdaten
2014-10-09;13,69;Rohdaten
2014-10-10;13,65;Rohdaten
2014-10-11;13,62;Rohdaten
2014-10-12;13,64;Rohdaten
2014-10-13;13,63;Rohdaten
2014-10-14;13,57;Rohdaten
2014-10-15;13,60;Rohdaten
2014-10-16;13,61;Rohdaten
2014-10-17;13,58;Rohdaten
2014-10-18;13,58;Rohdaten
2014-10-19;13,60;Rohdaten
2014-10-20;13,59;Rohdaten
2014-10-21;13,61;Rohdaten
2014-10-22;13,62;Rohdaten
2014-10-23;13,61;Rohdaten
2014-10-24;13,69;Rohdaten
2014-10-25;13,63;Rohdaten
2014-10-26;13,59;Rohdaten
2014-10-27;13,52;Rohdaten
2014-10-28;13,67;Rohdaten
2014-10-29;13,59;Rohdaten
2014-10-30;13,57;Rohdaten
2014-10-31;13,59;Rohdaten
2014-11-01;13,59;Rohdaten
2014-11-02;13,59;Rohdaten
2014-11-03;13,59;Rohdaten
2014-11-04;13,59;Rohdaten
2014-11-05;13,58;Rohdaten
2014-11-06;13,56;Rohdaten
2014-11-07;13,54;Rohdaten
2014-11-08;13,61;Rohdaten
2014-11-09;13,63;Rohdaten
2014-11-10;13,60;Rohdaten
2014-11-11;13,56;Rohdaten
2014-11-12;13,59;Rohdaten
2014-11-13;13,57;Rohdaten
2014-11-14;13,63;Rohdaten
2014-11-15;13,58;Rohdaten
2014-11-16;13,53;Rohdaten
2014-11-17;13,56;Rohdaten
2014-11-18;13,60;Rohdaten
2014-11-19;13,55;Rohdaten
2014-11-20;13,54;Rohdaten
2014-11-21;13,42;Rohdaten
2014-11-22;13,54;Rohdaten
2014-11-23;13,52;Rohdaten
2014-11-24;13,49;Rohdaten
2014-11-25;13,49;Rohdaten
2014-11-26;13,51;Rohdaten
2014-11-27;13,60;Rohdaten
2014-11-28;13,47;Rohdaten
2014-11-29;13,39;Rohdaten
2014-11-30;13,49;Rohdaten
2014-12-01;13,44;Rohdaten
2014-12-02;13,51;Rohdaten
2014-12-03;;Rohdaten
2014-12-04;;Rohdaten
2014-12-05;;Rohdaten
2014-12-06;;Rohdaten
2014-12-07;;Rohdaten
2014-12-08;13,34;Rohdaten
2014-12-09;13,26;Rohdaten
2014-12-10;13,27;Rohdaten
2014-12-11;13,34;Rohdaten
2014-12-12;13,40;Rohdaten
2014-12-13;13,48;Rohdaten
2014-12-14;13,39;Rohdaten
2014-12-15;13,36;Rohdaten
2014-12-16;13,44;Rohdaten
2014-12-17;13,45;Rohdaten
2014-12-18;13,36;Rohdaten
2014-12-19;13,36;Rohdaten
2014-12-20;13,40;Rohdaten
2014-12-21;13,43;Rohdaten
2014-12-22;13,43;Rohdaten
2014-12-23;13,56;Rohdaten
2014-12-24;13,45;Rohdaten
2014-12-25;13,51;Rohdaten
2014-12-26;13,42;Rohdaten
2014-12-27;13,60;Rohdaten
2014-12-28;13,35;Rohdaten
2014-12-29;13,19;Rohdaten
2014-12-30;13,44;Rohdaten
2014-12-31;13,24;Rohdaten
2015-01-01;13,10;Rohdaten
2015-01-02;12,98;Rohdaten
2015-01-03;13,01;Rohdaten
2015-01-04;12,98;Rohdaten
2015-01-05;12,91;Rohdaten
2015-01-06;13,04;Rohdaten
2015-01-07;13,07;Rohdaten
2015-01-08;13,20;Rohdaten
2015-01-09;13,34;Rohdaten
2015-01-10;13,41;Rohdaten
2015-01-11;13,42;Rohdaten
2015-01-12;13,45;Rohdaten
2015-01-13;13,44;Rohdaten
2015-01-14;13,40;Rohdaten
2015-01-15;13,42;Rohdaten
2015-01-16;13,34;Rohdaten
2015-01-17;13,40;Rohdaten
2015-01-18;13,38;Rohdaten
2015-01-19;13,31;Rohdaten
2015-01-20;13,31;Rohdaten
2015-01-21;13,29;Rohdaten
2015-01-22;13,34;Rohdaten
2015-01-23;13,40;Rohdaten
2015-01-24;13,43;Rohdaten
2015-01-25;13,26;Rohdaten
2015-01-26;13,37;Rohdaten
2015-01-27;13,38;Rohdaten
2015-01-28;13,35;Rohdaten
2015-01-29;13,43;Rohdaten
2015-01-30;13,29;Rohdaten
2015-01-31;13,34;Rohdaten
2015-02-01;13,34;Rohdaten
2015-02-02;13,38;Rohdaten
2015-02-03;13,34;Rohdaten
2015-02-04;13,29;Rohdaten
2015-02-05;13,31;Rohdaten
2015-02-06;13,17;Rohdaten
2015-02-07;13,18;Rohdaten
2015-02-08;13,11;Rohdaten
2015-02-09;13,18;Rohdaten
2015-02-10;13,24;Rohdaten
2015-02-11;13,27;Rohdaten
2015-02-12;13,27;Rohdaten
2015-02-13;13,25;Rohdaten
2015-02-14;13,20;Rohdaten
2015-02-15;13,19;Rohdaten
2015-02-16;13,19;Rohdaten
2015-02-17;13,19;Rohdaten
2015-02-18;13,29;Rohdaten
2015-02-19;13,23;Rohdaten
2015-02-20;13,22;Rohdaten
2015-02-21;13,22;Rohdaten
2015-02-22;13,22;Rohdaten
2015-02-23;13,31;Rohdaten
2015-02-24;13,24;Rohdaten
2015-02-25;13,18;Rohdaten
2015-02-26;13,15;Rohdaten
2015-02-27;13,02;Rohdaten
2015-02-28;;Rohdaten
2015-03-01;13,26;Rohdaten
2015-03-02;13,18;Rohdaten
2015-03-03;13,28;Rohdaten
2015-03-04;13,17;Rohdaten
2015-03-05;13,13;Rohdaten
2015-03-06;13,20;Rohdaten
2015-03-07;13,18;Rohdaten
2015-03-08;13,19;Rohdaten
2015-03-09;13,12;Rohdaten
2015-03-10;13,13;Rohdaten
2015-03-11;13,19;Rohdaten
2015-03-12;13,14;Rohdaten
2015-03-13;13,21;Rohdaten
2015-03-14;13,12;Rohdaten
2015-03-15;13,13;Rohdaten
2015-03-16;13,18;Rohdaten
2015-03-17;13,10;Rohdaten
2015-03-18;13,13;Rohdaten
2015-03-19;13,10;Rohdaten
2015-03-20;13,10;Rohdaten
2015-03-21;13,26;Rohdaten
2015-03-22;13,19;Rohdaten
2015-03-23;13,18;Rohdaten
2015-03-24;13,17;Rohdaten
2015-03-25;13,20;Rohdaten
2015-03-26;13,12;Rohdaten
2015-03-27;13,06;Rohdaten
2015-03-28;13,02;Rohdaten
2015-03-29;13,17;Rohdaten
2015-03-30;13,04;Rohdaten
2015-03-31;13,06;Rohdaten
2015-04-01;12,94;Rohdaten
2015-04-02;12,96;Rohdaten
2015-04-03;12,99;Rohdaten
2015-04-04;13,00;Rohdaten
2015-04-05;12,97;Rohdaten
2015-04-06;12,99;Rohdaten
2015-04-07;12,96;Rohdaten
2015-04-08;12,90;Rohdaten
2015-04-09;12,98;Rohdaten
2015-04-10;12,90;Rohdaten
2015-04-11;12,78;Rohdaten
2015-04-12;12,86;Rohdaten
2015-04-13;12,93;Rohdaten
2015-04-14;12,90;Rohdaten
2015-04-15;12,81;Rohdaten
2015-04-16;12,85;Rohdaten
2015-04-17;12,83;Rohdaten
2015-04-18;12,82;Rohdaten
2015-04-19;12,82;Rohdaten
2015-04-20;12,89;Rohdaten
2015-04-21;12,82;Rohdaten
2015-04-22;12,83;Rohdaten
2015-04-23;12,78;Rohdaten
2015-04-24;12,80;Rohdaten
2015-04-25;12,74;Rohdaten
2015-04-26;12,77;Rohdaten
2015-04-27;12,85;Rohdaten
2015-04-28;12,82;Rohdaten
2015-04-29;12,86;Rohdaten
2015-04-30;12,81;Rohdaten
2015-05-01;12,85;Rohdaten
2015-05-02;12,78;Rohdaten
2015-05-03;12,72;Rohdaten
2015-05-04;12,76;Rohdaten
2015-05-05;12,77;Rohdaten
2015-05-06;12,78;Rohdaten
2015-05-07;12,88;Rohdaten
2015-05-08;12,89;Rohdaten
2015-05-09;12,85;Rohdaten
2015-05-10;12,79;Rohdaten
2015-05-11;12,71;Rohdaten
2015-05-12;12,68;Rohdaten
2015-05-13;12,76;Rohdaten
2015-05-14;12,75;Rohdaten
2015-05-15;12,69;Rohdaten
2015-05-16;12,61;Rohdaten
2015-05-17;12,60;Rohdaten
2015-05-18;12,61;Rohdaten
2015-05-19;12,59;Rohdaten
2015-05-20;12,73;Rohdaten
2015-05-21;12,87;Rohdaten
2015-05-22;12,87;Rohdaten
2015-05-23;12,87;Rohdaten
2015-05-24;12,88;Rohdaten
2015-05-25;12,92;Rohdaten
2015-05-26;12,88;Rohdaten
2015-05-27;12,88;Rohdaten
2015-05-28;12,90;Rohdaten
2015-05-29;12,93;Rohdaten
2015-05-30;12,89;Rohdaten
2015-05-31;12,88;Rohdaten
2015-06-01;12,82;Rohdaten
2015-06-02;12,68;Rohdaten
2015-06-03;12,73;Rohdaten
2015-06-04;12,71;Rohdaten
2015-06-05;12,67;Rohdaten
2015-06-06;12,59;Rohdaten
2015-06-07;12,58;Rohdaten
2015-06-08;12,70;Rohdaten
2015-06-09;12,64;Rohdaten
2015-06-10;12,72;Rohdaten
2015-06-11;12,79;Rohdaten
2015-06-12;12,76;Rohdaten
2015-06-13;12,68;Rohdaten
2015-06-14;12,67;Rohdaten
2015-06-15;12,63;Rohdaten
2015-06-16;12,63;Rohdaten
2015-06-17;12,59;Rohdaten
2015-06-18;12,62;Rohdaten
2015-06-19;12,59;Rohdaten
2015-06-20;12,68;Rohdaten
2015-06-21;12,60;Rohdaten
2015-06-22;12,55;Rohdaten
2015-06-23;12,61;Rohdaten
2015-06-24;12,68;Rohdaten
2015-06-25;12,64;Rohdaten
2015-06-26;12,68;Rohdaten
2015-06-27;12,68;Rohdaten
2015-06-28;12,73;Rohdaten
2015-06-29;12,61;Rohdaten
2015-06-30;12,59;Rohdaten
2015-07-01;12,53;Rohdaten
2015-07-02;12,50;Rohdaten
2015-07-03;12,47;Rohdaten
2015-07-04;12,54;Rohdaten
2015-07-05;12,48;Rohdaten
2015-07-06;12,49;Rohdaten
2015-07-07;12,45;Rohdaten
2015-07-08;12,44;Rohdaten
2015-07-09;12,45;Rohdaten
2015-07-10;12,49;Rohdaten
2015-07-11;12,54;Rohdaten
2015-07-12;12,41;Rohdaten
2015-07-13;12,36;Rohdaten
2015-07-14;12,34;Rohdaten
2015-07-15;12,37;Rohdaten
2015-07-16;12,40;Rohdaten
2015-07-17;12,36;Rohdaten
2015-07-18;12,28;Rohdaten
2015-07-19;12,34;Rohdaten
2015-07-20;12,27;Rohdaten
2015-07-21;12,33;Rohdaten
2015-07-22;12,35;Rohdaten
2015-07-23;12,32;Rohdaten
2015-07-24;12,35;Rohdaten
2015-07-25;12,31;Rohdaten
2015-07-26;12,29;Rohdaten
2015-07-27;12,35;Rohdaten
2015-07-28;12,32;Rohdaten
2015-07-29;12,35;Rohdaten
2015-07-30;12,31;Rohdaten
2015-07-31;12,31;Rohdaten
2015-08-01;12,26;Rohdaten
2015-08-02;12,29;Rohdaten
2015-08-03;12,32;Rohdaten
2015-08-04;12,22;Rohdaten
2015-08-05;12,02;Rohdaten
2015-08-06;12,06;Rohdaten
2015-08-07;12,04;Rohdaten
2015-08-08;12,04;Rohdaten
2015-08-09;12,01;Rohdaten
2015-08-10;11,97;Rohdaten
2015-08-11;11,95;Rohdaten
2015-08-12;11,93;Rohdaten
2015-08-13;11,99;Rohdaten
2015-08-14;11,97;Rohdaten
2015-08-15;11,99;Rohdaten
2015-08-16;12,03;Rohdaten
2015-08-17;12,05;Rohdaten
2015-08-18;12,16;Rohdaten
2015-08-19;12,30;Rohdaten
2015-08-20;12,28;Rohdaten
2015-08-21;12,28;Rohdaten
2015-08-22;12,28;Rohdaten
2015-08-23;12,33;Rohdaten
2015-08-24;12,31;Rohdaten
2015-08-25;12,29;Rohdaten
2015-08-26;12,24;Rohdaten
2015-08-27;12,18;Rohdaten
2015-08-28;12,22;Rohdaten
2015-08-29;12,30;Rohdaten
2015-08-30;12,19;Rohdaten
2015-08-31;12,10;Rohdaten
2015-09-01;12,09;Rohdaten
2015-09-02;12,17;Rohdaten
2015-09-03;12,32;Rohdaten
2015-09-04;12,36;Rohdaten
2015-09-05;12,23;Rohdaten
2015-09-06;12,28;Rohdaten
2015-09-07;12,35;Rohdaten
2015-09-08;12,39;Rohdaten
2015-09-09;12,48;Rohdaten
2015-09-10;12,33;Rohdaten
2015-09-11;12,34;Rohdaten
2015-09-12;12,19;Rohdaten
2015-09-13;12,22;Rohdaten
2015-09-14;12,28;Rohdaten
2015-09-15;12,34;Rohdaten
2015-09-16;12,35;Rohdaten
2015-09-17;12,26;Rohdaten
2015-09-18;12,16;Rohdaten
2015-09-19;12,22;Rohdaten
2015-09-20;12,22;Rohdaten
2015-09-21;12,35;Rohdaten
2015-09-22;12,25;Rohdaten
2015-09-23;12,12;Rohdaten
2015-09-24;12,09;Rohdaten
2015-09-25;12,13;Rohdaten
2015-09-26;12,12;Rohdaten
2015-09-27;12,04;Rohdaten
2015-09-28;12,09;Rohdaten
2015-09-29;12,08;Rohdaten
2015-09-30;12,11;Rohdaten
2015-10-01;12,12;Rohdaten
2015-10-02;12,17;Rohdaten
2015-10-03;12,16;Rohdaten
2015-10-04;12,06;Rohdaten
2015-10-05;12,13;Rohdaten
2015-10-06;12,06;Rohdaten
2015-10-07;12,12;Rohdaten
2015-10-08;12,07;Rohdaten
2015-10-09;12,07;Rohdaten
2015-10-10;12,03;Rohdaten
2015-10-11;11,96;Rohdaten
2015-10-12;12,12;Rohdaten
2015-10-13;12,03;Rohdaten
2015-10-14;12,13;Rohdaten
2015-10-15;12,07;Rohdaten
2015-10-16;12,06;Rohdaten
2015-10-17;12,05;Rohdaten
2015-10-18;12,17;Rohdaten
2015-10-19;12,07;Rohdaten
2015-10-20;12,02;Rohdaten
2015-10-21;11,99;Rohdaten
2015-10-22;12,10;Rohdaten
2015-10-23;11,99;Rohdaten
2015-10-24;12,09;Rohdaten
2015-10-25;12,09;Rohdaten
2015-10-26;12,07;Rohdaten
2015-10-27;12,08;Rohdaten
2015-10-28;12,08;Rohdaten
2015-10-29;12,03;Rohdaten
2015-10-30;11,95;Rohdaten
2015-10-31;11,99;Rohdaten
2015-11-01;12,03;Rohdaten
2015-11-02;11,99;Rohdaten
2015-11-03;12,10;Rohdaten
2015-11-04;12,13;Rohdaten
2015-11-05;12,11;Rohdaten
2015-11-06;12,05;Rohdaten
2015-11-07;12,18;Rohdaten
2015-11-08;12,08;Rohdaten
2015-11-09;12,01;Rohdaten
2015-11-10;11,96;Rohdaten
2015-11-11;11,98;Rohdaten
2015-11-12;11,99;Rohdaten
2015-11-13;12,07;Rohdaten
2015-11-14;12,04;Rohdaten
2015-11-15;12,11;Rohdaten
2015-11-16;12,05;Rohdaten
2015-11-17;12,12;Rohdaten
2015-11-18;12,10;Rohdaten
2015-11-19;12,02;Rohdaten
2015-11-20;12,35;Rohdaten
2015-11-21;12,56;Rohdaten
2015-11-22;12,45;Rohdaten
2015-11-23;12,43;Rohdaten
2015-11-24;12,49;Rohdaten
2015-11-25;12,61;Rohdaten
2015-11-26;12,38;Rohdaten
2015-11-27;12,29;Rohdaten
2015-11-28;12,36;Rohdaten
2015-11-29;12,37;Rohdaten
2015-11-30;12,49;Rohdaten
2015-12-01;12,43;Rohdaten
2015-12-02;12,31;Rohdaten
2015-12-03;11,99;Rohdaten
2015-12-04;12,12;Rohdaten
2015-12-05;12,21;Rohdaten
2015-12-06;12,15;Rohdaten
2015-12-07;12,21;Rohdaten
2015-12-08;12,10;Rohdaten
2015-12-09;12,07;Rohdaten
2015-12-10;12,09;Rohdaten
2015-12-11;;Rohdaten
2015-12-12;;Rohdaten
2015-12-13;;Rohdaten
2015-12-14;;Rohdaten
2015-12-15;12,15;Rohdaten
2015-12-16;12,15;Rohdaten
2015-12-17;12,24;Rohdaten
2015-12-18;12,27;Rohdaten
2015-12-19;12,24;Rohdaten
2015-12-20;12,21;Rohdaten
2015-12-21;12,24;Rohdaten
2015-12-22;12,17;Rohdaten
2015-12-23;12,20;Rohdaten
2015-12-24;12,18;Rohdaten
2015-12-25;12,18;Rohdaten
2015-12-26;12,20;Rohdaten
2015-12-27;12,14;Rohdaten
2015-12-28;12,20;Rohdaten
2015-12-29;12,16;Rohdaten
2015-12-30;12,16;Rohdaten
2015-12-31;12,16;Rohdaten
2016-01-01;12,19;Rohdaten
2016-01-02;12,20;Rohdaten
2016-01-03;12,11;Rohdaten
2016-01-04;12,19;Rohdaten
2016-01-05;12,29;Rohdaten
2016-01-06;12,34;Rohdaten
2016-01-07;12,25;Rohdaten
2016-01-08;12,35;Rohdaten
2016-01-09;12,43;Rohdaten
2016-01-10;12,43;Rohdaten
2016-01-11;12,43;Rohdaten
2016-01-12;12,35;Rohdaten
2016-01-13;12,30;Rohdaten
2016-01-14;12,41;Rohdaten
2016-01-15;12,43;Rohdaten
2016-01-16;12,48;Rohdaten
2016-01-17;12,50;Rohdaten
2016-01-18;12,61;Rohdaten
2016-01-19;12,59;Rohdaten
2016-01-20;12,60;Rohdaten
2016-01-21;12,63;Rohdaten
2016-01-22;12,51;Rohdaten
2016-01-23;12,58;Rohdaten
2016-01-24;12,71;Rohdaten
2016-01-25;12,67;Rohdaten
2016-01-26;12,76;Rohdaten
2016-01-27;12,63;Rohdaten
2016-01-28;12,46;Rohdaten
2016-01-29;12,57;Rohdaten
2016-01-30;12,72;Rohdaten
2016-01-31;12,68;Rohdaten
2016-02-01;12,84;Rohdaten
2016-02-02;12,91;Rohdaten
2016-02-03;12,99;Rohdaten
2016-02-04;12,92;Rohdaten
2016-02-05;12,87;Rohdaten
2016-02-06;12,96;Rohdaten
2016-02-07;12,98;Rohdaten
2016-02-08;12,97;Rohdaten
2016-02-09;13,03;Rohdaten
2016-02-10;13,07;Rohdaten
2016-02-11;13,08;Rohdaten
2016-02-12;13,13;Rohdaten
2016-02-13;13,16;Rohdaten
2016-02-14;13,16;Rohdaten
2016-02-15;13,11;Rohdaten
2016-02-16;13,11;Rohdaten
2016-02-17;13,15;Rohdaten
2016-02-18;13,21;Rohdaten
2016-02-19;13,16;Rohdaten
2016-02-20;13,22;Rohdaten
2016-02-21;13,35;Rohdaten
2016-02-22;13,36;Rohdaten
2016-02-23;13,35;Rohdaten
2016-02-24;13,09;Rohdaten
2016-02-25;13,40;Rohdaten
2016-02-26;13,37;Rohdaten
2016-02-27;13,23;Rohdaten
2016-02-28;13,32;Rohdaten
2016-02-29;13,33;Rohdaten
2016-03-01;13,34;Rohdaten
2016-03-02;13,40;Rohdaten
2016-03-03;13,43;Rohdaten
2016-03-04;13,41;Rohdaten
2016-03-05;13,44;Rohdaten
2016-03-06;13,43;Rohdaten
2016-03-07;13,48;Rohdaten
2016-03-08;13,41;Rohdaten
2016-03-09;13,44;Rohdaten
2016-03-10;13,37;Rohdaten
2016-03-11;13,39;Rohdaten
2016-03-12;13,43;Rohdaten
2016-03-13;13,37;Rohdaten
2016-03-14;13,31;Rohdaten
2016-03-15;13,30;Rohdaten
2016-03-16;13,34;Rohdaten
2016-03-17;13,33;Rohdaten
2016-03-18;13,29;Rohdaten
2016-03-19;13,39;Rohdaten
2016-03-20;13,46;Rohdaten
2016-03-21;13,46;Rohdaten
2016-03-22;13,41;Rohdaten
2016-03-23;13,46;Rohdaten
2016-03-24;13,46;Rohdaten
2016-03-25;13,40;Rohdaten
2016-03-26;13,43;Rohdaten
2016-03-27;13,45;Rohdaten
2016-03-28;13,47;Rohdaten
2016-03-29;13,42;Rohdaten
2016-03-30;13,48;Rohdaten
2016-03-31;13,69;Rohdaten
2016-04-01;13,63;Rohdaten
2016-04-02;13,41;Rohdaten
2016-04-03;13,47;Rohdaten
2016-04-04;13,42;Rohdaten
2016-04-05;13,42;Rohdaten
2016-04-06;13,44;Rohdaten
2016-04-07;13,48;Rohdaten
2016-04-08;13,50;Rohdaten
2016-04-09;13,46;Rohdaten
2016-04-10;13,48;Rohdaten
2016-04-11;13,48;Rohdaten
2016-04-12;13,54;Rohdaten
2016-04-13;13,51;Rohdaten
2016-04-14;13,60;Rohdaten
2016-04-15;13,68;Rohdaten
2016-04-16;13,72;Rohdaten
2016-04-17;13,73;Rohdaten
2016-04-18;13,63;Rohdaten
2016-04-19;13,58;Rohdaten
2016-04-20;13,62;Rohdaten
2016-04-21;13,61;Rohdaten
2016-04-22;13,64;Rohdaten
2016-04-23;13,72;Rohdaten
2016-04-24;13,73;Rohdaten
2016-04-25;13,66;Rohdaten
2016-04-26;13,67;Rohdaten
2016-04-27;13,65;Rohdaten
2016-04-28;13,62;Rohdaten
2016-04-29;13,67;Rohdaten
2016-04-30;13,76;Rohdaten
2016-05-01;13,76;Rohdaten
2016-05-02;13,83;Rohdaten
2016-05-03;13,84;Rohdaten
2016-05-04;13,77;Rohdaten
2016-05-05;13,73;Rohdaten
2016-05-06;13,79;Rohdaten
2016-05-07;13,64;Rohdaten
2016-05-08;13,51;Rohdaten
2016-05-09;13,58;Rohdaten
2016-05-10;13,65;Rohdaten
2016-05-11;13,66;Rohdaten
2016-05-12;13,68;Rohdaten
2016-05-13;13,71;Rohdaten
2016-05-14;13,73;Rohdaten
2016-05-15;13,73;Rohdaten
2016-05-16;13,75;Rohdaten
2016-05-17;13,81;Rohdaten
2016-05-18;13,73;Rohdaten
2016-05-19;13,73;Rohdaten
2016-05-20;13,75;Rohdaten
2016-05-21;13,75;Rohdaten
2016-05-22;13,77;Rohdaten
2016-05-23;13,84;Rohdaten
2016-05-24;13,86;Rohdaten
2016-05-25;13,91;Rohdaten
2016-05-26;13,79;Rohdaten
2016-05-27;13,83;Rohdaten
2016-05-28;13,70;Rohdaten
2016-05-29;13,82;Rohdaten
2016-05-30;13,86;Rohdaten
2016-05-31;13,83;Rohdaten
2016-06-01;13,76;Rohdaten
2016-06-02;13,81;Rohdaten
2016-06-03;13,77;Rohdaten
2016-06-04;13,75;Rohdaten
2016-06-05;;Rohdaten
2016-06-06;;Rohdaten
2016-06-07;;Rohdaten
2016-06-08;;Rohdaten
2016-06-09;;Rohdaten
2016-06-10;;Rohdaten
2016-06-11;;Rohdaten
2016-06-12;;Rohdaten
2016-06-13;;Rohdaten
2016-06-14;;Rohdaten
2016-06-15;;Rohdaten
2016-06-16;;Rohdaten
2016-06-17;;Rohdaten
2016-06-18;;Rohdaten
2016-06-19;;Rohdaten
2016-06-20;;Rohdaten
2016-06-21;;Rohdaten
2016-06-22;;Rohdaten
2016-06-23;;Rohdaten
2016-06-24;;Rohdaten
2016-06-25;;Rohdaten
2016-06-26;;Rohdaten
2016-06-27;;Rohdaten
2016-06-28;;Rohdaten
2016-06-29;;Rohdaten
2016-06-30;;Rohdaten
2016-07-01;;Rohdaten
2016-07-02;;Rohdaten
2016-07-03;;Rohdaten
2016-07-04;;Rohdaten
2016-07-05;;Rohdaten
2016-07-06;;Rohdaten
2016-07-07;;Rohdaten
2016-07-08;;Rohdaten
2016-07-09;;Rohdaten
2016-07-10;;Rohdaten
2016-07-11;;Rohdaten
2016-07-12;;Rohdaten
2016-07-13;;Rohdaten
2016-07-14;;Rohdaten
2016-07-15;;Rohdaten
2016-07-16;;Rohdaten
2016-07-17;;Rohdaten
2016-07-18;;Rohdaten
2016-07-19;;Rohdaten
2016-07-20;;Rohdaten
2016-07-21;;Rohdaten
2016-07-22;;Rohdaten
2016-07-23;;Rohdaten
2016-07-24;;Rohdaten
2016-07-25;;Rohdaten
2016-07-26;;Rohdaten
2016-07-27;;Rohdaten
2016-07-28;;Rohdaten
2016-07-29;;Rohdaten
2016-07-30;;Rohdaten
2016-07-31;;Rohdaten
2016-08-01;;Rohdaten
2016-08-02;;Rohdaten
2016-08-03;;Rohdaten
2016-08-04;;Rohdaten
2016-08-05;;Rohdaten
2016-08-06;;Rohdaten
2016-08-07;;Rohdaten
2016-08-08;;Rohdaten
2016-08-09;;Rohdaten
2016-08-10;13,55;Rohdaten
2016-08-11;13,53;Rohdaten
2016-08-12;13,62;Rohdaten
2016-08-13;13,60;Rohdaten
2016-08-14;13,55;Rohdaten
2016-08-15;13,52;Rohdaten
2016-08-16;13,54;Rohdaten
2016-08-17;13,46;Rohdaten
2016-08-18;13,46;Rohdaten
2016-08-19;13,40;Rohdaten
2016-08-20;13,33;Rohdaten
2016-08-21;13,32;Rohdaten
2016-08-22;13,36;Rohdaten
2016-08-23;13,37;Rohdaten
2016-08-24;13,32;Rohdaten
2016-08-25;13,32;Rohdaten
2016-08-26;13,31;Rohdaten
2016-08-27;13,29;Rohdaten
2016-08-28;13,27;Rohdaten
2016-08-29;13,28;Rohdaten
2016-08-30;13,24;Rohdaten
2016-08-31;13,29;Rohdaten
2016-09-01;13,26;Rohdaten
2016-09-02;13,24;Rohdaten
2016-09-03;13,20;Rohdaten
2016-09-04;13,29;Rohdaten
2016-09-05;13,24;Rohdaten
2016-09-06;13,16;Rohdaten
2016-09-07;13,20;Rohdaten
2016-09-08;13,19;Rohdaten
2016-09-09;13,17;Rohdaten
2016-09-10;13,13;Rohdaten
2016-09-11;13,23;Rohdaten
2016-09-12;13,08;Rohdaten
2016-09-13;13,12;Rohdaten
2016-09-14;13,12;Rohdaten
2016-09-15;13,15;Rohdaten
2016-09-16;13,16;Rohdaten
2016-09-17;13,12;Rohdaten
2016-09-18;13,13;Rohdaten
2016-09-19;13,11;Rohdaten
2016-09-20;13,13;Rohdaten
2016-09-21;13,13;Rohdaten
2016-09-22;13,09;Rohdaten
2016-09-23;13,10;Rohdaten
2016-09-24;13,04;Rohdaten
2016-09-25;13,13;Rohdaten
2016-09-26;13,14;Rohdaten
2016-09-27;13,13;Rohdaten
2016-09-28;13,03;Rohdaten
2016-09-29;13,06;Rohdaten
2016-09-30;13,06;Rohdaten
2016-10-01;13,03;Rohdaten
2016-10-02;13,03;Rohdaten
2016-10-03;12,95;Rohdaten
2016-10-04;12,98;Rohdaten
2016-10-05;13,00;Rohdaten
2016-10-06;13,01;Rohdaten
2016-10-07;12,96;Rohdaten
2016-10-08;13,00;Rohdaten
2016-10-09;12,94;Rohdaten
2016-10-10;12,92;Rohdaten
2016-10-11;12,95;Rohdaten
2016-10-12;12,95;Rohdaten
2016-10-13;12,92;Rohdaten
2016-10-14;12,93;Rohdaten
2016-10-15;12,89;Rohdaten
2016-10-16;12,82;Rohdaten
2016-10-17;12,89;Rohdaten
2016-10-18;12,82;Rohdaten
2016-10-19;12,85;Rohdaten
2016-10-20;12,94;Rohdaten
2016-10-21;12,88;Rohdaten
2016-10-22;12,86;Rohdaten
2016-10-23;12,90;Rohdaten
2016-10-24;12,85;Rohdaten
2016-10-25;12,86;Rohdaten
2016-10-26;12,91;Rohdaten
2016-10-27;13,01;Rohdaten
2016-10-28;12,86;Rohdaten
2016-10-29;12,90;Rohdaten
2016-10-30;12,87;Rohdaten
2016-10-31;12,88;Rohdaten
2016-11-01;12,96;Rohdaten
2016-11-02;12,91;Rohdaten
2016-11-03;12,90;Rohdaten
2016-11-04;12,80;Rohdaten
2016-11-05;12,88;Rohdaten
2016-11-06;12,90;Rohdaten
2016-11-07;12,83;Rohdaten
2016-11-08;12,88;Rohdaten
2016-11-09;12,88;Rohdaten
2016-11-10;12,78;Rohdaten
2016-11-11;12,76;Rohdaten
2016-11-12;12,74;Rohdaten
2016-11-13;12,80;Rohdaten
2016-11-14;12,75;Rohdaten
2016-11-15;12,79;Rohdaten
2016-11-16;12,84;Rohdaten
2016-11-17;12,97;Rohdaten
2016-11-18;12,86;Rohdaten
2016-11-19;12,80;Rohdaten
2016-11-20;12,68;Rohdaten
2016-11-21;12,84;Rohdaten
2016-11-22;12,85;Rohdaten
2016-11-23;12,77;Rohdaten
2016-11-24;12,79;Rohdaten
2016-11-25;12,76;Rohdaten
2016-11-26;12,70;Rohdaten
2016-11-27;12,68;Rohdaten
2016-11-28;12,69;Rohdaten
2016-11-29;12,66;Rohdaten
2016-11-30;12,63;Rohdaten
2016-12-01;12,60;Rohdaten
2016-12-02;12,65;Rohdaten
2016-12-03;12,62;Rohdaten
2016-12-04;12,65;Rohdaten
2016-12-05;12,64;Rohdaten
2016-12-06;12,64;Rohdaten
2016-12-07;12,56;Rohdaten
2016-12-08;12,57;Rohdaten
2016-12-09;12,53;Rohdaten
2016-12-10;12,55;Rohdaten
2016-12-11;12,58;Rohdaten
2016-12-12;12,70;Rohdaten
2016-12-13;;Rohdaten
2016-12-14;12,61;Rohdaten
2016-12-15;12,54;Rohdaten
2016-12-16;12,54;Rohdaten
2016-12-17;12,62;Rohdaten
2016-12-18;12,48;Rohdaten
2016-12-19;12,58;Rohdaten
2016-12-20;12,33;Rohdaten
2016-12-21;12,33;Rohdaten
2016-12-22;12,25;Rohdaten
2016-12-23;12,36;Rohdaten
2016-12-24;12,43;Rohdaten
2016-12-25;12,39;Rohdaten
2016-12-26;12,53;Rohdaten
2016-12-27;12,37;Rohdaten
2016-12-28;12,37;Rohdaten
2016-12-29;12,42;Rohdaten
2016-12-30;12,48;Rohdaten
2016-12-31;12,34;Rohdaten
2017-01-01;12,39;Rohdaten
2017-01-02;12,46;Rohdaten
2017-01-03;12,35;Rohdaten
2017-01-04;12,45;Rohdaten
2017-01-05;12,33;Rohdaten
2017-01-06;12,39;Rohdaten
2017-01-07;12,36;Rohdaten
2017-01-08;12,33;Rohdaten
2017-01-09;12,41;Rohdaten
2017-01-10;12,29;Rohdaten
2017-01-11;12,34;Rohdaten
2017-01-12;12,20;Rohdaten
2017-01-13;12,28;Rohdaten
2017-01-14;12,26;Rohdaten
2017-01-15;12,31;Rohdaten
2017-01-16;12,23;Rohdaten
2017-01-17;12,22;Rohdaten
2017-01-18;12,23;Rohdaten
2017-01-19;12,15;Rohdaten
2017-01-20;;Rohdaten
2017-01-21;;Rohdaten
2017-01-22;12,25;Rohdaten
2017-01-23;12,26;Rohdaten
2017-01-24;12,30;Rohdaten
2017-01-25;12,20;Rohdaten
2017-01-26;12,14;Rohdaten
2017-01-27;12,27;Rohdaten
2017-01-28;12,22;Rohdaten
2017-01-29;12,18;Rohdaten
2017-01-30;12,19;Rohdaten
2017-01-31;12,18;Rohdaten
2017-02-01;12,22;Rohdaten
2017-02-02;12,29;Rohdaten
2017-02-03;12,13;Rohdaten
2017-02-04;12,13;Rohdaten
2017-02-05;12,13;Rohdaten
2017-02-06;12,13;Rohdaten
2017-02-07;12,17;Rohdaten
2017-02-08;12,13;Rohdaten
2017-02-09;12,14;Rohdaten
2017-02-10;12,19;Rohdaten
2017-02-11;12,19;Rohdaten
2017-02-12;12,16;Rohdaten
2017-02-13;12,19;Rohdaten
2017-02-14;12,23;Rohdaten
2017-02-15;12,09;Rohdaten
2017-02-16;12,04;Rohdaten
2017-02-17;12,24;Rohdaten
2017-02-18;12,12;Rohdaten
2017-02-19;12,14;Rohdaten
2017-02-20;12,17;Rohdaten
2017-02-21;12,07;Rohdaten
2017-02-22;12,18;Rohdaten
2017-02-23;12,16;Rohdaten
2017-02-24;12,00;Rohdaten
2017-02-25;12,13;Rohdaten
2017-02-26;12,10;Rohdaten
2017-02-27;12,17;Rohdaten
2017-02-28;12,18;Rohdaten
2017-03-01;12,11;Rohdaten
2017-03-02;12,07;Rohdaten
2017-03-03;12,14;Rohdaten
2017-03-04;12,08;Rohdaten
2017-03-05;12,10;Rohdaten
2017-03-06;12,03;Rohdaten
2017-03-07;12,18;Rohdaten
2017-03-08;12,12;Rohdaten
2017-03-09;12,14;Rohdaten
2017-03-10;12,10;Rohdaten
2017-03-11;12,19;Rohdaten
2017-03-12;12,20;Rohdaten
2017-03-13;12,15;Rohdaten
2017-03-14;12,05;Rohdaten
2017-03-15;;Rohdaten
2017-03-16;;Rohdaten
2017-03-17;;Rohdaten
2017-03-18;;Rohdaten
2017-03-19;;Rohdaten
2017-03-20;;Rohdaten
2017-03-21;;Rohdaten
2017-03-22;;Rohdaten
2017-03-23;;Rohdaten
2017-03-24;;Rohdaten
2017-03-25;;Rohdaten
2017-03-26;;Rohdaten
2017-03-27;;Rohdaten
2017-03-28;;Rohdaten
2017-03-29;;Rohdaten
2017-03-30;;Rohdaten
2017-03-31;;Rohdaten
2017-04-01;;Rohdaten
2017-04-02;;Rohdaten
2017-04-03;;Rohdaten
2017-04-04;;Rohdaten
2017-04-05;12,82;Rohdaten
2017-04-06;12,69;Rohdaten
2017-04-07;12,59;Rohdaten
2017-04-08;12,49;Rohdaten
2017-04-09;12,48;Rohdaten
2017-04-10;12,03;Rohdaten
2017-04-11;11,68;Rohdaten
2017-04-12;11,71;Rohdaten
2017-04-13;11,70;Rohdaten
2017-04-14;11,71;Rohdaten
2017-04-15;11,76;Rohdaten
2017-04-16;11,69;Rohdaten
2017-04-17;11,81;Rohdaten
2017-04-18;11,86;Rohdaten
2017-04-19;11,79;Rohdaten
2017-04-20;11,84;Rohdaten
2017-04-21;11,76;Rohdaten
2017-04-22;11,75;Rohdaten
2017-04-23;11,85;Rohdaten
2017-04-24;11,85;Rohdaten
2017-04-25;11,82;Rohdaten
2017-04-26;11,83;Rohdaten
2017-04-27;11,86;Rohdaten
2017-04-28;11,83;Rohdaten
2017-04-29;11,83;Rohdaten
2017-04-30;11,91;Rohdaten
2017-05-01;11,90;Rohdaten
2017-05-02;11,94;Rohdaten
2017-05-03;11,97;Rohdaten
2017-05-04;12,02;Rohdaten
2017-05-05;11,95;Rohdaten
2017-05-06;11,95;Rohdaten
2017-05-07;11,99;Rohdaten
2017-05-08;12,01;Rohdaten
2017-05-09;12,00;Rohdaten
2017-05-10;;Rohdaten
2017-05-11;;Rohdaten
2017-05-12;;Rohdaten
2017-05-13;;Rohdaten
2017-05-14;;Rohdaten
2017-05-15;;Rohdaten
2017-05-16;;Rohdaten
2017-05-17;;Rohdaten
2017-05-18;;Rohdaten
2017-05-19;;Rohdaten
2017-05-20;;Rohdaten
2017-05-21;;Rohdaten
2017-05-22;;Rohdaten
2017-05-23;;Rohdaten
2017-05-24;;Rohdaten
2017-05-25;;Rohdaten
2017-05-26;;Rohdaten
2017-05-27;;Rohdaten
2017-05-28;;Rohdaten
2017-05-29;;Rohdaten
2017-05-30;;Rohdaten
2017-05-31;;Rohdaten
2017-06-01;;Rohdaten
2017-06-02;;Rohdaten
2017-06-03;;Rohdaten
2017-06-04;;Rohdaten
2017-06-05;;Rohdaten
2017-06-06;;Rohdaten
2017-06-07;;Rohdaten
2017-06-08;;Rohdaten
2017-06-09;;Rohdaten
2017-06-10;;Rohdaten
2017-06-11;;Rohdaten
2017-06-12;;Rohdaten
2017-06-13;;Rohdaten
2017-06-14;;Rohdaten
2017-06-15;;Rohdaten
2017-06-16;;Rohdaten
2017-06-17;;Rohdaten
2017-06-18;;Rohdaten
2017-06-19;;Rohdaten
2017-06-20;;Rohdaten
2017-06-21;;Rohdaten
2017-06-22;;Rohdaten
2017-06-23;;Rohdaten
2017-06-24;;Rohdaten
2017-06-25;;Rohdaten
2017-06-26;;Rohdaten
2017-06-27;11,14;Rohdaten
2017-06-28;11,08;Rohdaten
2017-06-29;11,02;Rohdaten
2017-06-30;11,06;Rohdaten
2017-07-01;10,98;Rohdaten
2017-07-02;10,97;Rohdaten
2017-07-03;10,93;Rohdaten
2017-07-04;10,94;Rohdaten
2017-07-05;10,88;Rohdaten
2017-07-06;10,91;Rohdaten
2017-07-07;10,86;Rohdaten
2017-07-08;10,90;Rohdaten
2017-07-09;10,91;Rohdaten
2017-07-10;10,86;Rohdaten
2017-07-11;10,81;Rohdaten
2017-07-12;10,85;Rohdaten
2017-07-13;10,52;Rohdaten
2017-07-14;10,36;Rohdaten
2017-07-15;10,36;Rohdaten
2017-07-16;10,36;Rohdaten
2017-07-17;10,34;Rohdaten
2017-07-18;10,33;Rohdaten
2017-07-19;10,34;Rohdaten
2017-07-20;10,33;Rohdaten
2017-07-21;10,29;Rohdaten
2017-07-22;10,29;Rohdaten
2017-07-23;10,25;Rohdaten
2017-07-24;10,30;Rohdaten
2017-07-25;10,36;Rohdaten
2017-07-26;10,42;Rohdaten
2017-07-27;10,43;Rohdaten
2017-07-28;10,35;Rohdaten
2017-07-29;10,36;Rohdaten
2017-07-30;10,34;Rohdaten
2017-07-31;10,35;Rohdaten
2017-08-01;10,31;Rohdaten
2017-08-02;10,04;Rohdaten
2017-08-03;10,02;Rohdaten
2017-08-04;10,08;Rohdaten
2017-08-05;10,08;Rohdaten
2017-08-06;10,03;Rohdaten
2017-08-07;10,05;Rohdaten
2017-08-08;10,11;Rohdaten
2017-08-09;10,08;Rohdaten
2017-08-10;10,12;Rohdaten
2017-08-11;10,17;Rohdaten
2017-08-12;10,27;Rohdaten
2017-08-13;10,16;Rohdaten
2017-08-14;10,24;Rohdaten
2017-08-15;10,11;Rohdaten
2017-08-16;10,07;Rohdaten
2017-08-17;10,15;Rohdaten
2017-08-18;10,16;Rohdaten
2017-08-19;10,18;Rohdaten
2017-08-20;10,17;Rohdaten
2017-08-21;10,26;Rohdaten
2017-08-22;10,24;Rohdaten
2017-08-23;10,25;Rohdaten
2017-08-24;10,20;Rohdaten
2017-08-25;10,20;Rohdaten
2017-08-26;10,14;Rohdaten
2017-08-27;10,10;Rohdaten
2017-08-28;10,10;Rohdaten
2017-08-29;10,09;Rohdaten
2017-08-30;10,09;Rohdaten
2017-08-31;10,04;Rohdaten
2017-09-01;10,08;Rohdaten
2017-09-02;10,10;Rohdaten
2017-09-03;10,13;Rohdaten
2017-09-04;10,20;Rohdaten
2017-09-05;10,19;Rohdaten
2017-09-06;10,14;Rohdaten
2017-09-07;10,16;Rohdaten
2017-09-08;10,16;Rohdaten
2017-09-09;10,14;Rohdaten
2017-09-10;10,13;Rohdaten
2017-09-11;10,16;Rohdaten
2017-09-12;10,10;Rohdaten
2017-09-13;10,17;Rohdaten
2017-09-14;10,24;Rohdaten
2017-09-15;10,24;Rohdaten
2017-09-16;10,24;Rohdaten
2017-09-17;10,23;Rohdaten
2017-09-18;10,27;Rohdaten
2017-09-19;10,27;Rohdaten
2017-09-20;10,25;Rohdaten
2017-09-21;10,24;Rohdaten
2017-09-22;10,24;Rohdaten
2017-09-23;10,23;Rohdaten
2017-09-24;10,21;Rohdaten
2017-09-25;10,23;Rohdaten
2017-09-26;10,21;Rohdaten
2017-09-27;10,21;Rohdaten
2017-09-28;10,20;Rohdaten
2017-09-29;10,21;Rohdaten
2017-09-30;10,22;Rohdaten
2017-10-01;10,17;Rohdaten
2017-10-02;10,22;Rohdaten
2017-10-03;10,27;Rohdaten
2017-10-04;10,25;Rohdaten
2017-10-05;10,30;Rohdaten
2017-10-06;10,28;Rohdaten
2017-10-07;10,28;Rohdaten
2017-10-08;10,30;Rohdaten
2017-10-09;10,31;Rohdaten
2017-10-10;10,31;Rohdaten
2017-10-11;10,30;Rohdaten
2017-10-12;10,24;Rohdaten
2017-10-13;10,20;Rohdaten
2017-10-14;10,20;Rohdaten
2017-10-15;10,20;Rohdaten
2017-10-16;10,22;Rohdaten
2017-10-17;10,26;Rohdaten
2017-10-18;10,26;Rohdaten
2017-10-19;10,28;Rohdaten
2017-10-20;10,24;Rohdaten
2017-10-21;10,25;Rohdaten
2017-10-22;10,26;Rohdaten
2017-10-23;10,23;Rohdaten
2017-10-24;10,24;Rohdaten
2017-10-25;10,23;Rohdaten
2017-10-26;10,23;Rohdaten
2017-10-27;10,22;Rohdaten
2017-10-28;10,29;Rohdaten
2017-10-29;10,34;Rohdaten
2017-10-30;10,28;Rohdaten
2017-10-31;10,32;Rohdaten
2017-11-01;10,30;Rohdaten
2017-11-02;10,34;Rohdaten
2017-11-03;10,29;Rohdaten
2017-11-04;10,30;Rohdaten
2017-11-05;10,29;Rohdaten
2017-11-06;10,23;Rohdaten
2017-11-07;10,30;Rohdaten
2017-11-08;10,26;Rohdaten
2017-11-09;10,24;Rohdaten
2017-11-10;10,28;Rohdaten
2017-11-11;10,28;Rohdaten
2017-11-12;10,34;Rohdaten
2017-11-13;10,38;Rohdaten
2017-11-14;10,44;Rohdaten
2017-11-15;10,50;Rohdaten
2017-11-16;10,50;Rohdaten
2017-11-17;10,44;Rohdaten
2017-11-18;10,36;Rohdaten
2017-11-19;10,40;Rohdaten
2017-11-20;10,38;Rohdaten
2017-11-21;10,40;Rohdaten
2017-11-22;10,42;Rohdaten
2017-11-23;10,40;Rohdaten
2017-11-24;10,38;Rohdaten
2017-11-25;10,42;Rohdaten
2017-11-26;10,46;Rohdaten
2017-11-27;10,52;Rohdaten
2017-11-28;10,67;Rohdaten
2017-11-29;10,68;Rohdaten
2017-11-30;10,68;Rohdaten
2017-12-01;10,66;Rohdaten
2017-12-02;10,60;Rohdaten
2017-12-03;10,65;Rohdaten
2017-12-04;10,65;Rohdaten
2017-12-05;10,59;Rohdaten
2017-12-06;10,66;Rohdaten
2017-12-07;10,70;Rohdaten
2017-12-08;10,76;Rohdaten
2017-12-09;10,72;Rohdaten
2017-12-10;10,84;Rohdaten
2017-12-11;10,83;Rohdaten
2017-12-12;10,72;Rohdaten
2017-12-13;10,78;Rohdaten
2017-12-14;10,85;Rohdaten
2017-12-15;10,87;Rohdaten
2017-12-16;10,89;Rohdaten
2017-12-17;10,83;Rohdaten
2017-12-18;10,84;Rohdaten
2017-12-19;10,86;Rohdaten
2017-12-20;10,89;Rohdaten
2017-12-21;10,84;Rohdaten
2017-12-22;10,88;Rohdaten
2017-12-23;10,90;Rohdaten
2017-12-24;10,93;Rohdaten
2017-12-25;10,96;Rohdaten
2017-12-26;11,00;Rohdaten
2017-12-27;11,08;Rohdaten
2017-12-28;11,00;Rohdaten
2017-12-29;11,02;Rohdaten
2017-12-30;11,05;Rohdaten
2017-12-31;11,15;Rohdaten
2018-01-01;11,18;Rohdaten
2018-01-02;11,15;Rohdaten
2018-01-03;11,40;Rohdaten
2018-01-04;11,48;Rohdaten
2018-01-05;11,49;Rohdaten
2018-01-06;11,46;Rohdaten
2018-01-07;11,42;Rohdaten
2018-01-08;11,45;Rohdaten
2018-01-09;11,50;Rohdaten
2018-01-10;11,49;Rohdaten
2018-01-11;11,48;Rohdaten
2018-01-12;11,47;Rohdaten
2018-01-13;11,50;Rohdaten
2018-01-14;11,53;Rohdaten
2018-01-15;11,63;Rohdaten
2018-01-16;11,70;Rohdaten
2018-01-17;11,65;Rohdaten
2018-01-18;11,77;Rohdaten
2018-01-19;11,80;Rohdaten
2018-01-20;11,84;Rohdaten
2018-01-21;11,80;Rohdaten
2018-01-22;11,89;Rohdaten
2018-01-23;11,82;Rohdaten
2018-01-24;11,91;Rohdaten
2018-01-25;11,97;Rohdaten
2018-01-26;11,92;Rohdaten
2018-01-27;11,88;Rohdaten
2018-01-28;11,90;Rohdaten
2018-01-29;11,95;Rohdaten
2018-01-30;11,95;Rohdaten
2018-01-31;12,06;Rohdaten
2018-02-01;12,15;Rohdaten
2018-02-02;12,15;Rohdaten
2018-02-03;12,18;Rohdaten
2018-02-04;12,11;Rohdaten
2018-02-05;12,13;Rohdaten
2018-02-06;12,25;Rohdaten
2018-02-07;12,26;Rohdaten
2018-02-08;12,20;Rohdaten
2018-02-09;12,21;Rohdaten
2018-02-10;12,25;Rohdaten
2018-02-11;12,35;Rohdaten
2018-02-12;12,22;Rohdaten
2018-02-13;12,22;Rohdaten
2018-02-14;12,22;Rohdaten
2018-02-15;12,24;Rohdaten
2018-02-16;12,24;Rohdaten
2018-02-17;12,29;Rohdaten
2018-02-18;12,25;Rohdaten
2018-02-19;12,33;Rohdaten
2018-02-20;12,29;Rohdaten
2018-02-21;12,28;Rohdaten
2018-02-22;12,29;Rohdaten
2018-02-23;12,31;Rohdaten
2018-02-24;12,30;Rohdaten
2018-02-25;12,30;Rohdaten
2018-02-26;12,33;Rohdaten
2018-02-27;12,23;Rohdaten
2018-02-28;12,10;Rohdaten
2018-03-01;12,28;Rohdaten
2018-03-02;12,44;Rohdaten
2018-03-03;12,51;Rohdaten
2018-03-04;12,46;Rohdaten
2018-03-05;12,47;Rohdaten
2018-03-06;12,54;Rohdaten
2018-03-07;12,45;Rohdaten
2018-03-08;12,43;Rohdaten
2018-03-09;12,39;Rohdaten
2018-03-10;12,47;Rohdaten
2018-03-11;12,52;Rohdaten
2018-03-12;12,50;Rohdaten
2018-03-13;12,49;Rohdaten
2018-03-14;12,49;Rohdaten
2018-03-15;12,56;Rohdaten
2018-03-16;12,54;Rohdaten
2018-03-17;12,53;Rohdaten
2018-03-18;12,56;Rohdaten
2018-03-19;12,56;Rohdaten
2018-03-20;12,51;Rohdaten
2018-03-21;12,46;Rohdaten
2018-03-22;12,51;Rohdaten
2018-03-23;12,59;Rohdaten
2018-03-24;12,63;Rohdaten
2018-03-25;12,59;Rohdaten
2018-03-26;12,29;Rohdaten
2018-03-27;12,13;Rohdaten
2018-03-28;12,26;Rohdaten
2018-03-29;12,25;Rohdaten
2018-03-30;12,32;Rohdaten
2018-03-31;12,34;Rohdaten
2018-04-01;12,26;Rohdaten
2018-04-02;12,26;Rohdaten
2018-04-03;12,30;Rohdaten
2018-04-04;12,31;Rohdaten
2018-04-05;12,26;Rohdaten
2018-04-06;12,21;Rohdaten
2018-04-07;12,26;Rohdaten
2018-04-08;12,28;Rohdaten
2018-04-09;12,30;Rohdaten
2018-04-10;12,31;Rohdaten
2018-04-11;12,30;Rohdaten
2018-04-12;12,33;Rohdaten
2018-04-13;12,27;Rohdaten
2018-04-14;12,25;Rohdaten
2018-04-15;12,29;Rohdaten
2018-04-16;12,27;Rohdaten
2018-04-17;12,22;Rohdaten
2018-04-18;12,18;Rohdaten
2018-04-19;12,10;Rohdaten
2018-04-20;12,05;Rohdaten
2018-04-21;12,10;Rohdaten
2018-04-22;12,13;Rohdaten
2018-04-23;12,07;Rohdaten
2018-04-24;12,05;Rohdaten
2018-04-25;12,10;Rohdaten
2018-04-26;12,14;Rohdaten
2018-04-27;12,24;Rohdaten
2018-04-28;12,29;Rohdaten
2018-04-29;12,24;Rohdaten
2018-04-30;12,07;Rohdaten
2018-05-01;11,94;Rohdaten
2018-05-02;12,00;Rohdaten
2018-05-03;12,14;Rohdaten
2018-05-04;12,17;Rohdaten
2018-05-05;12,15;Rohdaten
2018-05-06;11,99;Rohdaten
2018-05-07;11,94;Rohdaten
2018-05-08;12,11;Rohdaten
2018-05-09;12,23;Rohdaten
2018-05-10;12,18;Rohdaten
2018-05-11;12,10;Rohdaten
2018-05-12;12,01;Rohdaten
2018-05-13;11,94;Rohdaten
2018-05-14;12,12;Rohdaten
2018-05-15;12,19;Rohdaten
2018-05-16;12,16;Rohdaten
2018-05-17;12,14;Rohdaten
2018-05-18;12,12;Rohdaten
2018-05-19;12,12;Rohdaten
2018-05-20;11,96;Rohdaten
2018-05-21;11,88;Rohdaten
2018-05-22;11,85;Rohdaten
2018-05-23;11,92;Rohdaten
2018-05-24;12,02;Rohdaten
2018-05-25;11,98;Rohdaten
2018-05-26;11,81;Rohdaten
2018-05-27;11,83;Rohdaten
2018-05-28;11,79;Rohdaten
2018-05-29;11,76;Rohdaten
2018-05-30;11,72;Rohdaten
2018-05-31;11,70;Rohdaten
2018-06-01;11,81;Rohdaten
2018-06-02;11,73;Rohdaten
2018-06-03;11,67;Rohdaten
2018-06-04;11,74;Rohdaten
2018-06-05;11,71;Rohdaten
2018-06-06;11,67;Rohdaten
2018-06-07;11,67;Rohdaten
2018-06-08;11,69;Rohdaten
2018-06-09;11,67;Rohdaten
2018-06-10;11,64;Rohdaten
2018-06-11;11,58;Rohdaten
2018-06-12;11,68;Rohdaten
2018-06-13;11,69;Rohdaten
2018-06-14;11,79;Rohdaten
2018-06-15;11,70;Rohdaten
2018-06-16;11,63;Rohdaten
2018-06-17;11,62;Rohdaten
2018-06-18;11,60;Rohdaten
2018-06-19;11,61;Rohdaten
2018-06-20;11,61;Rohdaten
2018-06-21;11,59;Rohdaten
2018-06-22;11,56;Rohdaten
2018-06-23;11,38;Rohdaten
2018-06-24;11,42;Rohdaten
2018-06-25;11,56;Rohdaten
2018-06-26;11,65;Rohdaten
2018-06-27;11,62;Rohdaten
2018-06-28;11,54;Rohdaten
2018-06-29;11,39;Rohdaten
2018-06-30;11,36;Rohdaten
2018-07-01;11,36;Rohdaten
2018-07-02;11,51;Rohdaten
2018-07-03;11,46;Rohdaten
2018-07-04;11,45;Rohdaten
2018-07-05;11,43;Rohdaten
2018-07-06;11,32;Rohdaten
2018-07-07;11,30;Rohdaten
2018-07-08;11,35;Rohdaten
2018-07-09;11,33;Rohdaten
2018-07-10;11,39;Rohdaten
2018-07-11;11,41;Rohdaten
2018-07-12;11,60;Rohdaten
2018-07-13;11,65;Rohdaten
2018-07-14;11,72;Rohdaten
2018-07-15;11,46;Rohdaten
2018-07-16;11,60;Rohdaten
2018-07-17;11,67;Rohdaten
2018-07-18;11,41;Rohdaten
2018-07-19;11,31;Rohdaten
2018-07-20;11,29;Rohdaten
2018-07-21;11,32;Rohdaten
2018-07-22;11,40;Rohdaten
2018-07-23;11,39;Rohdaten
2018-07-24;11,41;Rohdaten
2018-07-25;11,34;Rohdaten
2018-07-26;11,25;Rohdaten
2018-07-27;11,26;Rohdaten
2018-07-28;11,21;Rohdaten
2018-07-29;11,16;Rohdaten
2018-07-30;11,16;Rohdaten
2018-07-31;11,19;Rohdaten
2018-08-01;11,13;Rohdaten
2018-08-02;11,11;Rohdaten
2018-08-03;11,12;Rohdaten
2018-08-04;11,11;Rohdaten
2018-08-05;11,09;Rohdaten
2018-08-06;11,11;Rohdaten
2018-08-07;11,12;Rohdaten
2018-08-08;11,09;Rohdaten
2018-08-09;11,05;Rohdaten
2018-08-10;11,02;Rohdaten
2018-08-11;11,04;Rohdaten
2018-08-12;11,07;Rohdaten
2018-08-13;11,08;Rohdaten
2018-08-14;11,04;Rohdaten
2018-08-15;11,03;Rohdaten
2018-08-16;11,06;Rohdaten
2018-08-17;11,03;Rohdaten
2018-08-18;10,97;Rohdaten
2018-08-19;10,95;Rohdaten
2018-08-20;10,92;Rohdaten
2018-08-21;10,94;Rohdaten
2018-08-22;10,94;Rohdaten
2018-08-23;10,97;Rohdaten
2018-08-24;10,98;Rohdaten
2018-08-25;10,95;Rohdaten
2018-08-26;10,99;Rohdaten
2018-08-27;10,97;Rohdaten
2018-08-28;10,96;Rohdaten
2018-08-29;10,97;Rohdaten
2018-08-30;10,96;Rohdaten
2018-08-31;10,94;Rohdaten
2018-09-01;10,96;Rohdaten
2018-09-02;10,95;Rohdaten
2018-09-03;10,98;Rohdaten
2018-09-04;10,95;Rohdaten
2018-09-05;10,94;Rohdaten
2018-09-06;10,92;Rohdaten
2018-09-07;10,87;Rohdaten
2018-09-08;10,92;Rohdaten
2018-09-09;11,03;Rohdaten
2018-09-10;11,03;Rohdaten
2018-09-11;10,99;Rohdaten
2018-09-12;11,01;Rohdaten
2018-09-13;11,00;Rohdaten
2018-09-14;10,95;Rohdaten
2018-09-15;10,94;Rohdaten
2018-09-16;10,97;Rohdaten
2018-09-17;11,00;Rohdaten
2018-09-18;11,00;Rohdaten
2018-09-19;10,86;Rohdaten
2018-09-20;10,79;Rohdaten
2018-09-21;10,78;Rohdaten
2018-09-22;10,72;Rohdaten
2018-09-23;10,78;Rohdaten
2018-09-24;10,64;Rohdaten
2018-09-25;10,75;Rohdaten
2018-09-26;10,86;Rohdaten
2018-09-27;10,91;Rohdaten
2018-09-28;10,88;Rohdaten
2018-09-29;10,86;Rohdaten
2018-09-30;10,90;Rohdaten
2018-10-01;10,76;Rohdaten
2018-10-02;10,69;Rohdaten
2018-10-03;10,64;Rohdaten
2018-10-04;10,65;Rohdaten
2018-10-05;10,65;Rohdaten
2018-10-06;10,67;Rohdaten
2018-10-07;10,61;Rohdaten
2018-10-08;10,54;Rohdaten
2018-10-09;10,51;Rohdaten
2018-10-10;10,52;Rohdaten
2018-10-11;10,58;Rohdaten
2018-10-12;10,62;Rohdaten
2018-10-13;10,66;Rohdaten
2018-10-14;10,71;Rohdaten
2018-10-15;10,62;Rohdaten
2018-10-16;10,57;Rohdaten
2018-10-17;10,63;Rohdaten
2018-10-18;10,53;Rohdaten
2018-10-19;10,46;Rohdaten
2018-10-20;10,47;Rohdaten
2018-10-21;10,46;Rohdaten
2018-10-22;10,45;Rohdaten
2018-10-23;10,49;Rohdaten
2018-10-24;10,58;Rohdaten
2018-10-25;10,53;Rohdaten
2018-10-26;10,46;Rohdaten
2018-10-27;10,42;Rohdaten
2018-10-28;10,59;Rohdaten
2018-10-29;10,57;Rohdaten
2018-10-30;10,42;Rohdaten
2018-10-31;10,37;Rohdaten
2018-11-01;10,38;Rohdaten
2018-11-02;10,43;Rohdaten
2018-11-03;10,45;Rohdaten
2018-11-04;10,48;Rohdaten
2018-11-05;10,44;Rohdaten
2018-11-06;10,43;Rohdaten
2018-11-07;10,39;Rohdaten
2018-11-08;10,35;Rohdaten
2018-11-09;10,37;Rohdaten
2018-11-10;10,41;Rohdaten
2018-11-11;10,41;Rohdaten
2018-11-12;10,40;Rohdaten
2018-11-13;10,43;Rohdaten
2018-11-14;10,37;Rohdaten
2018-11-15;10,31;Rohdaten
2018-11-16;10,36;Rohdaten
2018-11-17;10,42;Rohdaten
2018-11-18;10,48;Rohdaten
2018-11-19;10,48;Rohdaten
2018-11-20;10,42;Rohdaten
2018-11-21;10,31;Rohdaten
2018-11-22;10,37;Rohdaten
2018-11-23;10,43;Rohdaten
2018-11-24;10,45;Rohdaten
2018-11-25;10,42;Rohdaten
2018-11-26;10,42;Rohdaten
2018-11-27;10,36;Rohdaten
2018-11-28;10,20;Rohdaten
2018-11-29;10,19;Rohdaten
2018-11-30;10,31;Rohdaten
2018-12-01;10,33;Rohdaten
2018-12-02;10,45;Rohdaten
2018-12-03;10,29;Rohdaten
2018-12-04;10,21;Rohdaten
2018-12-05;10,02;Rohdaten
2018-12-06;10,35;Rohdaten
2018-12-07;10,36;Rohdaten
2018-12-08;10,39;Rohdaten
2018-12-09;10,33;Rohdaten
2018-12-10;10,21;Rohdaten
2018-12-11;10,26;Rohdaten
2018-12-12;10,19;Rohdaten
2018-12-13;10,14;Rohdaten
2018-12-14;10,09;Rohdaten
2018-12-15;10,14;Rohdaten
2018-12-16;10,03;Rohdaten
2018-12-17;9,99;Rohdaten
2018-12-18;9,98;Rohdaten
2018-12-19;10,12;Rohdaten
2018-12-20;10,10;Rohdaten
2018-12-21;10,11;Rohdaten
2018-12-22;10,13;Rohdaten
2018-12-23;10,16;Rohdaten
2018-12-24;10,25;Rohdaten
2018-12-25;10,23;Rohdaten
2018-12-26;10,09;Rohdaten
2018-12-27;10,10;Rohdaten
2018-12-28;10,05;Rohdaten
2018-12-29;10,04;Rohdaten
2018-12-30;10,04;Rohdaten
2018-12-31;9,97;Rohdaten
2019-01-01;10,00;Rohdaten
2019-01-02;9,90;Rohdaten
2019-01-03;9,92;Rohdaten
2019-01-04;9,84;Rohdaten
2019-01-05;9,75;Rohdaten
2019-01-06;9,85;Rohdaten
2019-01-07;9,93;Rohdaten
2019-01-08;9,94;Rohdaten
2019-01-09;9,87;Rohdaten
2019-01-10;9,85;Rohdaten
2019-01-11;10,04;Rohdaten
2019-01-12;10,05;Rohdaten
2019-01-13;10,09;Rohdaten
2019-01-14;10,29;Rohdaten
2019-01-15;10,26;Rohdaten
2019-01-16;10,14;Rohdaten
2019-01-17;10,08;Rohdaten
2019-01-18;10,01;Rohdaten
2019-01-19;10,09;Rohdaten
2019-01-20;10,04;Rohdaten
2019-01-21;10,05;Rohdaten
2019-01-22;10,11;Rohdaten
2019-01-23;10,14;Rohdaten
2019-01-24;10,09;Rohdaten
2019-01-25;10,43;Rohdaten
2019-01-26;10,60;Rohdaten
2019-01-27;10,66;Rohdaten
2019-01-28;10,59;Rohdaten
2019-01-29;10,77;Rohdaten
2019-01-30;10,87;Rohdaten
2019-01-31;10,88;Rohdaten
2019-02-01;10,93;Rohdaten
2019-02-02;10,82;Rohdaten
2019-02-03;10,69;Rohdaten
2019-02-04;10,68;Rohdaten
2019-02-05;10,70;Rohdaten
2019-02-06;10,72;Rohdaten
2019-02-07;10,72;Rohdaten
2019-02-08;10,71;Rohdaten
2019-02-09;10,73;Rohdaten
2019-02-10;10,84;Rohdaten
2019-02-11;10,84;Rohdaten
2019-02-12;10,83;Rohdaten
2019-02-13;10,85;Rohdaten
2019-02-14;10,82;Rohdaten
2019-02-15;10,87;Rohdaten
2019-02-16;10,89;Rohdaten
2019-02-17;10,90;Rohdaten
2019-02-18;10,91;Rohdaten
2019-02-19;10,90;Rohdaten
2019-02-20;10,88;Rohdaten
2019-02-21;10,88;Rohdaten
2019-02-22;10,81;Rohdaten
2019-02-23;10,81;Rohdaten
2019-02-24;10,85;Rohdaten
2019-02-25;10,87;Rohdaten
2019-02-26;10,89;Rohdaten
2019-02-27;10,90;Rohdaten
2019-02-28;10,90;Rohdaten
2019-03-01;10,93;Rohdaten
2019-03-02;10,92;Rohdaten
2019-03-03;10,96;Rohdaten
2019-03-04;10,99;Rohdaten
2019-03-05;11,08;Rohdaten
2019-03-06;11,28;Rohdaten
2019-03-07;11,04;Rohdaten
2019-03-08;10,92;Rohdaten
2019-03-09;10,97;Rohdaten
2019-03-10;11,10;Rohdaten
2019-03-11;11,16;Rohdaten
2019-03-12;11,11;Rohdaten
2019-03-13;11,10;Rohdaten
2019-03-14;11,13;Rohdaten
2019-03-15;11,15;Rohdaten
2019-03-16;11,60;Rohdaten
2019-03-17;11,62;Rohdaten
2019-03-18;11,41;Rohdaten
2019-03-19;11,40;Rohdaten
2019-03-20;11,33;Rohdaten
2019-03-21;11,29;Rohdaten
2019-03-22;11,42;Rohdaten
2019-03-23;11,40;Rohdaten
2019-03-24;11,40;Rohdaten
2019-03-25;11,38;Rohdaten
2019-03-26;11,36;Rohdaten
2019-03-27;11,40;Rohdaten
2019-03-28;11,41;Rohdaten
2019-03-29;11,41;Rohdaten
2019-03-30;11,46;Rohdaten
2019-03-31;11,46;Rohdaten
2019-04-01;11,49;Rohdaten
2019-04-02;11,53;Rohdaten
2019-04-03;11,51;Rohdaten
2019-04-04;11,48;Rohdaten
2019-04-05;11,45;Rohdaten
2019-04-06;11,49;Rohdaten
2019-04-07;11,46;Rohdaten
2019-04-08;11,41;Rohdaten
2019-04-09;11,38;Rohdaten
2019-04-10;11,38;Rohdaten
2019-04-11;11,39;Rohdaten
2019-04-12;11,41;Rohdaten
2019-04-13;11,42;Rohdaten
2019-04-14;11,43;Rohdaten
2019-04-15;11,31;Rohdaten
2019-04-16;11,30;Rohdaten
2019-04-17;11,20;Rohdaten
2019-04-18;11,18;Rohdaten
2019-04-19;11,11;Rohdaten
2019-04-20;11,10;Rohdaten
2019-04-21;11,11;Rohdaten
2019-04-22;11,17;Rohdaten
2019-04-23;11,20;Rohdaten
2019-04-24;11,17;Rohdaten
2019-04-25;11,18;Rohdaten
2019-04-26;11,26;Rohdaten
2019-04-27;11,34;Rohdaten
2019-04-28;11,35;Rohdaten
2019-04-29;11,39;Rohdaten
2019-04-30;11,46;Rohdaten
2019-05-01;11,47;Rohdaten
2019-05-02;11,47;Rohdaten
2019-05-03;11,41;Rohdaten
2019-05-04;11,40;Rohdaten
2019-05-05;11,33;Rohdaten
2019-05-06;11,29;Rohdaten
2019-05-07;11,29;Rohdaten
2019-05-08;11,35;Rohdaten
2019-05-09;11,30;Rohdaten
2019-05-10;11,26;Rohdaten
2019-05-11;11,28;Rohdaten
2019-05-12;11,20;Rohdaten
2019-05-13;11,22;Rohdaten
2019-05-14;11,26;Rohdaten
2019-05-15;11,30;Rohdaten
2019-05-16;11,33;Rohdaten
2019-05-17;11,34;Rohdaten
2019-05-18;11,32;Rohdaten
2019-05-19;11,29;Rohdaten
2019-05-20;11,29;Rohdaten
2019-05-21;11,28;Rohdaten
2019-05-22;11,17;Rohdaten
2019-05-23;11,17;Rohdaten
2019-05-24;11,13;Rohdaten
2019-05-25;11,11;Rohdaten
2019-05-26;11,10;Rohdaten
2019-05-27;11,14;Rohdaten
2019-05-28;11,10;Rohdaten
2019-05-29;11,02;Rohdaten
2019-05-30;11,08;Rohdaten
2019-05-31;11,07;Rohdaten
2019-06-01;11,09;Rohdaten
2019-06-02;11,09;Rohdaten
2019-06-03;11,07;Rohdaten
2019-06-04;11,06;Rohdaten
2019-06-05;11,08;Rohdaten
2019-06-06;11,05;Rohdaten
2019-06-07;11,04;Rohdaten
2019-06-08;10,99;Rohdaten
2019-06-09;11,02;Rohdaten
2019-06-10;11,05;Rohdaten
2019-06-11;11,06;Rohdaten
2019-06-12;11,01;Rohdaten
2019-06-13;10,93;Rohdaten
2019-06-14;10,98;Rohdaten
2019-06-15;10,96;Rohdaten
2019-06-16;10,94;Rohdaten
2019-06-17;10,92;Rohdaten
2019-06-18;10,93;Rohdaten
2019-06-19;10,98;Rohdaten
2019-06-20;10,94;Rohdaten
2019-06-21;10,91;Rohdaten
2019-06-22;10,90;Rohdaten
2019-06-23;10,88;Rohdaten
2019-06-24;10,80;Rohdaten
2019-06-25;10,77;Rohdaten
2019-06-26;10,77;Rohdaten
2019-06-27;10,74;Rohdaten
2019-06-28;10,72;Rohdaten
2019-06-29;10,76;Rohdaten
2019-06-30;10,77;Rohdaten
2019-07-01;10,72;Rohdaten
2019-07-02;10,73;Rohdaten
2019-07-03;10,77;Rohdaten
2019-07-04;10,76;Rohdaten
2019-07-05;10,78;Rohdaten
2019-07-06;10,77;Rohdaten
2019-07-07;10,78;Rohdaten
2019-07-08;10,75;Rohdaten
2019-07-09;10,75;Rohdaten
2019-07-10;10,76;Rohdaten
2019-07-11;10,76;Rohdaten
2019-07-12;10,77;Rohdaten
2019-07-13;10,77;Rohdaten
2019-07-14;10,77;Rohdaten
2019-07-15;10,75;Rohdaten
2019-07-16;10,71;Rohdaten
2019-07-17;10,73;Rohdaten
2019-07-18;10,71;Rohdaten
2019-07-19;10,67;Rohdaten
2019-07-20;10,68;Rohdaten
2019-07-21;10,64;Rohdaten
2019-07-22;10,62;Rohdaten
2019-07-23;10,63;Rohdaten
2019-07-24;10,59;Rohdaten
2019-07-25;10,56;Rohdaten
2019-07-26;10,57;Rohdaten
2019-07-27;10,57;Rohdaten
2019-07-28;10,58;Rohdaten
2019-07-29;10,57;Rohdaten
2019-07-30;10,54;Rohdaten
2019-07-31;10,57;Rohdaten
2019-08-01;10,60;Rohdaten
2019-08-02;10,61;Rohdaten
2019-08-03;10,62;Rohdaten
2019-08-04;10,61;Rohdaten
2019-08-05;10,62;Rohdaten
2019-08-06;10,58;Rohdaten
2019-08-07;10,59;Rohdaten
2019-08-08;10,54;Rohdaten
2019-08-09;10,57;Rohdaten
2019-08-10;10,54;Rohdaten
2019-08-11;10,54;Rohdaten
2019-08-12;10,65;Rohdaten
2019-08-13;10,54;Rohdaten
2019-08-14;10,43;Rohdaten
2019-08-15;10,47;Rohdaten
2019-08-16;10,42;Rohdaten
2019-08-17;10,40;Rohdaten
2019-08-18;10,41;Rohdaten
2019-08-19;10,38;Rohdaten
2019-08-20;10,35;Rohdaten
2019-08-21;10,40;Rohdaten
2019-08-22;10,48;Rohdaten
2019-08-23;10,47;Rohdaten
2019-08-24;10,48;Rohdaten
2019-08-25;10,43;Rohdaten
2019-08-26;10,44;Rohdaten
2019-08-27;10,30;Rohdaten
2019-08-28;10,24;Rohdaten
2019-08-29;10,22;Rohdaten
2019-08-30;10,20;Rohdaten
2019-08-31;10,23;Rohdaten
2019-09-01;10,19;Rohdaten
2019-09-02;10,30;Rohdaten
2019-09-03;10,29;Rohdaten
2019-09-04;10,39;Rohdaten
2019-09-05;10,34;Rohdaten
2019-09-06;10,35;Rohdaten
2019-09-07;10,43;Rohdaten
2019-09-08;10,36;Rohdaten
2019-09-09;10,39;Rohdaten
2019-09-10;10,45;Rohdaten
2019-09-11;10,44;Rohdaten
2019-09-12;10,28;Rohdaten
2019-09-13;10,13;Rohdaten
2019-09-14;10,11;Rohdaten
2019-09-15;10,10;Rohdaten
2019-09-16;10,31;Rohdaten
2019-09-17;10,25;Rohdaten
2019-09-18;10,23;Rohdaten
2019-09-19;10,28;Rohdaten
2019-09-20;10,28;Rohdaten
2019-09-21;10,31;Rohdaten
2019-09-22;10,33;Rohdaten
2019-09-23;10,24;Rohdaten
2019-09-24;10,16;Rohdaten
2019-09-25;10,19;Rohdaten
2019-09-26;10,20;Rohdaten
2019-09-27;10,23;Rohdaten
2019-09-28;10,23;Rohdaten
2019-09-29;10,28;Rohdaten
2019-09-30;10,22;Rohdaten
2019-10-01;10,22;Rohdaten
2019-10-02;10,20;Rohdaten
2019-10-03;10,15;Rohdaten
2019-10-04;10,20;Rohdaten
2019-10-05;10,15;Rohdaten
2019-10-06;10,14;Rohdaten
2019-10-07;10,10;Rohdaten
2019-10-08;10,16;Rohdaten
2019-10-09;10,17;Rohdaten
2019-10-10;10,12;Rohdaten
2019-10-11;10,09;Rohdaten
2019-10-12;10,06;Rohdaten
2019-10-13;10,05;Rohdaten
2019-10-14;10,06;Rohdaten
2019-10-15;10,11;Rohdaten
2019-10-16;10,01;Rohdaten
2019-10-17;10,04;Rohdaten
2019-10-18;10,06;Rohdaten
2019-10-19;9,98;Rohdaten
2019-10-20;9,95;Rohdaten
2019-10-21;9,90;Rohdaten
2019-10-22;9,91;Rohdaten
2019-10-23;9,95;Rohdaten
2019-10-24;9,91;Rohdaten
2019-10-25;9,89;Rohdaten
2019-10-26;9,89;Rohdaten
2019-10-27;9,89;Rohdaten
2019-10-28;9,82;Rohdaten
2019-10-29;9,82;Rohdaten
2019-10-30;9,82;Rohdaten
2019-10-31;9,87;Rohdaten
2019-11-01;10,00;Rohdaten
2019-11-02;9,94;Rohdaten
2019-11-03;9,97;Rohdaten
2019-11-04;9,97;Rohdaten
2019-11-05;9,96;Rohdaten
2019-11-06;9,96;Rohdaten
2019-11-07;9,98;Rohdaten
2019-11-08;10,00;Rohdaten
2019-11-09;10,04;Rohdaten
2019-11-10;9,89;Rohdaten
2019-11-11;9,92;Rohdaten
2019-11-12;10,02;Rohdaten
2019-11-13;9,96;Rohdaten
2019-11-14;9,96;Rohdaten
2019-11-15;9,94;Rohdaten
2019-11-16;10,02;Rohdaten
2019-11-17;9,95;Rohdaten
2019-11-18;9,85;Rohdaten
2019-11-19;9,85;Rohdaten
2019-11-20;9,87;Rohdaten
2019-11-21;10,00;Rohdaten
2019-11-22;9,91;Rohdaten
2019-11-23;9,87;Rohdaten
2019-11-24;9,78;Rohdaten
2019-11-25;9,82;Rohdaten
2019-11-26;9,92;Rohdaten
2019-11-27;9,87;Rohdaten
2019-11-28;9,80;Rohdaten
2019-11-29;9,76;Rohdaten
2019-11-30;9,73;Rohdaten
2019-12-01;9,79;Rohdaten
2019-12-02;9,77;Rohdaten
2019-12-03;9,53;Rohdaten
2019-12-04;9,71;Rohdaten
2019-12-05;9,72;Rohdaten
2019-12-06;9,79;Rohdaten
2019-12-07;9,76;Rohdaten
2019-12-08;9,75;Rohdaten
2019-12-09;9,85;Rohdaten
2019-12-10;9,70;Rohdaten
2019-12-11;9,74;Rohdaten
2019-12-12;9,74;Rohdaten
2019-12-13;9,79;Rohdaten
2019-12-14;9,73;Rohdaten
2019-12-15;9,75;Rohdaten
2019-12-16;9,75;Rohdaten
2019-12-17;9,71;Rohdaten
2019-12-18;9,64;Rohdaten
2019-12-19;9,68;Rohdaten
2019-12-20;9,73;Rohdaten
2019-12-21;9,64;Rohdaten
2019-12-22;9,67;Rohdaten
2019-12-23;9,61;Rohdaten
2019-12-24;9,66;Rohdaten
2019-12-25;9,62;Rohdaten
2019-12-26;9,61;Rohdaten
2019-12-27;9,60;Rohdaten
2019-12-28;9,56;Rohdaten
2019-12-29;9,58;Rohdaten
2019-12-30;9,61;Rohdaten
2019-12-31;9,60;Rohdaten
2020-01-01;9,53;Rohdaten
2020-01-02;9,53;Rohdaten
2020-01-03;9,63;Rohdaten
2020-01-04;9,55;Rohdaten
2020-01-05;9,58;Rohdaten
2020-01-06;9,59;Rohdaten
2020-01-07;9,54;Rohdaten
2020-01-08;9,54;Rohdaten
2020-01-09;9,50;Rohdaten
2020-01-10;9,39;Rohdaten
2020-01-11;9,23;Rohdaten
2020-01-12;9,27;Rohdaten
2020-01-13;9,48;Rohdaten
2020-01-14;9,53;Rohdaten
2020-01-15;9,50;Rohdaten
2020-01-16;9,48;Rohdaten
2020-01-17;9,50;Rohdaten
2020-01-18;9,49;Rohdaten
2020-01-19;9,39;Rohdaten
2020-01-20;9,36;Rohdaten
2020-01-21;9,33;Rohdaten
2020-01-22;9,50;Rohdaten
2020-01-23;9,53;Rohdaten
2020-01-24;9,52;Rohdaten
2020-01-25;9,55;Rohdaten
2020-01-26;9,54;Rohdaten
2020-01-27;9,52;Rohdaten
2020-01-28;9,59;Rohdaten
2020-01-29;9,45;Rohdaten
2020-01-30;9,54;Rohdaten
2020-01-31;9,59;Rohdaten
2020-02-01;9,52;Rohdaten
2020-02-02;9,61;Rohdaten
2020-02-03;9,65;Rohdaten
2020-02-04;9,88;Rohdaten
2020-02-05;9,80;Rohdaten
2020-02-06;10,00;Rohdaten
2020-02-07;9,90;Rohdaten
2020-02-08;9,83;Rohdaten
2020-02-09;9,78;Rohdaten
2020-02-10;9,88;Rohdaten
2020-02-11;9,98;Rohdaten
2020-02-12;9,92;Rohdaten
2020-02-13;10,03;Rohdaten
2020-02-14;10,05;Rohdaten
2020-02-15;10,00;Rohdaten
2020-02-16;10,13;Rohdaten
2020-02-17;10,12;Rohdaten
2020-02-18;10,13;Rohdaten
2020-02-19;10,13;Rohdaten
2020-02-20;10,17;Rohdaten
2020-02-21;10,14;Rohdaten
2020-02-22;10,21;Rohdaten
2020-02-23;10,29;Rohdaten
2020-02-24;10,25;Rohdaten
2020-02-25;10,29;Rohdaten
2020-02-26;10,29;Rohdaten
2020-02-27;10,33;Rohdaten
2020-02-28;10,12;Rohdaten
2020-02-29;10,32;Rohdaten
2020-03-01;10,63;Rohdaten
2020-03-02;10,73;Rohdaten
2020-03-03;10,56;Rohdaten
2020-03-04;10,56;Rohdaten
2020-03-05;10,66;Rohdaten
2020-03-06;10,70;Rohdaten
2020-03-07;10,58;Rohdaten
2020-03-08;10,58;Rohdaten
2020-03-09;10,66;Rohdaten
2020-03-10;10,75;Rohdaten
2020-03-11;10,80;Rohdaten
2020-03-12;10,86;Rohdaten
2020-03-13;10,87;Rohdaten
2020-03-14;10,89;Rohdaten
2020-03-15;10,94;Rohdaten
2020-03-16;10,92;Rohdaten
2020-03-17;10,90;Rohdaten
2020-03-18;10,90;Rohdaten
2020-03-19;10,90;Rohdaten
2020-03-20;10,90;Rohdaten
2020-03-21;10,85;Rohdaten
2020-03-22;10,83;Rohdaten
2020-03-23;10,87;Rohdaten
2020-03-24;10,91;Rohdaten
2020-03-25;10,86;Rohdaten
2020-03-26;10,99;Rohdaten
2020-03-27;11,05;Rohdaten
2020-03-28;11,04;Rohdaten
2020-03-29;11,04;Rohdaten
2020-03-30;11,06;Rohdaten
2020-03-31;11,01;Rohdaten
2020-04-01;10,98;Rohdaten
2020-04-02;10,98;Rohdaten
2020-04-03;10,91;Rohdaten
2020-04-04;10,82;Rohdaten
2020-04-05;10,88;Rohdaten
2020-04-06;10,92;Rohdaten
2020-04-07;10,92;Rohdaten
2020-04-08;10,96;Rohdaten
2020-04-09;10,91;Rohdaten
2020-04-10;10,90;Rohdaten
2020-04-11;10,97;Rohdaten
2020-04-12;10,95;Rohdaten
2020-04-13;10,91;Rohdaten
2020-04-14;10,88;Rohdaten
2020-04-15;10,96;Rohdaten
2020-04-16;10,91;Rohdaten
2020-04-17;10,89;Rohdaten
2020-04-18;10,89;Rohdaten
2020-04-19;10,88;Rohdaten
2020-04-20;10,88;Rohdaten
2020-04-21;10,90;Rohdaten
2020-04-22;10,89;Rohdaten
2020-04-23;10,88;Rohdaten
2020-04-24;10,94;Rohdaten
2020-04-25;10,96;Rohdaten
2020-04-26;11,00;Rohdaten
2020-04-27;10,99;Rohdaten
2020-04-28;11,04;Rohdaten
2020-04-29;11,05;Rohdaten
2020-04-30;11,13;Rohdaten
2020-05-01;11,07;Rohdaten
2020-05-02;11,04;Rohdaten
2020-05-03;11,06;Rohdaten
2020-05-04;11,11;Rohdaten
2020-05-05;11,13;Rohdaten
2020-05-06;11,06;Rohdaten
2020-05-07;11,07;Rohdaten
2020-05-08;11,09;Rohdaten
2020-05-09;11,15;Rohdaten
2020-05-10;11,18;Rohdaten
2020-05-11;11,14;Rohdaten
2020-05-12;10,98;Rohdaten
2020-05-13;11,06;Rohdaten
2020-05-14;11,08;Rohdaten
2020-05-15;11,05;Rohdaten
2020-05-16;10,98;Rohdaten
2020-05-17;10,92;Rohdaten
2020-05-18;10,91;Rohdaten
2020-05-19;10,93;Rohdaten
2020-05-20;10,90;Rohdaten
2020-05-21;10,85;Rohdaten
2020-05-22;10,89;Rohdaten
2020-05-23;10,83;Rohdaten
2020-05-24;10,86;Rohdaten
2020-05-25;10,81;Rohdaten
2020-05-26;10,80;Rohdaten
2020-05-27;10,81;Rohdaten
2020-05-28;10,80;Rohdaten
2020-05-29;10,79;Rohdaten
2020-05-30;10,79;Rohdaten
2020-05-31;10,78;Rohdaten
2020-06-01;10,82;Rohdaten
2020-06-02;10,79;Rohdaten
2020-06-03;10,84;Rohdaten
2020-06-04;10,87;Rohdaten
2020-06-05;10,85;Rohdaten
2020-06-06;10,87;Rohdaten
2020-06-07;10,90;Rohdaten
2020-06-08;10,89;Rohdaten
2020-06-09;10,88;Rohdaten
2020-06-10;10,90;Rohdaten
2020-06-11;10,90;Rohdaten
2020-06-12;10,78;Rohdaten
2020-06-13;10,68;Rohdaten
2020-06-14;10,80;Rohdaten
2020-06-15;10,74;Rohdaten
2020-06-16;10,69;Rohdaten
2020-06-17;10,80;Rohdaten
2020-06-18;10,71;Rohdaten
2020-06-19;10,61;Rohdaten
2020-06-20;10,68;Rohdaten
2020-06-21;10,67;Rohdaten
2020-06-22;10,58;Rohdaten
2020-06-23;10,58;Rohdaten
2020-06-24;10,56;Rohdaten
2020-06-25;10,58;Rohdaten
2020-06-26;10,73;Rohdaten
2020-06-27;10,65;Rohdaten
2020-06-28;10,61;Rohdaten
2020-06-29;10,62;Rohdaten
2020-06-30;10,60;Rohdaten
2020-07-01;10,59;Rohdaten
2020-07-02;10,69;Rohdaten
2020-07-03;10,63;Rohdaten
2020-07-04;10,60;Rohdaten
2020-07-05;10,66;Rohdaten
2020-07-06;10,56;Rohdaten
2020-07-07;10,41;Rohdaten
2020-07-08;10,44;Rohdaten
2020-07-09;10,46;Rohdaten
2020-07-10;10,46;Rohdaten
2020-07-11;10,40;Rohdaten
2020-07-12;10,41;Rohdaten
2020-07-13;10,43;Rohdaten
2020-07-14;10,41;Rohdaten
2020-07-15;10,48;Rohdaten
2020-07-16;10,48;Rohdaten
2020-07-17;10,43;Rohdaten
2020-07-18;10,48;Rohdaten
2020-07-19;10,48;Rohdaten
2020-07-20;10,45;Rohdaten
2020-07-21;10,44;Rohdaten
2020-07-22;10,41;Rohdaten
2020-07-23;10,47;Rohdaten
2020-07-24;10,42;Rohdaten
2020-07-25;10,41;Rohdaten
2020-07-26;10,38;Rohdaten
2020-07-27;10,38;Rohdaten
2020-07-28;10,36;Rohdaten
2020-07-29;10,48;Rohdaten
2020-07-30;10,30;Rohdaten
2020-07-31;10,27;Rohdaten
2020-08-01;10,28;Rohdaten
2020-08-02;10,26;Rohdaten
2020-08-03;10,28;Rohdaten
2020-08-04;10,21;Rohdaten
2020-08-05;10,29;Rohdaten
2020-08-06;10,33;Rohdaten
2020-08-07;10,23;Rohdaten
2020-08-08;10,18;Rohdaten
2020-08-09;10,19;Rohdaten
2020-08-10;10,15;Rohdaten
2020-08-11;10,12;Rohdaten
2020-08-12;10,18;Rohdaten
2020-08-13;10,25;Rohdaten
2020-08-14;10,27;Rohdaten
2020-08-15;10,19;Rohdaten
2020-08-16;10,20;Rohdaten
2020-08-17;10,19;Rohdaten
2020-08-18;10,20;Rohdaten
2020-08-19;10,19;Rohdaten
2020-08-20;10,05;Rohdaten
2020-08-21;9,98;Rohdaten
2020-08-22;10,00;Rohdaten
2020-08-23;9,98;Rohdaten
2020-08-24;9,97;Rohdaten
2020-08-25;10,05;Rohdaten
2020-08-26;10,05;Rohdaten
2020-08-27;10,01;Rohdaten
2020-08-28;10,05;Rohdaten
2020-08-29;10,04;Rohdaten
2020-08-30;10,03;Rohdaten
2020-08-31;10,09;Rohdaten
2020-09-01;10,07;Rohdaten
2020-09-02;10,06;Rohdaten
2020-09-03;10,06;Rohdaten
2020-09-04;10,07;Rohdaten
2020-09-05;10,11;Rohdaten
2020-09-06;10,06;Rohdaten
2020-09-07;10,06;Rohdaten
2020-09-08;10,03;Rohdaten
2020-09-09;10,02;Rohdaten
2020-09-10;10,01;Rohdaten
2020-09-11;9,88;Rohdaten
2020-09-12;9,97;Rohdaten
2020-09-13;9,95;Rohdaten
2020-09-14;9,97;Rohdaten
2020-09-15;10,00;Rohdaten
2020-09-16;9,98;Rohdaten
2020-09-17;9,93;Rohdaten
2020-09-18;9,91;Rohdaten
2020-09-19;9,96;Rohdaten
2020-09-20;9,98;Rohdaten
2020-09-21;9,92;Rohdaten
2020-09-22;9,85;Rohdaten
2020-09-23;9,95;Rohdaten
2020-09-24;9,95;Rohdaten
2020-09-25;9,96;Rohdaten
2020-09-26;9,99;Rohdaten
2020-09-27;9,95;Rohdaten
2020-09-28;9,89;Rohdaten
2020-09-29;9,86;Rohdaten
2020-09-30;9,83;Rohdaten
2020-10-01;9,88;Rohdaten
2020-10-02;9,88;Rohdaten
2020-10-03;9,88;Rohdaten
2020-10-04;9,84;Rohdaten
2020-10-05;9,76;Rohdaten
2020-10-06;9,82;Rohdaten
2020-10-07;9,68;Rohdaten
2020-10-08;9,50;Rohdaten
2020-10-09;9,55;Rohdaten
2020-10-10;9,58;Rohdaten
2020-10-11;9,73;Rohdaten
2020-10-12;9,75;Rohdaten
2020-10-13;9,75;Rohdaten
2020-10-14;9,75;Rohdaten
2020-10-15;9,75;Rohdaten
2020-10-16;9,71;Rohdaten
2020-10-17;9,70;Rohdaten
2020-10-18;9,68;Rohdaten
2020-10-19;9,68;Rohdaten
2020-10-20;9,72;Rohdaten
2020-10-21;9,70;Rohdaten
2020-10-22;9,66;Rohdaten
2020-10-23;9,65;Rohdaten
2020-10-24;9,64;Rohdaten
2020-10-25;9,66;Rohdaten
2020-10-26;9,65;Rohdaten
2020-10-27;9,63;Rohdaten
2020-10-28;9,63;Rohdaten
2020-10-29;9,61;Rohdaten
2020-10-30;9,60;Rohdaten
2020-10-31;9,60;Rohdaten
2020-11-01;9,60;Rohdaten
2020-11-02;9,60;Rohdaten
2020-11-03;9,55;Rohdaten
2020-11-04;9,46;Rohdaten
2020-11-05;9,52;Rohdaten
2020-11-06;9,58;Rohdaten
2020-11-07;9,65;Rohdaten
2020-11-08;9,58;Rohdaten
2020-11-09;9,56;Rohdaten
2020-11-10;9,53;Rohdaten
2020-11-11;9,53;Rohdaten
2020-11-12;9,55;Rohdaten
2020-11-13;9,52;Rohdaten
2020-11-14;9,51;Rohdaten
2020-11-15;9,52;Rohdaten
2020-11-16;9,51;Rohdaten
2020-11-17;9,49;Rohdaten
2020-11-18;9,52;Rohdaten
2020-11-19;9,54;Rohdaten
2020-11-20;9,48;Rohdaten
2020-11-21;9,53;Rohdaten
2020-11-22;9,54;Rohdaten
2020-11-23;9,55;Rohdaten
2020-11-24;9,57;Rohdaten
2020-11-25;9,50;Rohdaten
2020-11-26;9,35;Rohdaten
2020-11-27;9,58;Rohdaten
2020-11-28;9,47;Rohdaten
2020-11-29;9,44;Rohdaten
2020-11-30;9,47;Rohdaten
2020-12-01;9,45;Rohdaten
2020-12-02;9,40;Rohdaten
2020-12-03;9,44;Rohdaten
2020-12-04;9,47;Rohdaten
2020-12-05;9,40;Rohdaten
2020-12-06;9,43;Rohdaten
2020-12-07;9,35;Rohdaten
2020-12-08;9,38;Rohdaten
2020-12-09;9,38;Rohdaten
2020-12-10;9,37;Rohdaten
2020-12-11;9,39;Rohdaten
2020-12-12;9,35;Rohdaten
2020-12-13;9,25;Rohdaten
2020-12-14;9,26;Rohdaten
2020-12-15;9,37;Rohdaten
2020-12-16;9,37;Rohdaten
2020-12-17;9,35;Rohdaten
2020-12-18;9,23;Rohdaten
2020-12-19;9,21;Rohdaten
2020-12-20;9,18;Rohdaten
2020-12-21;9,17;Rohdaten
2020-12-22;9,23;Rohdaten
2020-12-23;9,30;Rohdaten
2020-12-24;9,30;Rohdaten
2020-12-25;9,29;Rohdaten
2020-12-26;9,18;Rohdaten
2020-12-27;9,36;Rohdaten
2020-12-28;9,44;Rohdaten
2020-12-29;9,34;Rohdaten
2020-12-30;9,30;Rohdaten
2020-12-31;9,33;Rohdaten
2021-01-01;9,31;Rohdaten
2021-01-02;9,23;Rohdaten
2021-01-03;9,26;Rohdaten
2021-01-04;9,24;Rohdaten
2021-01-05;9,27;Rohdaten
2021-01-06;9,18;Rohdaten
2021-01-07;9,20;Rohdaten
2021-01-08;9,20;Rohdaten
2021-01-09;9,19;Rohdaten
2021-01-10;9,26;Rohdaten
2021-01-11;9,32;Rohdaten
2021-01-12;9,31;Rohdaten
2021-01-13;9,20;Rohdaten
2021-01-14;9,21;Rohdaten
2021-01-15;9,20;Rohdaten
2021-01-16;9,25;Rohdaten
2021-01-17;9,27;Rohdaten
2021-01-18;9,25;Rohdaten
2021-01-19;9,28;Rohdaten
2021-01-20;9,30;Rohdaten
2021-01-21;9,30;Rohdaten
2021-01-22;9,30;Rohdaten
2021-01-23;9,21;Rohdaten
2021-01-24;9,31;Rohdaten
2021-01-25;9,37;Rohdaten
2021-01-26;9,25;Rohdaten
2021-01-27;9,31;Rohdaten
2021-01-28;9,39;Rohdaten
2021-01-29;9,79;Rohdaten
2021-01-30;10,11;Rohdaten
2021-01-31;9,97;Rohdaten
2021-02-01;9,82;Rohdaten
2021-02-02;9,81;Rohdaten
2021-02-03;10,04;Rohdaten
2021-02-04;10,27;Rohdaten
2021-02-05;10,09;Rohdaten
2021-02-06;10,00;Rohdaten
2021-02-07;10,02;Rohdaten
2021-02-08;10,03;Rohdaten
2021-02-09;9,98;Rohdaten
2021-02-10;9,98;Rohdaten
2021-02-11;9,90;Rohdaten
2021-02-12;9,90;Rohdaten
2021-02-13;9,89;Rohdaten
2021-02-14;9,89;Rohdaten
2021-02-15;9,97;Rohdaten
2021-02-16;9,90;Rohdaten
2021-02-17;9,92;Rohdaten
2021-02-18;10,01;Rohdaten
2021-02-19;10,01;Rohdaten
2021-02-20;10,01;Rohdaten
2021-02-21;10,02;Rohdaten
2021-02-22;10,02;Rohdaten
2021-02-23;10,00;Rohdaten
2021-02-24;10,04;Rohdaten
2021-02-25;10,09;Rohdaten
2021-02-26;10,07;Rohdaten
2021-02-27;10,00;Rohdaten
2021-02-28;10,09;Rohdaten
2021-03-01;10,08;Rohdaten
2021-03-02;10,12;Rohdaten
2021-03-03;10,14;Rohdaten
2021-03-04;10,17;Rohdaten
2021-03-05;10,17;Rohdaten
2021-03-06;10,18;Rohdaten
2021-03-07;10,24;Rohdaten
2021-03-08;10,20;Rohdaten
2021-03-09;10,25;Rohdaten
2021-03-10;10,29;Rohdaten
2021-03-11;10,30;Rohdaten
2021-03-12;10,32;Rohdaten
2021-03-13;10,38;Rohdaten
2021-03-14;10,34;Rohdaten
2021-03-15;10,37;Rohdaten
2021-03-16;10,35;Rohdaten
2021-03-17;10,34;Rohdaten
2021-03-18;10,37;Rohdaten
2021-03-19;10,34;Rohdaten
2021-03-20;10,37;Rohdaten
2021-03-21;10,48;Rohdaten
2021-03-22;10,41;Rohdaten
2021-03-23;10,38;Rohdaten
2021-03-24;10,41;Rohdaten
2021-03-25;10,34;Rohdaten
2021-03-26;10,32;Rohdaten
2021-03-27;10,25;Rohdaten
2021-03-28;10,28;Rohdaten
2021-03-29;10,25;Rohdaten
2021-03-30;10,25;Rohdaten
2021-03-31;10,33;Rohdaten
2021-04-01;10,21;Rohdaten
2021-04-02;10,19;Rohdaten
2021-04-03;10,23;Rohdaten
2021-04-04;10,27;Rohdaten
2021-04-05;10,30;Rohdaten
2021-04-06;10,21;Rohdaten
2021-04-07;10,28;Rohdaten
2021-04-08;10,34;Rohdaten
2021-04-09;10,35;Rohdaten
2021-04-10;10,35;Rohdaten
2021-04-11;10,40;Rohdaten
2021-04-12;10,27;Rohdaten
2021-04-13;10,34;Rohdaten
2021-04-14;10,40;Rohdaten
2021-04-15;10,38;Rohdaten
2021-04-16;10,36;Rohdaten
2021-04-17;10,30;Rohdaten
2021-04-18;10,34;Rohdaten
2021-04-19;10,34;Rohdaten
2021-04-20;10,36;Rohdaten
2021-04-21;10,35;Rohdaten
2021-04-22;10,30;Rohdaten
2021-04-23;10,28;Rohdaten
2021-04-24;10,30;Rohdaten
2021-04-25;10,30;Rohdaten
2021-04-26;10,33;Rohdaten
2021-04-27;10,35;Rohdaten
2021-04-28;10,38;Rohdaten
2021-04-29;10,38;Rohdaten
2021-04-30;10,40;Rohdaten
2021-05-01;10,33;Rohdaten
2021-05-02;10,50;Rohdaten
2021-05-03;10,39;Rohdaten
2021-05-04;10,37;Rohdaten
2021-05-05;10,35;Rohdaten
2021-05-06;10,34;Rohdaten
2021-05-07;10,31;Rohdaten
2021-05-08;10,32;Rohdaten
2021-05-09;10,40;Rohdaten
2021-05-10;10,39;Rohdaten
2021-05-11;10,35;Rohdaten
2021-05-12;10,35;Rohdaten
2021-05-13;10,46;Rohdaten
2021-05-14;10,47;Rohdaten
2021-05-15;10,35;Rohdaten
2021-05-16;10,45;Rohdaten
2021-05-17;10,41;Rohdaten
2021-05-18;10,32;Rohdaten
2021-05-19;10,35;Rohdaten
2021-05-20;10,33;Rohdaten
2021-05-21;10,36;Rohdaten
2021-05-22;10,31;Rohdaten
2021-05-23;10,26;Rohdaten
2021-05-24;10,23;Rohdaten
2021-05-25;10,25;Rohdaten
2021-05-26;10,30;Rohdaten
2021-05-27;10,28;Rohdaten
2021-05-28;10,29;Rohdaten
2021-05-29;10,25;Rohdaten
2021-05-30;10,25;Rohdaten
2021-05-31;10,16;Rohdaten
2021-06-01;10,08;Rohdaten
2021-06-02;10,08;Rohdaten
2021-06-03;10,03;Rohdaten
2021-06-04;10,04;Rohdaten
2021-06-05;10,00;Rohdaten
2021-06-06;9,87;Rohdaten
2021-06-07;9,99;Rohdaten
2021-06-08;10,03;Rohdaten
2021-06-09;9,99;Rohdaten
2021-06-10;9,96;Rohdaten
2021-06-11;10,00;Rohdaten
2021-06-12;10,07;Rohdaten
2021-06-13;9,93;Rohdaten
2021-06-14;9,90;Rohdaten
2021-06-15;9,78;Rohdaten
2021-06-16;9,95;Rohdaten
2021-06-17;9,91;Rohdaten
2021-06-18;9,89;Rohdaten
2021-06-19;9,90;Rohdaten
2021-06-20;9,90;Rohdaten
2021-06-21;9,89;Rohdaten
2021-06-22;9,86;Rohdaten
2021-06-23;9,89;Rohdaten
2021-06-24;9,98;Rohdaten
2021-06-25;9,93;Rohdaten
2021-06-26;9,88;Rohdaten
2021-06-27;9,94;Rohdaten
2021-06-28;9,88;Rohdaten
2021-06-29;9,85;Rohdaten
2021-06-30;9,92;Rohdaten
2021-07-01;9,93;Rohdaten
2021-07-02;9,87;Rohdaten
2021-07-03;9,90;Rohdaten
2021-07-04;9,88;Rohdaten
2021-07-05;9,84;Rohdaten
2021-07-06;9,83;Rohdaten
2021-07-07;9,86;Rohdaten
2021-07-08;9,84;Rohdaten
2021-07-09;9,84;Rohdaten
2021-07-10;9,86;Rohdaten
2021-07-11;9,84;Rohdaten
2021-07-12;9,88;Rohdaten
2021-07-13;9,98;Rohdaten
2021-07-14;10,02;Rohdaten
2021-07-15;10,03;Rohdaten
2021-07-16;10,01;Rohdaten
2021-07-17;10,03;Rohdaten
2021-07-18;9,94;Rohdaten
2021-07-19;9,98;Rohdaten
2021-07-20;9,97;Rohdaten
2021-07-21;9,80;Rohdaten
2021-07-22;9,70;Rohdaten
2021-07-23;9,71;Rohdaten
2021-07-24;9,73;Rohdaten
2021-07-25;9,59;Rohdaten
2021-07-26;9,66;Rohdaten
2021-07-27;9,75;Rohdaten
2021-07-28;9,75;Rohdaten
2021-07-29;9,73;Rohdaten
2021-07-30;9,72;Rohdaten
2021-07-31;9,69;Rohdaten
2021-08-01;9,69;Rohdaten
2021-08-02;9,70;Rohdaten
2021-08-03;9,74;Rohdaten
2021-08-04;9,67;Rohdaten
2021-08-05;9,64;Rohdaten
2021-08-06;9,69;Rohdaten
2021-08-07;9,66;Rohdaten
2021-08-08;9,61;Rohdaten
2021-08-09;9,59;Rohdaten
2021-08-10;9,59;Rohdaten
2021-08-11;9,60;Rohdaten
2021-08-12;9,55;Rohdaten
2021-08-13;9,52;Rohdaten
2021-08-14;9,52;Rohdaten
2021-08-15;9,51;Rohdaten
2021-08-16;9,54;Rohdaten
2021-08-17;9,54;Rohdaten
2021-08-18;9,65;Rohdaten
2021-08-19;9,56;Rohdaten
2021-08-20;9,54;Rohdaten
2021-08-21;9,56;Rohdaten
2021-08-22;9,59;Rohdaten
2021-08-23;9,60;Rohdaten
2021-08-24;9,59;Rohdaten
2021-08-25;9,63;Rohdaten
2021-08-26;9,61;Rohdaten
2021-08-27;9,59;Rohdaten
2021-08-28;9,61;Rohdaten
2021-08-29;9,67;Rohdaten
2021-08-30;9,64;Rohdaten
2021-08-31;9,54;Rohdaten
2021-09-01;9,52;Rohdaten
2021-09-02;9,51;Rohdaten
2021-09-03;9,50;Rohdaten
2021-09-04;9,47;Rohdaten
2021-09-05;9,45;Rohdaten
2021-09-06;9,43;Rohdaten
2021-09-07;9,41;Rohdaten
2021-09-08;9,45;Rohdaten
2021-09-09;9,43;Rohdaten
2021-09-10;9,41;Rohdaten
2021-09-11;9,46;Rohdaten
2021-09-12;9,43;Rohdaten
2021-09-13;9,43;Rohdaten
2021-09-14;9,43;Rohdaten
2021-09-15;9,42;Rohdaten
2021-09-16;9,34;Rohdaten
2021-09-17;9,37;Rohdaten
2021-09-18;9,39;Rohdaten
2021-09-19;9,34;Rohdaten
2021-09-20;9,34;Rohdaten
2021-09-21;9,34;Rohdaten
2021-09-22;9,39;Rohdaten
2021-09-23;9,41;Rohdaten
2021-09-24;9,39;Rohdaten
2021-09-25;9,40;Rohdaten
2021-09-26;9,43;Rohdaten
2021-09-27;9,48;Rohdaten
2021-09-28;9,45;Rohdaten
2021-09-29;9,45;Rohdaten
2021-09-30;9,41;Rohdaten
2021-10-01;9,47;Rohdaten
2021-10-02;9,46;Rohdaten
2021-10-03;9,42;Rohdaten
2021-10-04;9,39;Rohdaten
2021-10-05;9,40;Rohdaten
2021-10-06;9,34;Rohdaten
2021-10-07;9,33;Rohdaten
2021-10-08;9,35;Rohdaten
2021-10-09;9,39;Rohdaten
2021-10-10;9,40;Rohdaten
2021-10-11;9,47;Rohdaten
2021-10-12;9,40;Rohdaten
2021-10-13;9,37;Rohdaten
2021-10-14;9,26;Rohdaten
2021-10-15;9,36;Rohdaten
2021-10-16;9,35;Rohdaten
2021-10-17;9,24;Rohdaten
2021-10-18;9,30;Rohdaten
2021-10-19;9,39;Rohdaten
2021-10-20;9,32;Rohdaten
2021-10-21;9,44;Rohdaten
2021-10-22;9,42;Rohdaten
2021-10-23;9,40;Rohdaten
2021-10-24;9,43;Rohdaten
2021-10-25;9,47;Rohdaten
2021-10-26;9,42;Rohdaten
2021-10-27;9,43;Rohdaten
2021-10-28;9,44;Rohdaten
2021-10-29;9,45;Rohdaten
2021-10-30;9,45;Rohdaten
2021-10-31;9,47;Rohdaten
2021-11-01;9,47;Rohdaten
2021-11-02;9,45;Rohdaten
2021-11-03;9,46;Rohdaten
2021-11-04;9,51;Rohdaten
2021-11-05;9,54;Rohdaten
2021-11-06;9,53;Rohdaten
2021-11-07;9,58;Rohdaten
2021-11-08;9,40;Rohdaten
2021-11-09;9,35;Rohdaten
2021-11-10;9,29;Rohdaten
2021-11-11;9,28;Rohdaten
2021-11-12;9,29;Rohdaten
2021-11-13;9,29;Rohdaten
2021-11-14;9,26;Rohdaten
2021-11-15;9,22;Rohdaten
2021-11-16;9,21;Rohdaten
2021-11-17;9,16;Rohdaten
2021-11-18;9,18;Rohdaten
2021-11-19;9,20;Rohdaten
2021-11-20;9,26;Rohdaten
2021-11-21;9,26;Rohdaten
2021-11-22;9,18;Rohdaten
2021-11-23;9,16;Rohdaten
2021-11-24;9,23;Rohdaten
2021-11-25;9,26;Rohdaten
2021-11-26;9,30;Rohdaten
2021-11-27;9,23;Rohdaten
2021-11-28;9,23;Rohdaten
2021-11-29;9,16;Rohdaten
2021-11-30;9,17;Rohdaten
2021-12-01;9,24;Rohdaten
2021-12-02;9,25;Rohdaten
2021-12-03;9,21;Rohdaten
2021-12-04;9,26;Rohdaten
2021-12-05;9,20;Rohdaten
2021-12-06;9,18;Rohdaten
2021-12-07;9,21;Rohdaten
2021-12-08;9,21;Rohdaten
2021-12-09;9,19;Rohdaten
2021-12-10;9,23;Rohdaten
2021-12-11;9,10;Rohdaten
2021-12-12;9,13;Rohdaten
2021-12-13;9,14;Rohdaten
2021-12-14;9,15;Rohdaten
2021-12-15;9,11;Rohdaten
2021-12-16;9,12;Rohdaten
2021-12-17;9,12;Rohdaten
2021-12-18;9,12;Rohdaten
2021-12-19;9,13;Rohdaten
2021-12-20;9,10;Rohdaten
2021-12-21;9,15;Rohdaten
2021-12-22;9,23;Rohdaten
2021-12-23;9,24;Rohdaten
2021-12-24;9,22;Rohdaten
2021-12-25;9,20;Rohdaten
2021-12-26;9,20;Rohdaten
2021-12-27;9,20;Rohdaten
2021-12-28;9,22;Rohdaten
2021-12-29;9,40;Rohdaten
2021-12-30;9,39;Rohdaten
2021-12-31;9,38;Rohdaten
2022-01-01;9,32;Rohdaten
2022-01-02;9,38;Rohdaten
2022-01-03;9,42;Rohdaten
2022-01-04;9,60;Rohdaten
2022-01-05;9,78;Rohdaten
2022-01-06;9,71;Rohdaten
2022-01-07;9,77;Rohdaten
2022-01-08;9,74;Rohdaten
2022-01-09;9,79;Rohdaten
2022-01-10;9,77;Rohdaten
2022-01-11;9,76;Rohdaten
2022-01-12;9,76;Rohdaten
2022-01-13;9,78;Rohdaten
2022-01-14;9,81;Rohdaten
2022-01-15;9,87;Rohdaten
2022-01-16;9,84;Rohdaten
2022-01-17;9,80;Rohdaten
2022-01-18;9,85;Rohdaten
2022-01-19;9,94;Rohdaten
2022-01-20;9,92;Rohdaten
2022-01-21;9,90;Rohdaten
2022-01-22;9,93;Rohdaten
2022-01-23;9,88;Rohdaten
2022-01-24;9,88;Rohdaten
2022-01-25;9,85;Rohdaten
2022-01-26;9,85;Rohdaten
2022-01-27;9,98;Rohdaten
2022-01-28;9,89;Rohdaten
2022-01-29;9,98;Rohdaten
2022-01-30;10,01;Rohdaten
2022-01-31;10,10;Rohdaten
2022-02-01;10,07;Rohdaten
2022-02-02;10,15;Rohdaten
2022-02-03;10,20;Rohdaten
2022-02-04;10,26;Rohdaten
2022-02-05;10,20;Rohdaten
2022-02-06;10,32;Rohdaten
2022-02-07;10,29;Rohdaten
2022-02-08;10,36;Rohdaten
2022-02-09;10,42;Rohdaten
2022-02-10;10,44;Rohdaten
2022-02-11;10,43;Rohdaten
2022-02-12;10,47;Rohdaten
2022-02-13;10,53;Rohdaten
2022-02-14;10,58;Rohdaten
2022-02-15;10,51;Rohdaten
2022-02-16;10,60;Rohdaten
2022-02-17;10,66;Rohdaten
2022-02-18;10,75;Rohdaten
2022-02-19;10,68;Rohdaten
2022-02-20;10,77;Rohdaten
2022-02-21;10,83;Rohdaten
2022-02-22;10,80;Rohdaten
2022-02-23;10,74;Rohdaten
2022-02-24;10,85;Rohdaten
2022-02-25;10,85;Rohdaten
2022-02-26;10,87;Rohdaten
2022-02-27;10,77;Rohdaten
2022-02-28;10,93;Rohdaten
2022-03-01;11,02;Rohdaten
2022-03-02;10,97;Rohdaten
2022-03-03;11,02;Rohdaten
2022-03-04;10,92;Rohdaten
2022-03-05;11,00;Rohdaten
2022-03-06;11,02;Rohdaten
2022-03-07;11,01;Rohdaten
2022-03-08;11,00;Rohdaten
2022-03-09;11,49;Rohdaten
2022-03-10;11,76;Rohdaten
2022-03-11;11,77;Rohdaten
2022-03-14;11,73;Rohdaten
2022-03-15;11,84;Rohdaten
2022-03-16;11,81;Rohdaten
2022-03-17;11,81;Rohdaten
2022-03-18;11,77;Rohdaten
2022-03-19;11,81;Rohdaten
2022-03-20;11,83;Rohdaten
2022-03-21;11,80;Rohdaten
2022-03-22;11,71;Rohdaten
2022-03-23;11,56;Rohdaten
2022-03-24;11,48;Rohdaten
2022-03-25;11,45;Rohdaten
2022-03-26;11,45;Rohdaten
2022-03-27;11,50;Rohdaten
2022-03-28;11,58;Rohdaten
2022-03-29;11,64;Rohdaten
2022-03-30;11,68;Rohdaten
2022-03-31;11,69;Rohdaten
2022-04-01;11,63;Rohdaten
2022-04-02;11,61;Rohdaten
2022-04-03;11,64;Rohdaten
2022-04-04;11,69;Rohdaten
2022-04-05;11,71;Rohdaten
2022-04-06;11,75;Rohdaten
2022-04-07;11,79;Rohdaten
2022-04-08;11,78;Rohdaten
2022-04-09;11,76;Rohdaten
2022-04-10;11,78;Rohdaten
2022-04-11;11,78;Rohdaten
2022-04-12;11,78;Rohdaten
2022-04-13;11,75;Rohdaten
2022-04-14;11,73;Rohdaten
2022-04-15;11,74;Rohdaten
2022-04-16;11,69;Rohdaten
2022-04-17;11,75;Rohdaten
2022-04-18;11,78;Rohdaten
2022-04-19;11,77;Rohdaten
2022-04-20;11,77;Rohdaten
2022-04-21;11,78;Rohdaten
2022-04-22;11,79;Rohdaten
2022-04-23;11,80;Rohdaten
2022-04-24;11,85;Rohdaten
2022-04-25;11,78;Rohdaten
2022-04-26;11,83;Rohdaten
2022-04-27;11,91;Rohdaten
2022-04-28;11,83;Rohdaten
2022-04-29;11,83;Rohdaten
2022-04-30;11,85;Rohdaten
2022-05-01;11,85;Rohdaten
2022-05-02;11,87;Rohdaten
2022-05-03;11,85;Rohdaten
2022-05-04;11,84;Rohdaten
2022-05-05;11,83;Rohdaten
2022-05-06;11,80;Rohdaten
2022-05-07;11,81;Rohdaten
2022-05-08;11,78;Rohdaten
2022-05-09;11,79;Rohdaten
2022-05-10;11,82;Rohdaten
2022-05-11;11,72;Rohdaten
2022-05-12;11,83;Rohdaten
2022-05-13;11,88;Rohdaten
2022-05-14;11,82;Rohdaten
2022-05-15;11,77;Rohdaten
2022-05-16;11,71;Rohdaten
2022-05-17;11,69;Rohdaten
2022-05-18;11,70;Rohdaten
2022-05-19;11,71;Rohdaten
2022-05-20;11,76;Rohdaten
2022-05-21;11,80;Rohdaten
2022-05-22;11,77;Rohdaten
2022-05-23;11,73;Rohdaten
2022-05-24;11,67;Rohdaten
2022-05-25;11,67;Rohdaten
2022-05-26;11,73;Rohdaten
2022-05-27;11,72;Rohdaten
2022-05-28;11,73;Rohdaten
2022-05-29;11,74;Rohdaten
2022-05-30;11,73;Rohdaten
2022-05-31;11,72;Rohdaten
2022-06-01;11,65;Rohdaten
2022-06-02;11,61;Rohdaten
2022-06-03;11,64;Rohdaten
2022-06-04;11,67;Rohdaten
2022-06-05;11,64;Rohdaten
2022-06-06;11,61;Rohdaten
2022-06-07;11,58;Rohdaten
2022-06-08;11,60;Rohdaten
2022-06-09;11,54;Rohdaten
2022-06-10;11,51;Rohdaten
2022-06-11;11,52;Rohdaten
2022-06-12;11,54;Rohdaten
2022-06-13;11,53;Rohdaten
2022-06-14;11,56;Rohdaten
2022-06-15;11,56;Rohdaten
2022-06-16;11,53;Rohdaten
2022-06-17;11,50;Rohdaten
2022-06-18;11,55;Rohdaten
2022-06-19;11,57;Rohdaten
2022-06-20;11,51;Rohdaten
2022-06-21;11,47;Rohdaten
2022-06-22;11,49;Rohdaten
2022-06-23;11,50;Rohdaten
2022-06-24;11,51;Rohdaten
2022-06-25;11,49;Rohdaten
2022-06-26;11,44;Rohdaten
2022-06-27;11,40;Rohdaten
2022-06-28;11,38;Rohdaten
2022-06-29;11,44;Rohdaten
2022-06-30;11,45;Rohdaten
2022-07-01;11,40;Rohdaten
2022-07-02;11,43;Rohdaten
2022-07-03;11,43;Rohdaten
2022-07-04;11,40;Rohdaten
2022-07-05;11,41;Rohdaten
2022-07-06;11,38;Rohdaten
2022-07-07;11,41;Rohdaten
2022-07-08;11,45;Rohdaten
2022-07-09;11,44;Rohdaten
2022-07-10;11,40;Rohdaten
2022-07-11;11,37;Rohdaten
2022-07-12;11,36;Rohdaten
2022-07-13;11,31;Rohdaten
2022-07-14;11,31;Rohdaten
2022-07-15;11,27;Rohdaten
2022-07-16;11,28;Rohdaten
2022-07-17;11,28;Rohdaten
2022-07-18;11,22;Rohdaten
2022-07-19;11,24;Rohdaten
2022-07-20;11,24;Rohdaten
2022-07-21;11,21;Rohdaten
2022-07-22;11,22;Rohdaten
2022-07-23;11,22;Rohdaten
2022-07-24;11,21;Rohdaten
2022-07-25;11,21;Rohdaten
2022-07-26;11,19;Rohdaten
2022-07-27;11,19;Rohdaten
2022-07-28;11,20;Rohdaten
2022-07-29;11,17;Rohdaten
2022-07-30;11,16;Rohdaten
2022-07-31;11,17;Rohdaten
2022-08-01;11,13;Rohdaten
2022-08-02;11,11;Rohdaten
2022-08-03;11,11;Rohdaten
2022-08-04;11,10;Rohdaten
2022-08-05;11,06;Rohdaten
2022-08-06;11,01;Rohdaten
2022-08-07;11,04;Rohdaten
2022-08-08;11,03;Rohdaten
2022-08-09;11,01;Rohdaten
2022-08-10;11,04;Rohdaten
2022-08-11;11,04;Rohdaten
2022-08-12;11,01;Rohdaten
2022-08-13;11,02;Rohdaten
2022-08-14;11,01;Rohdaten
2022-08-15;11,01;Rohdaten
2022-08-16;10,97;Rohdaten
2022-08-17;10,98;Rohdaten
2022-08-18;10,95;Rohdaten
2022-08-19;10,93;Rohdaten
2022-08-20;10,95;Rohdaten
2022-08-21;10,97;Rohdaten
2022-08-22;10,97;Rohdaten
2022-08-23;10,94;Rohdaten
2022-08-24;10,91;Rohdaten
2022-08-25;10,99;Rohdaten
2022-08-26;11,05;Rohdaten
2022-08-27;11,05;Rohdaten
2022-08-28;11,00;Rohdaten
2022-08-29;10,98;Rohdaten
2022-08-30;10,97;Rohdaten
2022-08-31;11,03;Rohdaten
2022-09-01;11,08;Rohdaten
2022-09-02;11,09;Rohdaten
2022-09-03;11,10;Rohdaten
2022-09-04;11,08;Rohdaten
2022-09-05;11,08;Rohdaten
2022-09-06;11,05;Rohdaten
2022-09-07;11,04;Rohdaten
2022-09-08;11,05;Rohdaten
2022-09-09;11,04;Rohdaten
2022-09-10;11,03;Rohdaten
2022-09-11;11,05;Rohdaten
2022-09-12;11,05;Rohdaten
2022-09-13;11,08;Rohdaten
2022-09-14;11,07;Rohdaten
2022-09-15;11,07;Rohdaten
2022-09-16;11,04;Rohdaten
2022-09-17;11,03;Rohdaten
2022-09-18;11,05;Rohdaten
2022-09-19;11,07;Rohdaten
2022-09-20;11,01;Rohdaten
2022-09-21;11,00;Rohdaten
2022-09-22;11,05;Rohdaten
2022-09-23;11,04;Rohdaten
2022-09-24;11,02;Rohdaten
2022-09-25;11,02;Rohdaten
2022-09-26;11,01;Rohdaten
2022-09-27;11,10;Rohdaten
2022-09-28;11,17;Rohdaten
2022-09-29;11,18;Rohdaten
2022-09-30;11,16;Rohdaten
2022-10-01;11,15;Rohdaten
2022-10-02;11,14;Rohdaten
2022-10-03;11,12;Rohdaten
2022-10-04;11,10;Rohdaten
2022-10-05;11,12;Rohdaten
2022-10-06;11,06;Rohdaten
2022-10-07;11,10;Rohdaten
2022-10-08;11,05;Rohdaten
2022-10-09;11,04;Rohdaten
2022-10-10;11,09;Rohdaten
2022-10-11;11,03;Rohdaten
2022-10-12;11,03;Rohdaten
2022-10-13;11,04;Rohdaten
2022-10-14;11,03;Rohdaten
2022-10-15;11,03;Rohdaten
2022-10-16;11,00;Rohdaten
2022-10-17;10,97;Rohdaten
2022-10-18;10,97;Rohdaten
2022-10-19;10,98;Rohdaten
2022-10-20;11,01;Rohdaten
2022-10-21;11,03;Rohdaten
2022-10-22;10,98;Rohdaten
2022-10-23;11,01;Rohdaten
2022-10-24;10,97;Rohdaten
2022-10-25;10,94;Rohdaten
2022-10-26;10,94;Rohdaten
2022-10-27;10,91;Rohdaten
2022-10-28;10,91;Rohdaten
2022-10-29;10,90;Rohdaten
2022-10-30;10,90;Rohdaten
2022-10-31;10,90;Rohdaten
2022-11-01;10,87;Rohdaten
2022-11-02;10,86;Rohdaten
2022-11-03;10,94;Rohdaten
2022-11-04;10,90;Rohdaten
2022-11-05;10,84;Rohdaten
2022-11-06;10,87;Rohdaten
2022-11-07;10,85;Rohdaten
2022-11-08;10,87;Rohdaten
2022-11-09;10,86;Rohdaten
2022-11-10;10,78;Rohdaten
2022-11-11;10,79;Rohdaten
2022-11-12;10,82;Rohdaten
2022-11-13;10,87;Rohdaten
2022-11-14;10,88;Rohdaten
2022-11-15;10,85;Rohdaten
2022-11-16;10,88;Rohdaten
2022-11-17;10,88;Rohdaten
2022-11-18;10,86;Rohdaten
2022-11-19;11,07;Rohdaten
2022-11-20;11,04;Rohdaten
2022-11-21;11,06;Rohdaten
2022-11-22;11,04;Rohdaten
2022-11-23;9,11;Rohdaten
2022-11-24;9,50;Rohdaten
2022-11-25;10,95;Rohdaten
2022-11-26;10,92;Rohdaten
2022-11-27;10,95;Rohdaten
2022-11-28;10,99;Rohdaten
2022-11-29;10,91;Rohdaten
2022-11-30;10,89;Rohdaten
2022-12-01;10,78;Rohdaten
2022-12-02;10,63;Rohdaten
2022-12-03;10,66;Rohdaten
2022-12-04;10,69;Rohdaten
2022-12-05;10,63;Rohdaten
2022-12-06;10,64;Rohdaten
2022-12-07;10,60;Rohdaten
2022-12-08;10,66;Rohdaten
2022-12-09;10,66;Rohdaten
2022-12-10;10,60;Rohdaten
2022-12-11;10,60;Rohdaten
2022-12-12;10,62;Rohdaten
2022-12-13;10,66;Rohdaten
2022-12-14;10,71;Rohdaten
2022-12-15;10,67;Rohdaten
2022-12-16;10,62;Rohdaten
2022-12-17;10,59;Rohdaten
2022-12-18;10,62;Rohdaten
2022-12-19;10,64;Rohdaten
2022-12-20;10,62;Rohdaten
2022-12-21;10,62;Rohdaten
2022-12-22;10,70;Rohdaten
2022-12-23;10,78;Rohdaten
2022-12-24;10,85;Rohdaten
2022-12-25;10,78;Rohdaten
2022-12-26;10,76;Rohdaten
2022-12-27;10,75;Rohdaten
2022-12-28;10,83;Rohdaten
2022-12-29;10,83;Rohdaten
2022-12-30;10,81;Rohdaten
2022-12-31;10,80;Rohdaten
