﻿Quelle:;"Bayerisches Landesamt für Umwelt, www.gkd.bayern.de"
Datenbankabfrage:;"24.02.2023 15:39"
Zeitbezug:;MEZ
Messstellen-Name:;"Bergmannsquellen 9/16"
Messstellen-Nr.:;2521
Ostwert:;684820;Nordwert:;5506414;"ETRS89 / UTM Zone 32N"

Datum;"Quellschüttung [l/s]";Prüfstatus
2023-02-01;40,94;Rohdaten
2023-02-02;41,86;Rohdaten
2023-02-03;53,63;Rohdaten
2023-02-04;233,09;Rohdaten
2023-02-05;161,21;Rohdaten
2023-02-06;52,02;Rohdaten
2023-02-07;50,57;Rohdaten
2023-02-08;50,06;Rohdaten
2023-02-09;49,07;Rohdaten
2023-02-10;48,45;Rohdaten
2023-02-11;48,32;Rohdaten
2023-02-12;48,27;Rohdaten
2023-02-13;47,51;Rohdaten
2023-02-14;47,33;Rohdaten
2023-02-15;47,79;Rohdaten
2023-02-16;46,86;Rohdaten
2023-02-17;44,88;Rohdaten
2023-02-18;45,13;Rohdaten
2023-02-19;45,05;Rohdaten
2023-02-20;45,12;Rohdaten
2023-02-21;45,77;Rohdaten
2023-02-22;46,34;Rohdaten
2023-02-23;46,05;Rohdaten
