﻿Quelle:;"Bayerisches Landesamt für Umwelt, www.gkd.bayern.de"
Datenbankabfrage:;"24.02.2023 16:00"
Zeitbezug:;MEZ
Messstellen-Name:;"Bergmannsquellen 9/16"
Messstellen-Nr.:;2521
Ostwert:;684820;Nordwert:;5506414;"ETRS89 / UTM Zone 32N"

Datum;"Quellschüttung [l/s]";Prüfstatus
2023-01-01;36,70;Rohdaten
2023-01-02;36,39;Rohdaten
2023-01-03;35,33;Rohdaten
2023-01-04;35,38;Rohdaten
2023-01-05;35,77;Rohdaten
2023-01-06;36,23;Rohdaten
2023-01-07;36,75;Rohdaten
2023-01-08;37,67;Rohdaten
2023-01-09;38,97;Rohdaten
2023-01-10;37,18;Rohdaten
2023-01-11;37,28;Rohdaten
2023-01-12;37,37;Rohdaten
2023-01-13;38,02;Rohdaten
2023-01-14;38,04;Rohdaten
2023-01-15;39,97;Rohdaten
2023-01-16;42,12;Rohdaten
2023-01-17;62,32;Rohdaten
2023-01-18;66,24;Rohdaten
2023-01-19;65,14;Rohdaten
2023-01-20;36,87;Rohdaten
2023-01-21;36,26;Rohdaten
2023-01-22;35,81;Rohdaten
2023-01-23;37,26;Rohdaten
2023-01-24;37,48;Rohdaten
2023-01-25;36,41;Rohdaten
2023-01-26;35,10;Rohdaten
2023-01-27;42,16;Rohdaten
2023-01-28;41,59;Rohdaten
2023-01-29;41,36;Rohdaten
2023-01-30;41,38;Rohdaten
2023-01-31;40,24;Rohdaten
