﻿Quelle:;"Bayerisches Landesamt für Umwelt, www.gkd.bayern.de"
Datenbankabfrage:;"24.02.2023 15:39"
Zeitbezug:;MEZ
Messstellen-Name:;Blaubrunnen
Messstellen-Nr.:;11535
Ostwert:;666585;Nordwert:;5428448;"ETRS89 / UTM Zone 32N"

Datum;"Quellschüttung [l/s]";Prüfstatus
2023-02-01;4,08;Rohdaten
2023-02-02;3,86;Rohdaten
2023-02-03;6,27;Rohdaten
2023-02-04;9,89;Rohdaten
2023-02-05;12,74;Rohdaten
2023-02-06;12,74;Rohdaten
2023-02-07;12,74;Rohdaten
2023-02-08;12,65;Rohdaten
2023-02-09;12,34;Rohdaten
2023-02-10;10,60;Rohdaten
2023-02-11;10,60;Rohdaten
2023-02-12;8,97;Rohdaten
2023-02-13;8,69;Rohdaten
2023-02-14;8,69;Rohdaten
2023-02-15;8,62;Rohdaten
2023-02-16;7,04;Rohdaten
2023-02-17;7,01;Rohdaten
2023-02-18;6,94;Rohdaten
2023-02-19;6,55;Rohdaten
2023-02-20;5,53;Rohdaten
2023-02-21;5,53;Rohdaten
2023-02-22;4,87;Rohdaten
2023-02-23;4,26;Rohdaten
