﻿Quelle:;"Bayerisches Landesamt für Umwelt, www.gkd.bayern.de"
Datenbankabfrage:;"24.02.2023 15:39"
Zeitbezug:;MEZ
Messstellen-Name:;"Brunnbergquellen 9/19"
Messstellen-Nr.:;2524
Ostwert:;685010;Nordwert:;5503869;"ETRS89 / UTM Zone 32N"

Datum;"Quellschüttung [l/s]";Prüfstatus
2023-02-01;2,24;Rohdaten
2023-02-02;3,49;Rohdaten
2023-02-03;5,99;Rohdaten
2023-02-04;72,98;Rohdaten
2023-02-05;59,15;Rohdaten
2023-02-06;2,82;Rohdaten
2023-02-07;2,89;Rohdaten
2023-02-08;3,54;Rohdaten
2023-02-09;3,55;Rohdaten
2023-02-10;3,81;Rohdaten
2023-02-11;4,48;Rohdaten
2023-02-12;4,26;Rohdaten
2023-02-13;3,56;Rohdaten
2023-02-14;4,58;Rohdaten
2023-02-15;4,68;Rohdaten
2023-02-16;4,82;Rohdaten
2023-02-17;5,79;Rohdaten
2023-02-18;5,10;Rohdaten
2023-02-19;3,27;Rohdaten
2023-02-20;3,80;Rohdaten
2023-02-21;3,82;Rohdaten
2023-02-22;4,40;Rohdaten
2023-02-23;4,24;Rohdaten
