﻿Quelle:;"Bayerisches Landesamt für Umwelt, www.gkd.bayern.de"
Datenbankabfrage:;"24.02.2023 15:39"
Zeitbezug:;MEZ
Messstellen-Name:;"Dorfquelle Adlholz 9/21"
Messstellen-Nr.:;2500
Ostwert:;705149;Nordwert:;5495768;"ETRS89 / UTM Zone 32N"

Datum;"Quellschüttung [l/s]";Prüfstatus
2023-02-01;3,54;Rohdaten
2023-02-02;3,56;Rohdaten
2023-02-03;4,37;Rohdaten
2023-02-04;5,27;Rohdaten
2023-02-05;5,14;Rohdaten
2023-02-06;5,02;Rohdaten
2023-02-07;4,98;Rohdaten
2023-02-08;4,87;Rohdaten
2023-02-09;4,82;Rohdaten
2023-02-10;4,75;Rohdaten
2023-02-11;4,67;Rohdaten
2023-02-12;4,59;Rohdaten
2023-02-13;4,51;Rohdaten
2023-02-14;4,41;Rohdaten
2023-02-15;4,37;Rohdaten
2023-02-16;4,30;Rohdaten
2023-02-17;4,24;Rohdaten
2023-02-18;4,22;Rohdaten
2023-02-19;4,23;Rohdaten
2023-02-20;4,25;Rohdaten
2023-02-21;4,24;Rohdaten
2023-02-22;4,27;Rohdaten
2023-02-23;4,27;Rohdaten
