﻿Quelle:;"Bayerisches Landesamt für Umwelt, www.gkd.bayern.de"
Datenbankabfrage:;"24.02.2023 15:39"
Zeitbezug:;MEZ
Messstellen-Name:;"Ellernbachquelle Rossdach 3/6"
Messstellen-Nr.:;5502
Ostwert:;649879;Nordwert:;5543368;"ETRS89 / UTM Zone 32N"

Datum;"Quellschüttung [l/s]";Prüfstatus
2023-02-01;54,97;Rohdaten
2023-02-02;62,59;Rohdaten
2023-02-03;105,81;Rohdaten
2023-02-04;146,05;Rohdaten
2023-02-05;145,13;Rohdaten
2023-02-06;136,56;Rohdaten
2023-02-07;125,49;Rohdaten
2023-02-08;113,46;Rohdaten
2023-02-09;102,39;Rohdaten
2023-02-10;93,93;Rohdaten
2023-02-11;87,38;Rohdaten
2023-02-12;77,07;Rohdaten
2023-02-13;67,72;Rohdaten
2023-02-14;64,90;Rohdaten
2023-02-15;62,58;Rohdaten
2023-02-16;61,07;Rohdaten
2023-02-17;59,51;Rohdaten
2023-02-18;58,85;Rohdaten
2023-02-19;59,15;Rohdaten
2023-02-20;61,72;Rohdaten
2023-02-21;65,22;Rohdaten
2023-02-22;67,16;Rohdaten
2023-02-23;67,29;Rohdaten
