﻿Quelle:;"Bayerisches Landesamt für Umwelt, www.gkd.bayern.de"
Datenbankabfrage:;"24.02.2023 15:39"
Zeitbezug:;MEZ
Messstellen-Name:;Gori-Quelle
Messstellen-Nr.:;20562
Ostwert:;719463;Nordwert:;5433398;"ETRS89 / UTM Zone 32N"

Datum;"Quellschüttung [l/s]";Prüfstatus
2023-02-01;4,89;Rohdaten
2023-02-02;4,97;Rohdaten
2023-02-03;5,52;Rohdaten
2023-02-04;5,45;Rohdaten
2023-02-05;5,16;Rohdaten
2023-02-06;5,18;Rohdaten
2023-02-07;5,31;Rohdaten
2023-02-08;5,62;Rohdaten
2023-02-09;5,91;Rohdaten
2023-02-10;6,06;Rohdaten
2023-02-11;6,10;Rohdaten
2023-02-12;6,05;Rohdaten
2023-02-13;6,01;Rohdaten
2023-02-14;5,98;Rohdaten
2023-02-15;5,94;Rohdaten
2023-02-16;5,93;Rohdaten
2023-02-17;5,89;Rohdaten
2023-02-18;5,85;Rohdaten
2023-02-19;5,86;Rohdaten
2023-02-20;5,83;Rohdaten
2023-02-21;5,84;Rohdaten
2023-02-22;5,84;Rohdaten
2023-02-23;5,81;Rohdaten
