﻿Quelle:;"Bayerisches Landesamt für Umwelt, www.gkd.bayern.de"
Datenbankabfrage:;"24.02.2023 16:00"
Zeitbezug:;MEZ
Messstellen-Name:;"Hetzlesquellen 1-5"
Messstellen-Nr.:;5560
Ostwert:;654843;Nordwert:;5501296;"ETRS89 / UTM Zone 32N"

Datum;"Quellschüttung [l/s]";Prüfstatus
2023-01-01;6,20;Rohdaten
2023-01-02;6,43;Rohdaten
2023-01-03;6,63;Rohdaten
2023-01-04;6,86;Rohdaten
2023-01-05;7,04;Rohdaten
2023-01-06;7,19;Rohdaten
2023-01-07;7,28;Rohdaten
2023-01-08;6,57;Rohdaten
2023-01-09;6,42;Rohdaten
2023-01-10;6,31;Rohdaten
2023-01-11;6,49;Rohdaten
2023-01-12;6,42;Rohdaten
2023-01-13;6,61;Rohdaten
2023-01-14;6,71;Rohdaten
2023-01-15;6,63;Rohdaten
2023-01-16;6,85;Rohdaten
2023-01-17;7,75;Rohdaten
2023-01-18;7,08;Rohdaten
2023-01-19;7,86;Rohdaten
2023-01-20;8,05;Rohdaten
2023-01-21;8,94;Rohdaten
2023-01-22;8,83;Rohdaten
2023-01-23;9,12;Rohdaten
2023-01-24;9,29;Rohdaten
2023-01-25;9,36;Rohdaten
2023-01-26;9,44;Rohdaten
2023-01-27;9,47;Rohdaten
2023-01-28;9,46;Rohdaten
2023-01-29;9,49;Rohdaten
2023-01-30;9,41;Rohdaten
2023-01-31;9,45;Rohdaten
