﻿Quelle:;"Bayerisches Landesamt für Umwelt, www.gkd.bayern.de"
Datenbankabfrage:;"24.02.2023 15:39"
Zeitbezug:;MEZ
Messstellen-Name:;"Karstquelle Obereichstätt"
Messstellen-Nr.:;11530
Ostwert:;656412;Nordwert:;5417687;"ETRS89 / UTM Zone 32N"

Datum;"Quellschüttung [l/s]";Prüfstatus
2023-02-01;626,13;Rohdaten
2023-02-02;625,38;Rohdaten
2023-02-03;643,66;Rohdaten
2023-02-04;673,53;Rohdaten
2023-02-05;694,25;Rohdaten
2023-02-06;706,64;Rohdaten
2023-02-07;703,02;Rohdaten
2023-02-08;698,63;Rohdaten
2023-02-09;700,70;Rohdaten
2023-02-10;694,12;Rohdaten
2023-02-11;692,22;Rohdaten
2023-02-12;684,24;Rohdaten
2023-02-13;675,15;Rohdaten
2023-02-14;674,30;Rohdaten
2023-02-15;676,60;Rohdaten
2023-02-16;670,46;Rohdaten
2023-02-17;668,46;Rohdaten
2023-02-18;661,82;Rohdaten
2023-02-19;661,11;Rohdaten
2023-02-20;653,47;Rohdaten
2023-02-21;654,79;Rohdaten
2023-02-22;649,18;Rohdaten
2023-02-23;654,04;Rohdaten
