﻿Quelle:;"Bayerisches Landesamt für Umwelt, www.gkd.bayern.de"
Datenbankabfrage:;"24.02.2023 16:00"
Zeitbezug:;MEZ
Messstellen-Name:;"Karstquelle Ettling"
Messstellen-Nr.:;11507
Ostwert:;695332;Nordwert:;5410760;"ETRS89 / UTM Zone 32N"

Datum;"Quellschüttung [l/s]";Prüfstatus
2023-01-01;86,77;Rohdaten
2023-01-02;86,08;Rohdaten
2023-01-03;83,58;Rohdaten
2023-01-04;84,27;Rohdaten
2023-01-05;86,77;Rohdaten
2023-01-06;86,77;Rohdaten
2023-01-07;86,77;Rohdaten
2023-01-08;86,77;Rohdaten
2023-01-09;86,22;Rohdaten
2023-01-10;86,22;Rohdaten
2023-01-11;84,77;Rohdaten
2023-01-12;86,28;Rohdaten
2023-01-13;88,46;Rohdaten
2023-01-14;89,36;Rohdaten
2023-01-15;92,22;Rohdaten
2023-01-16;92,84;Rohdaten
2023-01-17;92,61;Rohdaten
2023-01-18;88,28;Rohdaten
2023-01-19;82,80;Rohdaten
2023-01-20;81,40;Rohdaten
2023-01-21;81,40;Rohdaten
2023-01-22;81,40;Rohdaten
2023-01-23;81,40;Rohdaten
2023-01-24;81,40;Rohdaten
2023-01-25;81,40;Rohdaten
2023-01-26;81,65;Rohdaten
2023-01-27;81,65;Rohdaten
2023-01-28;79,68;Rohdaten
2023-01-29;77,38;Rohdaten
2023-01-30;76,81;Rohdaten
2023-01-31;81,79;Rohdaten
