﻿Quelle:;"Bayerisches Landesamt für Umwelt, www.gkd.bayern.de"
Datenbankabfrage:;"24.02.2023 16:00"
Zeitbezug:;MEZ
Messstellen-Name:;"Strössendorf Quelle"
Messstellen-Nr.:;5561
Ostwert:;658179;Nordwert:;5555469;"ETRS89 / UTM Zone 32N"

Datum;"Quellschüttung [l/s]";Prüfstatus
2014-11-10;0,05;Rohdaten
2014-11-11;0,05;Rohdaten
2014-11-12;0,05;Rohdaten
2014-11-13;0,04;Rohdaten
2014-11-14;0,04;Rohdaten
2014-11-15;0,04;Rohdaten
2014-11-16;0,04;Rohdaten
2014-11-17;0,04;Rohdaten
2014-11-18;0,04;Rohdaten
2014-11-19;0,04;Rohdaten
2014-11-20;0,04;Rohdaten
2014-11-21;0,04;Rohdaten
2014-11-22;0,04;Rohdaten
2014-11-23;0,04;Rohdaten
2014-11-24;0,04;Rohdaten
2014-11-25;0,04;Rohdaten
2014-11-26;0,04;Rohdaten
2014-11-27;0,05;Rohdaten
2014-11-28;0,05;Rohdaten
2014-11-29;0,05;Rohdaten
2014-11-30;0,05;Rohdaten
2014-12-01;0,05;Rohdaten
2014-12-02;0,05;Rohdaten
2014-12-03;0,05;Rohdaten
2014-12-04;0,05;Rohdaten
2014-12-05;0,05;Rohdaten
2014-12-06;0,05;Rohdaten
2014-12-07;0,05;Rohdaten
2014-12-08;0,05;Rohdaten
2014-12-09;0,04;Rohdaten
2014-12-10;0,05;Rohdaten
2014-12-11;0,05;Rohdaten
2014-12-12;0,05;Rohdaten
2014-12-13;0,05;Rohdaten
2014-12-14;0,04;Rohdaten
2014-12-15;0,04;Rohdaten
2014-12-16;0,04;Rohdaten
2014-12-17;0,04;Rohdaten
2014-12-18;0,04;Rohdaten
2014-12-19;0,04;Rohdaten
2014-12-20;0,04;Rohdaten
2014-12-21;0,04;Rohdaten
2014-12-22;0,04;Rohdaten
2014-12-23;0,04;Rohdaten
2014-12-24;0,04;Rohdaten
2014-12-25;0,04;Rohdaten
2014-12-26;0,04;Rohdaten
2014-12-27;0,05;Rohdaten
2014-12-28;0,04;Rohdaten
2014-12-29;0,04;Rohdaten
2014-12-30;0,04;Rohdaten
2014-12-31;0,04;Rohdaten
2015-01-01;0,04;Rohdaten
2015-01-02;0,04;Rohdaten
2015-01-03;0,04;Rohdaten
2015-01-04;0,04;Rohdaten
2015-01-05;0,04;Rohdaten
2015-01-06;0,04;Rohdaten
2015-01-07;0,04;Rohdaten
2015-01-08;0,04;Rohdaten
2015-01-09;0,04;Rohdaten
2015-01-10;0,04;Rohdaten
2015-01-11;0,04;Rohdaten
2015-01-12;0,04;Rohdaten
2015-01-13;0,05;Rohdaten
2015-01-14;0,05;Rohdaten
2015-01-15;0,05;Rohdaten
2015-01-16;0,06;Rohdaten
2015-01-17;0,06;Rohdaten
2015-01-18;0,06;Rohdaten
2015-01-19;0,07;Rohdaten
2015-01-20;0,07;Rohdaten
2015-01-21;0,07;Rohdaten
2015-01-22;0,08;Rohdaten
2015-01-23;0,08;Rohdaten
2015-01-24;0,08;Rohdaten
2015-01-25;0,08;Rohdaten
2015-01-26;0,09;Rohdaten
2015-01-27;0,09;Rohdaten
2015-01-28;0,09;Rohdaten
2015-01-29;0,11;Rohdaten
2015-01-30;0,12;Rohdaten
2015-01-31;0,12;Rohdaten
2015-02-01;0,12;Rohdaten
2015-02-02;0,12;Rohdaten
2015-02-03;0,12;Rohdaten
2015-02-04;0,12;Rohdaten
2015-02-05;0,12;Rohdaten
2015-02-06;0,12;Rohdaten
2015-02-07;0,12;Rohdaten
2015-02-08;0,13;Rohdaten
2015-02-09;0,13;Rohdaten
2015-02-10;0,13;Rohdaten
2015-02-11;0,13;Rohdaten
2015-02-12;0,13;Rohdaten
2015-02-13;0,13;Rohdaten
2015-02-14;0,13;Rohdaten
2015-02-15;0,14;Rohdaten
2015-02-16;0,14;Rohdaten
2015-02-17;0,13;Rohdaten
2015-02-18;0,13;Rohdaten
2015-02-19;0,14;Rohdaten
2015-02-20;0,14;Rohdaten
2015-02-21;0,15;Rohdaten
2015-02-22;0,15;Rohdaten
2015-02-23;0,16;Rohdaten
2015-02-24;0,16;Rohdaten
2015-02-25;0,15;Rohdaten
2015-02-26;0,15;Rohdaten
2015-02-27;0,16;Rohdaten
2015-02-28;0,15;Rohdaten
2015-03-01;0,16;Rohdaten
2015-03-02;0,16;Rohdaten
2015-03-03;0,15;Rohdaten
2015-03-04;0,15;Rohdaten
2015-03-05;0,15;Rohdaten
2015-03-06;0,15;Rohdaten
2015-03-07;0,15;Rohdaten
2015-03-08;0,15;Rohdaten
2015-03-09;0,15;Rohdaten
2015-03-10;0,15;Rohdaten
2015-03-11;0,15;Rohdaten
2015-03-12;0,15;Rohdaten
2015-03-13;0,15;Rohdaten
2015-03-14;0,15;Rohdaten
2015-03-15;0,15;Rohdaten
2015-03-16;0,15;Rohdaten
2015-03-17;0,15;Rohdaten
2015-03-18;0,15;Rohdaten
2015-03-19;0,15;Rohdaten
2015-03-20;0,15;Rohdaten
2015-03-21;0,15;Rohdaten
2015-03-22;0,15;Rohdaten
2015-03-23;0,15;Rohdaten
2015-03-24;0,15;Rohdaten
2015-03-25;0,15;Rohdaten
2015-03-26;0,15;Rohdaten
2015-03-27;0,15;Rohdaten
2015-03-28;0,14;Rohdaten
2015-03-29;0,15;Rohdaten
2015-03-30;0,15;Rohdaten
2015-03-31;0,15;Rohdaten
2015-04-01;0,14;Rohdaten
2015-04-02;0,14;Rohdaten
2015-04-03;0,13;Rohdaten
2015-04-04;0,13;Rohdaten
2015-04-05;0,13;Rohdaten
2015-04-06;0,13;Rohdaten
2015-04-07;0,13;Rohdaten
2015-04-08;0,13;Rohdaten
2015-04-09;0,13;Rohdaten
2015-04-10;0,13;Rohdaten
2015-04-11;0,13;Rohdaten
2015-04-12;0,13;Rohdaten
2015-04-13;0,13;Rohdaten
2015-04-14;0,13;Rohdaten
2015-04-15;0,13;Rohdaten
2015-04-16;0,13;Rohdaten
2015-04-17;0,13;Rohdaten
2015-04-18;0,13;Rohdaten
2015-04-19;0,13;Rohdaten
2015-04-20;0,13;Rohdaten
2015-04-21;0,13;Rohdaten
2015-04-22;0,12;Rohdaten
2015-04-23;0,13;Rohdaten
2015-04-24;0,13;Rohdaten
2015-04-25;0,13;Rohdaten
2015-04-26;0,13;Rohdaten
2015-04-27;0,13;Rohdaten
2015-04-28;0,12;Rohdaten
2015-04-29;0,12;Rohdaten
2015-04-30;0,12;Rohdaten
2015-05-01;0,12;Rohdaten
2015-05-02;0,12;Rohdaten
2015-05-03;0,12;Rohdaten
2015-05-04;0,12;Rohdaten
2015-05-05;0,12;Rohdaten
2015-05-06;0,11;Rohdaten
2015-05-07;0,11;Rohdaten
2015-05-08;0,11;Rohdaten
2015-05-09;0,11;Rohdaten
2015-05-10;0,10;Rohdaten
2015-05-11;0,10;Rohdaten
2015-05-12;0,10;Rohdaten
2015-05-13;0,10;Rohdaten
2015-05-14;0,10;Rohdaten
2015-05-15;0,10;Rohdaten
2015-05-16;0,10;Rohdaten
2015-05-17;0,10;Rohdaten
2015-05-18;0,10;Rohdaten
2015-05-19;0,11;Rohdaten
2015-05-20;0,10;Rohdaten
2015-05-21;0,10;Rohdaten
2015-05-22;0,10;Rohdaten
2015-05-23;0,10;Rohdaten
2015-05-24;0,10;Rohdaten
2015-05-25;0,10;Rohdaten
2015-05-26;0,10;Rohdaten
2015-05-27;0,10;Rohdaten
2015-05-28;0,10;Rohdaten
2015-05-29;0,10;Rohdaten
2015-05-30;0,10;Rohdaten
2015-05-31;0,10;Rohdaten
2015-06-01;0,10;Rohdaten
2015-06-02;0,10;Rohdaten
2015-06-03;0,10;Rohdaten
2015-06-04;0,09;Rohdaten
2015-06-05;0,09;Rohdaten
2015-06-06;0,10;Rohdaten
2015-06-07;0,09;Rohdaten
2015-06-08;0,09;Rohdaten
2015-06-09;0,09;Rohdaten
2015-06-10;0,09;Rohdaten
2015-06-11;0,09;Rohdaten
2015-06-12;0,10;Rohdaten
2015-06-13;0,10;Rohdaten
2015-06-14;0,10;Rohdaten
2015-06-15;0,09;Rohdaten
2015-06-16;0,09;Rohdaten
2015-06-17;0,09;Rohdaten
2015-06-18;0,09;Rohdaten
2015-06-19;0,09;Rohdaten
2015-06-20;0,09;Rohdaten
2015-06-21;0,09;Rohdaten
2015-06-22;0,09;Rohdaten
2015-06-23;0,09;Rohdaten
2015-06-24;0,09;Rohdaten
2015-06-25;0,09;Rohdaten
2015-06-26;0,09;Rohdaten
2015-06-27;0,09;Rohdaten
2015-06-28;0,08;Rohdaten
2015-06-29;0,08;Rohdaten
2015-06-30;0,08;Rohdaten
2015-07-01;0,08;Rohdaten
2015-07-02;0,07;Rohdaten
2015-07-03;0,07;Rohdaten
2015-07-04;0,07;Rohdaten
2015-07-05;0,07;Rohdaten
2015-07-06;0,06;Rohdaten
2015-07-07;0,06;Rohdaten
2015-07-08;0,06;Rohdaten
2015-07-09;0,06;Rohdaten
2015-07-10;0,06;Rohdaten
2015-07-11;0,06;Rohdaten
2015-07-12;0,06;Rohdaten
2015-07-13;0,06;Rohdaten
2015-07-14;0,06;Rohdaten
2015-07-15;0,06;Rohdaten
2015-07-16;0,06;Rohdaten
2015-07-17;0,06;Rohdaten
2015-07-18;0,06;Rohdaten
2015-07-19;0,06;Rohdaten
2015-07-20;0,06;Rohdaten
2015-07-21;0,06;Rohdaten
2015-07-22;0,05;Rohdaten
2015-07-23;0,05;Rohdaten
2015-07-24;0,05;Rohdaten
2015-07-25;0,05;Rohdaten
2015-07-26;0,05;Rohdaten
2015-07-27;0,06;Rohdaten
2015-07-28;0,06;Rohdaten
2015-07-29;0,06;Rohdaten
2015-07-30;0,06;Rohdaten
2015-07-31;0,06;Rohdaten
2015-08-01;0,06;Rohdaten
2015-08-02;0,06;Rohdaten
2015-08-03;0,06;Rohdaten
2015-08-04;0,05;Rohdaten
2015-08-05;0,05;Rohdaten
2015-08-06;0,05;Rohdaten
2015-08-07;0,05;Rohdaten
2015-08-08;0,05;Rohdaten
2015-08-09;0,05;Rohdaten
2015-08-10;0,04;Rohdaten
2015-08-11;0,04;Rohdaten
2015-08-12;0,04;Rohdaten
2015-08-13;0,04;Rohdaten
2015-08-14;0,04;Rohdaten
2015-08-15;0,04;Rohdaten
2015-08-16;0,04;Rohdaten
2015-08-17;0,04;Rohdaten
2015-08-18;0,04;Rohdaten
2015-08-19;0,04;Rohdaten
2015-08-20;0,04;Rohdaten
2015-08-21;0,04;Rohdaten
2015-08-22;0,04;Rohdaten
2015-08-23;0,04;Rohdaten
2015-08-24;0,04;Rohdaten
2015-08-25;0,04;Rohdaten
2015-08-26;0,04;Rohdaten
2015-08-27;0,04;Rohdaten
2015-08-28;0,04;Rohdaten
2015-08-29;0,04;Rohdaten
2015-08-30;0,04;Rohdaten
2015-08-31;0,04;Rohdaten
2015-09-01;0,04;Rohdaten
2015-09-02;0,04;Rohdaten
2015-09-03;0,04;Rohdaten
2015-09-04;0,04;Rohdaten
2015-09-05;0,04;Rohdaten
2015-09-06;0,04;Rohdaten
2015-09-07;0,04;Rohdaten
2015-09-08;0,04;Rohdaten
2015-09-09;0,04;Rohdaten
2015-09-10;0,04;Rohdaten
2015-09-11;0,04;Rohdaten
2015-09-12;0,04;Rohdaten
2015-09-13;0,04;Rohdaten
2015-09-14;0,04;Rohdaten
2015-09-15;0,04;Rohdaten
2015-09-16;0,04;Rohdaten
2015-09-17;0,04;Rohdaten
2015-09-18;0,04;Rohdaten
2015-09-19;0,04;Rohdaten
2015-09-20;0,04;Rohdaten
2015-09-21;0,04;Rohdaten
2015-09-22;0,04;Rohdaten
2015-09-23;0,04;Rohdaten
2015-09-24;0,04;Rohdaten
2015-09-25;0,04;Rohdaten
2015-09-26;0,04;Rohdaten
2015-09-27;0,03;Rohdaten
2015-09-28;0,03;Rohdaten
2015-09-29;0,03;Rohdaten
2015-09-30;0,03;Rohdaten
2015-10-01;0,03;Rohdaten
2015-10-02;0,03;Rohdaten
2015-10-03;0,03;Rohdaten
2015-10-04;0,03;Rohdaten
2015-10-05;0,03;Rohdaten
2015-10-06;0,03;Rohdaten
2015-10-07;0,03;Rohdaten
2015-10-08;0,03;Rohdaten
2015-10-09;0,03;Rohdaten
2015-10-10;0,03;Rohdaten
2015-10-11;0,03;Rohdaten
2015-10-12;0,03;Rohdaten
2015-10-13;0,03;Rohdaten
2015-10-14;0,03;Rohdaten
2015-10-15;0,03;Rohdaten
2015-10-16;0,03;Rohdaten
2015-10-17;0,03;Rohdaten
2015-10-18;0,03;Rohdaten
2015-10-19;0,03;Rohdaten
2015-10-20;0,03;Rohdaten
2015-10-21;0,03;Rohdaten
2015-10-22;0,03;Rohdaten
2015-10-23;0,03;Rohdaten
2015-10-24;0,03;Rohdaten
2015-10-25;0,03;Rohdaten
2015-10-26;0,03;Rohdaten
2015-10-27;0,02;Rohdaten
2015-10-28;0,02;Rohdaten
2015-10-29;0,02;Rohdaten
2015-10-30;0,02;Rohdaten
2015-10-31;0,02;Rohdaten
2015-11-01;0,02;Rohdaten
2015-11-02;0,02;Rohdaten
2015-11-03;0,02;Rohdaten
2015-11-04;0,02;Rohdaten
2015-11-05;0,02;Rohdaten
2015-11-06;0,02;Rohdaten
2015-11-07;0,02;Rohdaten
2015-11-08;0,02;Rohdaten
2015-11-09;0,02;Rohdaten
2015-11-10;0,02;Rohdaten
2015-11-11;0,02;Rohdaten
2015-11-12;0,02;Rohdaten
2015-11-13;0,02;Rohdaten
2015-11-14;0,02;Rohdaten
2015-11-15;0,02;Rohdaten
2015-11-16;0,02;Rohdaten
2015-11-17;0,02;Rohdaten
2015-11-18;0,02;Rohdaten
2015-11-19;0,02;Rohdaten
2015-11-20;0,03;Rohdaten
2015-11-21;0,03;Rohdaten
2015-11-22;0,03;Rohdaten
2015-11-23;0,03;Rohdaten
2015-11-24;0,02;Rohdaten
2015-11-25;0,03;Rohdaten
2015-11-26;0,03;Rohdaten
2015-11-27;0,02;Rohdaten
2015-11-28;0,02;Rohdaten
2015-11-29;0,03;Rohdaten
2015-11-30;0,03;Rohdaten
2015-12-01;0,03;Rohdaten
2015-12-02;0,03;Rohdaten
2015-12-03;0,03;Rohdaten
2015-12-04;0,03;Rohdaten
2015-12-05;0,03;Rohdaten
2015-12-06;0,03;Rohdaten
2015-12-07;0,03;Rohdaten
2015-12-08;0,03;Rohdaten
2015-12-09;0,03;Rohdaten
2015-12-10;0,03;Rohdaten
2015-12-11;0,03;Rohdaten
2015-12-12;0,03;Rohdaten
2015-12-13;0,03;Rohdaten
2015-12-14;0,03;Rohdaten
2015-12-15;0,03;Rohdaten
2015-12-16;0,03;Rohdaten
2015-12-17;0,03;Rohdaten
2015-12-18;0,03;Rohdaten
2015-12-19;0,03;Rohdaten
2015-12-20;0,03;Rohdaten
2015-12-21;0,03;Rohdaten
2015-12-22;0,03;Rohdaten
2015-12-23;0,03;Rohdaten
2015-12-24;0,03;Rohdaten
2015-12-25;0,03;Rohdaten
2015-12-26;0,03;Rohdaten
2015-12-27;0,03;Rohdaten
2015-12-28;0,03;Rohdaten
2015-12-29;0,03;Rohdaten
2015-12-30;0,03;Rohdaten
2015-12-31;0,04;Rohdaten
2016-01-01;0,04;Rohdaten
2016-01-02;0,05;Rohdaten
2016-01-03;0,06;Rohdaten
2016-01-04;0,10;Rohdaten
2016-01-05;0,09;Rohdaten
2016-01-06;0,07;Rohdaten
2016-01-07;0,08;Rohdaten
2016-01-08;0,06;Rohdaten
2016-01-09;0,06;Rohdaten
2016-01-10;0,07;Rohdaten
2016-01-11;0,09;Rohdaten
2016-01-12;0,07;Rohdaten
2016-01-13;0,05;Rohdaten
2016-01-14;0,04;Rohdaten
2016-01-15;0,05;Rohdaten
2016-01-16;0,03;Rohdaten
2016-01-17;0,03;Rohdaten
2016-01-18;0,03;Rohdaten
2016-01-19;0,04;Rohdaten
2016-01-20;0,04;Rohdaten
2016-01-21;0,03;Rohdaten
2016-01-22;0,03;Rohdaten
2016-01-23;0,03;Rohdaten
2016-01-24;0,03;Rohdaten
2016-01-25;0,04;Rohdaten
2016-01-26;0,05;Rohdaten
2016-01-27;0,06;Rohdaten
2016-01-28;0,06;Rohdaten
2016-01-29;0,05;Rohdaten
2016-01-30;0,08;Rohdaten
2016-01-31;0,10;Rohdaten
2016-02-01;0,09;Rohdaten
2016-02-02;0,10;Rohdaten
2016-02-03;0,10;Rohdaten
2016-02-04;0,09;Rohdaten
2016-02-05;0,10;Rohdaten
2016-02-06;0,11;Rohdaten
2016-02-07;0,12;Rohdaten
2016-02-08;0,13;Rohdaten
2016-02-09;0,14;Rohdaten
2016-02-10;0,16;Rohdaten
2016-02-11;0,16;Rohdaten
2016-02-12;0,18;Rohdaten
2016-02-13;0,18;Rohdaten
2016-02-14;0,18;Rohdaten
2016-02-15;0,17;Rohdaten
2016-02-16;0,17;Rohdaten
2016-02-17;0,20;Rohdaten
2016-02-18;0,22;Rohdaten
2016-02-19;0,23;Rohdaten
2016-02-20;0,26;Rohdaten
2016-02-21;0,29;Rohdaten
2016-02-22;0,33;Rohdaten
2016-02-23;0,34;Rohdaten
2016-02-24;0,36;Rohdaten
2016-02-25;0,38;Rohdaten
2016-02-26;0,39;Rohdaten
2016-02-27;0,41;Rohdaten
2016-02-28;0,42;Rohdaten
2016-02-29;0,44;Rohdaten
2016-03-01;0,44;Rohdaten
2016-03-02;0,44;Rohdaten
2016-03-03;0,44;Rohdaten
2016-03-04;0,43;Rohdaten
2016-03-05;0,43;Rohdaten
2016-03-06;0,44;Rohdaten
2016-03-07;0,43;Rohdaten
2016-03-08;0,43;Rohdaten
2016-03-09;0,43;Rohdaten
2016-03-10;0,43;Rohdaten
2016-03-11;0,45;Rohdaten
2016-03-12;0,45;Rohdaten
2016-03-13;0,45;Rohdaten
2016-03-14;0,45;Rohdaten
2016-03-15;0,45;Rohdaten
2016-03-16;0,45;Rohdaten
2016-03-17;0,45;Rohdaten
2016-03-18;0,46;Rohdaten
2016-03-19;0,45;Rohdaten
2016-03-20;0,44;Rohdaten
2016-03-21;0,43;Rohdaten
2016-03-22;0,43;Rohdaten
2016-03-23;0,42;Rohdaten
2016-03-24;0,41;Rohdaten
2016-03-25;0,40;Rohdaten
2016-03-26;0,39;Rohdaten
2016-03-27;0,40;Rohdaten
2016-03-28;0,40;Rohdaten
2016-03-29;0,40;Rohdaten
2016-03-30;0,40;Rohdaten
2016-03-31;0,40;Rohdaten
2016-04-01;0,37;Rohdaten
2016-04-02;0,35;Rohdaten
2016-04-03;0,32;Rohdaten
2016-04-04;0,29;Rohdaten
2016-04-05;0,26;Rohdaten
2016-04-06;0,24;Rohdaten
2016-04-07;0,22;Rohdaten
2016-04-08;0,21;Rohdaten
2016-04-09;0,20;Rohdaten
2016-04-10;0,19;Rohdaten
2016-04-11;0,17;Rohdaten
2016-04-12;0,16;Rohdaten
2016-04-13;0,15;Rohdaten
2016-04-14;0,15;Rohdaten
2016-04-15;0,15;Rohdaten
2016-04-16;0,14;Rohdaten
2016-04-17;0,14;Rohdaten
2016-04-18;0,14;Rohdaten
2016-04-19;0,14;Rohdaten
2016-04-20;0,14;Rohdaten
2016-04-21;0,14;Rohdaten
2016-04-22;0,15;Rohdaten
2016-04-23;0,15;Rohdaten
2016-04-24;0,16;Rohdaten
2016-04-25;0,17;Rohdaten
2016-04-26;0,19;Rohdaten
2016-04-27;0,20;Rohdaten
2016-04-28;0,21;Rohdaten
2016-04-29;0,21;Rohdaten
2016-04-30;0,22;Rohdaten
2016-05-01;0,22;Rohdaten
2016-05-02;0,22;Rohdaten
2016-05-03;0,22;Rohdaten
2016-05-04;0,22;Rohdaten
2016-05-05;0,23;Rohdaten
2016-05-06;0,24;Rohdaten
2016-05-07;0,26;Rohdaten
2016-05-08;0,29;Rohdaten
2016-05-09;0,32;Rohdaten
2016-05-10;0,34;Rohdaten
2016-05-11;0,36;Rohdaten
2016-05-12;0,39;Rohdaten
2016-05-13;0,39;Rohdaten
2016-05-14;0,40;Rohdaten
2016-05-15;0,40;Rohdaten
2016-05-16;0,40;Rohdaten
2016-05-17;0,41;Rohdaten
2016-05-18;0,44;Rohdaten
2016-05-19;0,46;Rohdaten
2016-05-20;0,46;Rohdaten
2016-05-21;0,48;Rohdaten
2016-05-22;0,44;Rohdaten
2016-05-23;0,43;Rohdaten
2016-05-24;0,40;Rohdaten
2016-05-25;0,38;Rohdaten
2016-05-26;0,36;Rohdaten
2016-05-27;0,35;Rohdaten
2016-05-28;0,34;Rohdaten
2016-05-29;0,34;Rohdaten
2016-05-30;0,33;Rohdaten
2016-05-31;0,29;Rohdaten
2016-06-01;0,24;Rohdaten
2016-06-02;0,22;Rohdaten
2016-06-03;0,22;Rohdaten
2016-06-04;0,22;Rohdaten
2016-06-05;0,21;Rohdaten
2016-06-06;0,21;Rohdaten
2016-06-07;0,20;Rohdaten
2016-06-08;0,20;Rohdaten
2016-06-09;0,20;Rohdaten
2016-06-10;0,20;Rohdaten
2016-06-11;0,20;Rohdaten
2016-06-12;0,19;Rohdaten
2016-06-13;0,19;Rohdaten
2016-06-14;0,19;Rohdaten
2016-06-15;0,18;Rohdaten
2016-06-16;0,18;Rohdaten
2016-06-17;0,18;Rohdaten
2016-06-18;0,17;Rohdaten
2016-06-19;0,18;Rohdaten
2016-06-20;0,20;Rohdaten
2016-06-21;0,20;Rohdaten
2016-06-22;0,21;Rohdaten
2016-06-23;0,21;Rohdaten
2016-06-24;0,22;Rohdaten
2016-06-25;0,22;Rohdaten
2016-06-26;0,23;Rohdaten
2016-06-27;0,23;Rohdaten
2016-06-28;0,23;Rohdaten
2016-06-29;0,24;Rohdaten
2016-06-30;0,24;Rohdaten
2016-07-01;0,24;Rohdaten
2016-07-02;0,23;Rohdaten
2016-07-03;0,23;Rohdaten
2016-07-04;0,23;Rohdaten
2016-07-05;0,23;Rohdaten
2016-07-06;0,23;Rohdaten
2016-07-07;0,22;Rohdaten
2016-07-08;0,22;Rohdaten
2016-07-09;0,22;Rohdaten
2016-07-10;0,22;Rohdaten
2016-07-11;0,21;Rohdaten
2016-07-12;0,20;Rohdaten
2016-07-13;0,20;Rohdaten
2016-07-14;0,20;Rohdaten
2016-07-15;0,20;Rohdaten
2016-07-16;0,20;Rohdaten
2016-07-17;0,20;Rohdaten
2016-07-18;0,20;Rohdaten
2016-07-19;0,20;Rohdaten
2016-07-20;0,20;Rohdaten
2016-07-21;0,20;Rohdaten
2016-07-22;0,20;Rohdaten
2016-07-23;0,20;Rohdaten
2016-07-24;0,20;Rohdaten
2016-07-25;0,19;Rohdaten
2016-07-26;0,19;Rohdaten
2016-07-27;0,19;Rohdaten
2016-07-28;0,19;Rohdaten
2016-07-29;0,19;Rohdaten
2016-07-30;0,19;Rohdaten
2016-07-31;0,18;Rohdaten
2016-08-01;0,18;Rohdaten
2016-08-02;0,17;Rohdaten
2016-08-03;0,16;Rohdaten
2016-08-04;0,16;Rohdaten
2016-08-05;0,16;Rohdaten
2016-08-06;0,15;Rohdaten
2016-08-07;0,15;Rohdaten
2016-08-08;0,15;Rohdaten
2016-08-09;0,15;Rohdaten
2016-08-10;0,15;Rohdaten
2016-08-11;0,15;Rohdaten
2016-08-12;0,15;Rohdaten
2016-08-13;0,14;Rohdaten
2016-08-14;0,14;Rohdaten
2016-08-15;0,14;Rohdaten
2016-08-16;0,14;Rohdaten
2016-08-17;0,14;Rohdaten
2016-08-18;0,14;Rohdaten
2016-08-19;0,14;Rohdaten
2016-08-20;0,14;Rohdaten
2016-08-21;0,13;Rohdaten
2016-08-22;0,13;Rohdaten
2016-08-23;0,13;Rohdaten
2016-08-24;0,13;Rohdaten
2016-08-25;0,13;Rohdaten
2016-08-26;0,13;Rohdaten
2016-08-27;0,12;Rohdaten
2016-08-28;0,12;Rohdaten
2016-08-29;0,12;Rohdaten
2016-08-30;0,12;Rohdaten
2016-08-31;0,12;Rohdaten
2016-09-01;0,12;Rohdaten
2016-09-02;0,12;Rohdaten
2016-09-03;0,12;Rohdaten
2016-09-04;0,11;Rohdaten
2016-09-05;0,11;Rohdaten
2016-09-06;0,11;Rohdaten
2016-09-07;0,11;Rohdaten
2016-09-08;0,11;Rohdaten
2016-09-09;0,11;Rohdaten
2016-09-10;0,11;Rohdaten
2016-09-11;0,10;Rohdaten
2016-09-12;0,10;Rohdaten
2016-09-13;0,10;Rohdaten
2016-09-14;0,10;Rohdaten
2016-09-15;0,10;Rohdaten
2016-09-16;0,10;Rohdaten
2016-09-17;0,10;Rohdaten
2016-09-18;0,10;Rohdaten
2016-09-19;0,10;Rohdaten
2016-09-20;0,09;Rohdaten
2016-09-21;0,09;Rohdaten
2016-09-22;0,09;Rohdaten
2016-09-23;0,09;Rohdaten
2016-09-24;0,09;Rohdaten
2016-09-25;0,09;Rohdaten
2016-09-26;0,09;Rohdaten
2016-09-27;0,09;Rohdaten
2016-09-28;0,09;Rohdaten
2016-09-29;0,09;Rohdaten
2016-09-30;0,09;Rohdaten
2016-10-01;0,09;Rohdaten
2016-10-02;0,09;Rohdaten
2016-10-03;0,09;Rohdaten
2016-10-04;0,08;Rohdaten
2016-10-05;0,08;Rohdaten
2016-10-06;0,08;Rohdaten
2016-10-07;0,08;Rohdaten
2016-10-08;0,08;Rohdaten
2016-10-09;0,08;Rohdaten
2016-10-10;0,08;Rohdaten
2016-10-11;0,08;Rohdaten
2016-10-12;0,08;Rohdaten
2016-10-13;0,08;Rohdaten
2016-10-14;0,08;Rohdaten
2016-10-15;0,08;Rohdaten
2016-10-16;0,08;Rohdaten
2016-10-17;0,08;Rohdaten
2016-10-18;0,07;Rohdaten
2016-10-19;0,07;Rohdaten
2016-10-20;0,07;Rohdaten
2016-10-21;0,07;Rohdaten
2016-10-22;0,07;Rohdaten
2016-10-23;0,07;Rohdaten
2016-10-24;0,07;Rohdaten
2016-10-25;0,07;Rohdaten
2016-10-26;0,07;Rohdaten
2016-10-27;0,07;Rohdaten
2016-10-28;0,07;Rohdaten
2016-10-29;0,07;Rohdaten
2016-10-30;0,07;Rohdaten
2016-10-31;0,07;Rohdaten
2016-11-01;0,07;Rohdaten
2016-11-02;0,07;Rohdaten
2016-11-03;0,07;Rohdaten
2016-11-04;0,07;Rohdaten
2016-11-05;0,07;Rohdaten
2016-11-06;0,07;Rohdaten
2016-11-07;0,07;Rohdaten
2016-11-08;0,07;Rohdaten
2016-11-09;0,07;Rohdaten
2016-11-10;0,07;Rohdaten
2016-11-11;0,07;Rohdaten
2016-11-12;0,07;Rohdaten
2016-11-13;0,06;Rohdaten
2016-11-14;0,06;Rohdaten
2016-11-15;0,06;Rohdaten
2016-11-16;0,06;Rohdaten
2016-11-17;0,07;Rohdaten
2016-11-18;0,07;Rohdaten
2016-11-19;0,06;Rohdaten
2016-11-20;0,06;Rohdaten
2016-11-21;0,06;Rohdaten
2016-11-22;0,06;Rohdaten
2016-11-23;0,06;Rohdaten
2016-11-24;0,06;Rohdaten
2016-11-25;0,06;Rohdaten
2016-11-26;0,06;Rohdaten
2016-11-27;0,06;Rohdaten
2016-11-28;0,06;Rohdaten
2016-11-29;0,06;Rohdaten
2016-11-30;0,06;Rohdaten
2016-12-01;0,06;Rohdaten
2016-12-02;0,06;Rohdaten
2016-12-03;0,06;Rohdaten
2016-12-04;0,06;Rohdaten
2016-12-05;0,06;Rohdaten
2016-12-06;0,06;Rohdaten
2016-12-07;0,06;Rohdaten
2016-12-08;0,06;Rohdaten
2016-12-09;0,06;Rohdaten
2016-12-10;0,06;Rohdaten
2016-12-11;0,06;Rohdaten
2016-12-12;0,06;Rohdaten
2016-12-13;0,06;Rohdaten
2016-12-14;0,06;Rohdaten
2016-12-15;0,06;Rohdaten
2016-12-16;0,05;Rohdaten
2016-12-17;0,05;Rohdaten
2016-12-18;0,05;Rohdaten
2016-12-19;0,05;Rohdaten
2016-12-20;0,05;Rohdaten
2016-12-21;0,05;Rohdaten
2016-12-22;0,05;Rohdaten
2016-12-23;0,05;Rohdaten
2016-12-24;0,05;Rohdaten
2016-12-25;0,05;Rohdaten
2016-12-26;0,05;Rohdaten
2016-12-27;0,05;Rohdaten
2016-12-28;0,05;Rohdaten
2016-12-29;0,05;Rohdaten
2016-12-30;;Rohdaten
2016-12-31;0,05;Rohdaten
2017-01-01;0,05;Rohdaten
2017-01-02;0,05;Rohdaten
2017-01-03;0,05;Rohdaten
2017-01-04;0,05;Rohdaten
2017-01-05;0,05;Rohdaten
2017-01-06;0,05;Rohdaten
2017-01-07;0,05;Rohdaten
2017-01-08;0,05;Rohdaten
2017-01-09;0,05;Rohdaten
2017-01-10;0,05;Rohdaten
2017-01-11;0,05;Rohdaten
2017-01-12;0,05;Rohdaten
2017-01-13;0,05;Rohdaten
2017-01-14;0,05;Rohdaten
2017-01-15;0,05;Rohdaten
2017-01-16;0,05;Rohdaten
2017-01-17;0,05;Rohdaten
2017-01-18;0,05;Rohdaten
2017-01-19;0,05;Rohdaten
2017-01-20;0,05;Rohdaten
2017-01-21;0,05;Rohdaten
2017-01-22;0,05;Rohdaten
2017-01-23;0,05;Rohdaten
2017-01-24;0,05;Rohdaten
2017-01-25;0,05;Rohdaten
2017-01-26;0,05;Rohdaten
2017-01-27;0,05;Rohdaten
2017-01-28;0,05;Rohdaten
2017-01-29;0,05;Rohdaten
2017-01-30;;Rohdaten
2017-01-31;0,05;Rohdaten
2017-02-01;0,05;Rohdaten
2017-02-02;0,04;Rohdaten
2017-02-03;0,05;Rohdaten
2017-02-04;0,04;Rohdaten
2017-02-05;0,04;Rohdaten
2017-02-06;0,04;Rohdaten
2017-02-07;0,04;Rohdaten
2017-02-08;0,04;Rohdaten
2017-02-09;0,04;Rohdaten
2017-02-10;0,04;Rohdaten
2017-02-11;0,04;Rohdaten
2017-02-12;0,04;Rohdaten
2017-02-13;0,04;Rohdaten
2017-02-14;0,04;Rohdaten
2017-02-15;0,04;Rohdaten
2017-02-16;0,04;Rohdaten
2017-02-17;0,04;Rohdaten
2017-02-18;0,04;Rohdaten
2017-02-19;0,04;Rohdaten
2017-02-20;0,04;Rohdaten
2017-02-21;0,04;Rohdaten
2017-02-22;0,04;Rohdaten
2017-02-23;0,04;Rohdaten
2017-02-24;0,04;Rohdaten
2017-02-25;0,04;Rohdaten
2017-02-26;0,04;Rohdaten
2017-02-27;0,04;Rohdaten
2017-02-28;0,04;Rohdaten
2017-03-01;0,04;Rohdaten
2017-03-02;0,04;Rohdaten
2017-03-03;0,04;Rohdaten
2017-03-04;0,04;Rohdaten
2017-03-05;0,04;Rohdaten
2017-03-06;0,04;Rohdaten
2017-03-07;0,04;Rohdaten
2017-03-08;0,04;Rohdaten
2017-03-09;0,04;Rohdaten
2017-03-10;0,04;Rohdaten
2017-03-11;0,04;Rohdaten
2017-03-12;0,04;Rohdaten
2017-03-13;0,04;Rohdaten
2017-03-14;0,04;Rohdaten
2017-03-15;0,05;Rohdaten
2017-03-16;0,05;Rohdaten
2017-03-17;0,05;Rohdaten
2017-03-18;0,05;Rohdaten
2017-03-19;;Rohdaten
2017-03-20;0,05;Rohdaten
2017-03-21;0,05;Rohdaten
2017-03-22;0,05;Rohdaten
2017-03-23;0,06;Rohdaten
2017-03-24;0,06;Rohdaten
2017-03-25;0,06;Rohdaten
2017-03-26;0,06;Rohdaten
2017-03-27;0,07;Rohdaten
2017-03-28;0,07;Rohdaten
2017-03-29;0,08;Rohdaten
2017-03-30;0,08;Rohdaten
2017-03-31;0,08;Rohdaten
2017-04-01;0,08;Rohdaten
2017-04-02;0,09;Rohdaten
2017-04-03;0,09;Rohdaten
2017-04-04;0,09;Rohdaten
2017-04-05;0,09;Rohdaten
2017-04-06;0,09;Rohdaten
2017-04-07;0,09;Rohdaten
2017-04-08;0,09;Rohdaten
2017-04-09;0,09;Rohdaten
2017-04-10;0,09;Rohdaten
2017-04-11;0,09;Rohdaten
2017-04-12;0,09;Rohdaten
2017-04-13;0,09;Rohdaten
2017-04-14;0,09;Rohdaten
2017-04-15;0,09;Rohdaten
2017-04-16;0,09;Rohdaten
2017-04-17;0,09;Rohdaten
2017-04-18;0,09;Rohdaten
2017-04-19;0,08;Rohdaten
2017-04-20;0,08;Rohdaten
2017-04-21;0,08;Rohdaten
2017-04-22;0,08;Rohdaten
2017-04-23;0,08;Rohdaten
2017-04-24;0,08;Rohdaten
2017-04-25;0,08;Rohdaten
2017-04-26;0,08;Rohdaten
2017-04-27;0,08;Rohdaten
2017-04-28;0,08;Rohdaten
2017-04-29;0,08;Rohdaten
2017-04-30;0,08;Rohdaten
2017-05-01;0,08;Rohdaten
2017-05-02;0,08;Rohdaten
2017-05-03;0,08;Rohdaten
2017-05-04;0,08;Rohdaten
2017-05-05;0,08;Rohdaten
2017-05-06;0,08;Rohdaten
2017-05-07;0,08;Rohdaten
2017-05-08;0,08;Rohdaten
2017-05-09;0,07;Rohdaten
2017-05-10;0,07;Rohdaten
2017-05-11;0,07;Rohdaten
2017-05-12;0,07;Rohdaten
2017-05-13;0,07;Rohdaten
2017-05-14;0,07;Rohdaten
2017-05-15;0,07;Rohdaten
2017-05-16;0,07;Rohdaten
2017-05-17;0,07;Rohdaten
2017-05-18;0,07;Rohdaten
2017-05-19;0,07;Rohdaten
2017-05-20;0,07;Rohdaten
2017-05-21;0,07;Rohdaten
2017-05-22;0,07;Rohdaten
2017-05-23;0,07;Rohdaten
2017-05-24;0,07;Rohdaten
2017-05-25;0,07;Rohdaten
2017-05-26;0,07;Rohdaten
2017-05-27;0,07;Rohdaten
2017-05-28;0,07;Rohdaten
2017-05-29;0,07;Rohdaten
2017-05-30;0,07;Rohdaten
2017-05-31;0,07;Rohdaten
2017-06-01;0,07;Rohdaten
2017-06-02;0,07;Rohdaten
2017-06-03;0,07;Rohdaten
2017-06-04;0,07;Rohdaten
2017-06-05;0,07;Rohdaten
2017-06-06;0,07;Rohdaten
2017-06-07;0,07;Rohdaten
2017-06-08;0,07;Rohdaten
2017-06-09;0,07;Rohdaten
2017-06-10;0,08;Rohdaten
2017-06-11;0,08;Rohdaten
2017-06-12;0,08;Rohdaten
2017-06-13;0,08;Rohdaten
2017-06-14;0,09;Rohdaten
2017-06-15;0,09;Rohdaten
2017-06-16;0,09;Rohdaten
2017-06-17;0,09;Rohdaten
2017-06-18;0,09;Rohdaten
2017-06-19;0,09;Rohdaten
2017-06-20;0,09;Rohdaten
2017-06-21;0,09;Rohdaten
2017-06-22;0,10;Rohdaten
2017-06-23;0,10;Rohdaten
2017-06-24;0,10;Rohdaten
2017-06-25;0,10;Rohdaten
2017-06-26;0,10;Rohdaten
2017-06-27;0,10;Rohdaten
2017-06-28;0,10;Rohdaten
2017-06-29;0,10;Rohdaten
2017-06-30;0,09;Rohdaten
2017-07-01;0,09;Rohdaten
2017-07-02;0,09;Rohdaten
2017-07-03;0,09;Rohdaten
2017-07-04;0,09;Rohdaten
2017-07-05;0,09;Rohdaten
2017-07-06;0,09;Rohdaten
2017-07-07;0,09;Rohdaten
2017-07-08;0,09;Rohdaten
2017-07-09;0,09;Rohdaten
2017-07-10;0,09;Rohdaten
2017-07-11;0,09;Rohdaten
2017-07-12;0,09;Rohdaten
2017-07-13;0,09;Rohdaten
2017-07-14;0,09;Rohdaten
2017-07-15;;Rohdaten
2017-07-16;;Rohdaten
2017-07-17;0,09;Rohdaten
2017-07-18;0,09;Rohdaten
2017-07-19;0,09;Rohdaten
2017-07-20;0,09;Rohdaten
2017-07-21;0,09;Rohdaten
2017-07-22;0,09;Rohdaten
2017-07-23;0,09;Rohdaten
2017-07-24;0,09;Rohdaten
2017-07-25;0,09;Rohdaten
2017-07-26;0,09;Rohdaten
2017-07-27;0,09;Rohdaten
2017-07-28;0,09;Rohdaten
2017-07-29;0,09;Rohdaten
2017-07-30;0,09;Rohdaten
2017-07-31;0,09;Rohdaten
2017-08-01;0,09;Rohdaten
2017-08-02;0,09;Rohdaten
2017-08-03;0,09;Rohdaten
2017-08-04;0,09;Rohdaten
2017-08-05;0,09;Rohdaten
2017-08-06;0,09;Rohdaten
2017-08-07;0,09;Rohdaten
2017-08-08;0,09;Rohdaten
2017-08-09;0,09;Rohdaten
2017-08-10;0,09;Rohdaten
2017-08-11;0,09;Rohdaten
2017-08-12;0,09;Rohdaten
2017-08-13;0,09;Rohdaten
2017-08-14;0,09;Rohdaten
2017-08-15;0,09;Rohdaten
2017-08-16;0,09;Rohdaten
2017-08-17;0,10;Rohdaten
2017-08-18;0,10;Rohdaten
2017-08-19;0,10;Rohdaten
2017-08-20;0,10;Rohdaten
2017-08-21;0,10;Rohdaten
2017-08-22;0,10;Rohdaten
2017-08-23;0,10;Rohdaten
2017-08-24;0,10;Rohdaten
2017-08-25;0,10;Rohdaten
2017-08-26;0,10;Rohdaten
2017-08-27;0,10;Rohdaten
2017-08-28;0,10;Rohdaten
2017-08-29;0,10;Rohdaten
2017-08-30;0,10;Rohdaten
2017-08-31;0,10;Rohdaten
2017-09-01;0,10;Rohdaten
2017-09-02;0,10;Rohdaten
2017-09-03;0,10;Rohdaten
2017-09-04;0,10;Rohdaten
2017-09-05;0,10;Rohdaten
2017-09-06;0,10;Rohdaten
2017-09-07;0,10;Rohdaten
2017-09-08;0,10;Rohdaten
2017-09-09;0,10;Rohdaten
2017-09-10;0,10;Rohdaten
2017-09-11;0,10;Rohdaten
2017-09-12;0,10;Rohdaten
2017-09-13;0,10;Rohdaten
2017-09-14;0,10;Rohdaten
2017-09-15;0,10;Rohdaten
2017-09-16;0,10;Rohdaten
2017-09-17;0,10;Rohdaten
2017-09-18;0,10;Rohdaten
2017-09-19;0,10;Rohdaten
2017-09-20;0,10;Rohdaten
2017-09-21;0,10;Rohdaten
2017-09-22;0,10;Rohdaten
2017-09-23;0,11;Rohdaten
2017-09-24;0,11;Rohdaten
2017-09-25;0,11;Rohdaten
2017-09-26;0,11;Rohdaten
2017-09-27;0,11;Rohdaten
2017-09-28;0,11;Rohdaten
2017-09-29;0,11;Rohdaten
2017-09-30;0,11;Rohdaten
2017-10-01;0,11;Rohdaten
2017-10-02;0,11;Rohdaten
2017-10-03;0,11;Rohdaten
2017-10-04;0,11;Rohdaten
2017-10-05;0,11;Rohdaten
2017-10-06;0,11;Rohdaten
2017-10-07;0,11;Rohdaten
2017-10-08;0,11;Rohdaten
2017-10-09;0,11;Rohdaten
2017-10-10;0,11;Rohdaten
2017-10-11;0,11;Rohdaten
2017-10-12;0,11;Rohdaten
2017-10-13;0,11;Rohdaten
2017-10-14;0,10;Rohdaten
2017-10-15;0,10;Rohdaten
2017-10-16;0,11;Rohdaten
2017-10-17;0,11;Rohdaten
2017-10-18;0,10;Rohdaten
2017-10-19;0,10;Rohdaten
2017-10-20;0,10;Rohdaten
2017-10-21;0,10;Rohdaten
2017-10-22;0,10;Rohdaten
2017-10-23;0,10;Rohdaten
2017-10-24;0,10;Rohdaten
2017-10-25;0,10;Rohdaten
2017-10-26;0,10;Rohdaten
2017-10-27;0,10;Rohdaten
2017-10-28;0,10;Rohdaten
2017-10-29;0,10;Rohdaten
2017-10-30;0,10;Rohdaten
2017-10-31;0,10;Rohdaten
2017-11-01;0,10;Rohdaten
2017-11-02;0,10;Rohdaten
2017-11-03;0,10;Rohdaten
2017-11-04;0,09;Rohdaten
2017-11-05;0,09;Rohdaten
2017-11-06;0,09;Rohdaten
2017-11-07;0,09;Rohdaten
2017-11-08;0,09;Rohdaten
2017-11-09;0,09;Rohdaten
2017-11-10;0,09;Rohdaten
2017-11-11;0,09;Rohdaten
2017-11-12;0,09;Rohdaten
2017-11-13;0,09;Rohdaten
2017-11-14;0,09;Rohdaten
2017-11-15;0,09;Rohdaten
2017-11-16;0,09;Rohdaten
2017-11-17;0,09;Rohdaten
2017-11-18;0,09;Rohdaten
2017-11-19;0,10;Rohdaten
2017-11-20;0,10;Rohdaten
2017-11-21;0,10;Rohdaten
2017-11-22;0,10;Rohdaten
2017-11-23;0,11;Rohdaten
2017-11-24;0,11;Rohdaten
2017-11-25;0,11;Rohdaten
2017-11-26;0,12;Rohdaten
2017-11-27;0,13;Rohdaten
2017-11-28;0,12;Rohdaten
2017-11-29;0,12;Rohdaten
2017-11-30;0,14;Rohdaten
2017-12-01;0,15;Rohdaten
2017-12-02;0,16;Rohdaten
2017-12-03;0,17;Rohdaten
2017-12-04;0,18;Rohdaten
2017-12-05;0,18;Rohdaten
2017-12-06;0,18;Rohdaten
2017-12-07;0,19;Rohdaten
2017-12-08;0,19;Rohdaten
2017-12-09;0,20;Rohdaten
2017-12-10;0,21;Rohdaten
2017-12-11;0,22;Rohdaten
2017-12-12;0,22;Rohdaten
2017-12-13;0,22;Rohdaten
2017-12-14;0,24;Rohdaten
2017-12-15;0,25;Rohdaten
2017-12-16;0,26;Rohdaten
2017-12-17;0,27;Rohdaten
2017-12-18;0,29;Rohdaten
2017-12-19;0,31;Rohdaten
2017-12-20;0,32;Rohdaten
2017-12-21;0,33;Rohdaten
2017-12-22;0,34;Rohdaten
2017-12-23;0,34;Rohdaten
2017-12-24;0,35;Rohdaten
2017-12-25;0,34;Rohdaten
2017-12-26;0,34;Rohdaten
2017-12-27;0,33;Rohdaten
2017-12-28;0,33;Rohdaten
2017-12-29;0,33;Rohdaten
2017-12-30;0,33;Rohdaten
2017-12-31;0,32;Rohdaten
2018-01-01;0,32;Rohdaten
2018-01-02;0,32;Rohdaten
2018-01-03;0,32;Rohdaten
2018-01-04;0,32;Rohdaten
2018-01-05;0,32;Rohdaten
2018-01-06;0,33;Rohdaten
2018-01-07;0,32;Rohdaten
2018-01-08;0,33;Rohdaten
2018-01-09;0,33;Rohdaten
2018-01-10;0,33;Rohdaten
2018-01-11;0,33;Rohdaten
2018-01-12;0,32;Rohdaten
2018-01-13;0,32;Rohdaten
2018-01-14;0,32;Rohdaten
2018-01-15;0,32;Rohdaten
2018-01-16;0,32;Rohdaten
2018-01-17;0,32;Rohdaten
2018-01-18;0,32;Rohdaten
2018-01-19;0,32;Rohdaten
2018-01-20;0,32;Rohdaten
2018-01-21;0,32;Rohdaten
2018-01-22;0,32;Rohdaten
2018-01-23;0,31;Rohdaten
2018-01-24;0,32;Rohdaten
2018-01-25;0,31;Rohdaten
2018-01-26;0,30;Rohdaten
2018-01-27;0,28;Rohdaten
2018-01-28;0,28;Rohdaten
2018-01-29;0,26;Rohdaten
2018-01-30;0,26;Rohdaten
2018-01-31;0,25;Rohdaten
2018-02-01;0,23;Rohdaten
2018-02-02;0,23;Rohdaten
2018-02-03;0,25;Rohdaten
2018-02-04;0,24;Rohdaten
2018-02-05;0,24;Rohdaten
2018-02-06;0,24;Rohdaten
2018-02-07;0,23;Rohdaten
2018-02-08;0,24;Rohdaten
2018-02-09;0,24;Rohdaten
2018-02-10;0,24;Rohdaten
2018-02-11;0,22;Rohdaten
2018-02-12;0,23;Rohdaten
2018-02-13;0,24;Rohdaten
2018-02-14;0,24;Rohdaten
2018-02-15;0,24;Rohdaten
2018-02-16;0,24;Rohdaten
2018-02-17;0,24;Rohdaten
2018-02-18;0,24;Rohdaten
2018-02-19;0,24;Rohdaten
2018-02-20;0,25;Rohdaten
2018-02-21;0,25;Rohdaten
2018-02-22;0,25;Rohdaten
2018-02-23;0,25;Rohdaten
2018-02-24;0,25;Rohdaten
2018-02-25;0,25;Rohdaten
2018-02-26;0,25;Rohdaten
2018-02-27;0,25;Rohdaten
2018-02-28;0,25;Rohdaten
2018-03-01;0,26;Rohdaten
2018-03-02;0,26;Rohdaten
2018-03-03;0,26;Rohdaten
2018-03-04;0,26;Rohdaten
2018-03-05;0,26;Rohdaten
2018-03-06;0,26;Rohdaten
2018-03-07;0,26;Rohdaten
2018-03-08;0,26;Rohdaten
2018-03-09;0,26;Rohdaten
2018-03-10;0,26;Rohdaten
2018-03-11;;Rohdaten
2018-03-12;;Rohdaten
2018-03-13;;Rohdaten
2018-03-14;;Rohdaten
2018-03-15;;Rohdaten
2018-03-16;0,25;Rohdaten
2018-03-17;0,25;Rohdaten
2018-03-18;0,24;Rohdaten
2018-03-19;0,25;Rohdaten
2018-03-20;0,25;Rohdaten
2018-03-21;;Rohdaten
2018-03-22;0,24;Rohdaten
2018-03-23;0,23;Rohdaten
2018-03-24;0,23;Rohdaten
2018-03-25;0,23;Rohdaten
2018-03-26;0,23;Rohdaten
2018-03-27;0,23;Rohdaten
2018-03-28;0,23;Rohdaten
2018-03-29;0,22;Rohdaten
2018-03-30;0,22;Rohdaten
2018-03-31;0,22;Rohdaten
2018-04-01;0,22;Rohdaten
2018-04-02;0,22;Rohdaten
2018-04-03;0,21;Rohdaten
2018-04-04;0,22;Rohdaten
2018-04-05;;Rohdaten
2018-04-06;0,21;Rohdaten
2018-04-07;0,21;Rohdaten
2018-04-08;0,21;Rohdaten
2018-04-09;0,21;Rohdaten
2018-04-10;0,21;Rohdaten
2018-04-11;0,21;Rohdaten
2018-04-12;0,21;Rohdaten
2018-04-13;0,20;Rohdaten
2018-04-14;0,20;Rohdaten
2018-04-15;;Rohdaten
2018-04-16;0,21;Rohdaten
2018-04-17;0,21;Rohdaten
2018-04-18;0,21;Rohdaten
2018-04-19;0,21;Rohdaten
2018-04-20;0,21;Rohdaten
2018-04-21;0,21;Rohdaten
2018-04-22;0,21;Rohdaten
2018-04-23;0,20;Rohdaten
2018-04-24;0,21;Rohdaten
2018-04-25;0,20;Rohdaten
2018-04-26;0,20;Rohdaten
2018-04-27;0,20;Rohdaten
2018-04-28;0,20;Rohdaten
2018-04-29;0,20;Rohdaten
2018-04-30;0,21;Rohdaten
2018-05-01;0,21;Rohdaten
2018-05-02;0,21;Rohdaten
2018-05-03;0,21;Rohdaten
2018-05-04;0,21;Rohdaten
2018-05-05;0,21;Rohdaten
2018-05-06;0,21;Rohdaten
2018-05-07;0,21;Rohdaten
2018-05-08;0,20;Rohdaten
2018-05-09;0,20;Rohdaten
2018-05-10;0,20;Rohdaten
2018-05-11;;Rohdaten
2018-05-12;0,20;Rohdaten
2018-05-13;0,20;Rohdaten
2018-05-14;0,20;Rohdaten
2018-05-15;0,20;Rohdaten
2018-05-16;0,20;Rohdaten
2018-05-17;0,20;Rohdaten
2018-05-18;0,20;Rohdaten
2018-05-19;0,20;Rohdaten
2018-05-20;0,20;Rohdaten
2018-05-21;0,21;Rohdaten
2018-05-22;;Rohdaten
2018-05-23;;Rohdaten
2018-05-24;0,20;Rohdaten
2018-05-25;0,19;Rohdaten
2018-05-26;0,19;Rohdaten
2018-05-27;0,19;Rohdaten
2018-05-28;0,19;Rohdaten
2018-05-29;0,19;Rohdaten
2018-05-30;0,19;Rohdaten
2018-05-31;0,19;Rohdaten
2018-06-01;0,19;Rohdaten
2018-06-02;0,19;Rohdaten
2018-06-03;0,19;Rohdaten
2018-06-04;0,19;Rohdaten
2018-06-05;;Rohdaten
2018-06-06;;Rohdaten
2018-06-07;0,18;Rohdaten
2018-06-08;;Rohdaten
2018-06-09;;Rohdaten
2018-06-10;;Rohdaten
2018-06-11;;Rohdaten
2018-06-12;;Rohdaten
2018-06-13;;Rohdaten
2018-06-14;;Rohdaten
2018-06-15;;Rohdaten
2018-06-16;;Rohdaten
2018-06-17;;Rohdaten
2018-06-18;;Rohdaten
2018-06-19;;Rohdaten
2018-06-20;;Rohdaten
2018-06-21;0,14;Rohdaten
2018-06-22;;Rohdaten
2018-06-23;;Rohdaten
2018-06-24;;Rohdaten
2018-06-25;;Rohdaten
2018-06-26;0,13;Rohdaten
2018-06-27;;Rohdaten
2018-06-28;;Rohdaten
2018-06-29;;Rohdaten
2018-06-30;;Rohdaten
2018-07-01;;Rohdaten
2018-07-02;;Rohdaten
2018-07-03;;Rohdaten
2018-07-04;;Rohdaten
2018-07-05;;Rohdaten
2018-07-06;;Rohdaten
2018-07-07;;Rohdaten
2018-07-08;;Rohdaten
2018-07-09;;Rohdaten
2018-07-10;;Rohdaten
2018-07-11;;Rohdaten
2018-07-12;;Rohdaten
2018-07-13;;Rohdaten
2018-07-14;;Rohdaten
2018-07-15;;Rohdaten
2018-07-16;;Rohdaten
2018-07-17;;Rohdaten
2018-07-18;;Rohdaten
2018-07-19;;Rohdaten
2018-07-20;;Rohdaten
2018-07-21;;Rohdaten
2018-07-22;;Rohdaten
2018-07-23;;Rohdaten
2018-07-24;;Rohdaten
2018-07-25;;Rohdaten
2018-07-26;;Rohdaten
2018-07-27;;Rohdaten
2018-07-28;;Rohdaten
2018-07-29;;Rohdaten
2018-07-30;;Rohdaten
2018-07-31;;Rohdaten
2018-08-01;;Rohdaten
2018-08-02;0,08;Rohdaten
2018-08-03;;Rohdaten
2018-08-04;;Rohdaten
2018-08-05;;Rohdaten
2018-08-06;;Rohdaten
2018-08-07;;Rohdaten
2018-08-08;;Rohdaten
2018-08-09;;Rohdaten
2018-08-10;;Rohdaten
2018-08-11;;Rohdaten
2018-08-12;;Rohdaten
2018-08-13;;Rohdaten
2018-08-14;;Rohdaten
2018-08-15;;Rohdaten
2018-08-16;;Rohdaten
2018-08-17;;Rohdaten
2018-08-18;;Rohdaten
2018-08-19;;Rohdaten
2018-08-20;;Rohdaten
2018-08-21;;Rohdaten
2018-08-22;;Rohdaten
2018-08-23;;Rohdaten
2018-08-24;;Rohdaten
2018-08-25;;Rohdaten
2018-08-26;;Rohdaten
2018-08-27;;Rohdaten
2018-08-28;;Rohdaten
2018-08-29;;Rohdaten
2018-08-30;0,06;Rohdaten
2018-08-31;0,06;Rohdaten
2018-09-01;0,05;Rohdaten
2018-09-02;0,05;Rohdaten
2018-09-03;0,05;Rohdaten
2018-09-04;0,05;Rohdaten
2018-09-05;0,05;Rohdaten
2018-09-06;0,05;Rohdaten
2018-09-07;0,05;Rohdaten
2018-09-08;0,05;Rohdaten
2018-09-09;;Rohdaten
2018-09-10;0,05;Rohdaten
2018-09-11;0,05;Rohdaten
2018-09-12;0,05;Rohdaten
2018-09-13;0,05;Rohdaten
2018-09-14;0,05;Rohdaten
2018-09-15;0,05;Rohdaten
2018-09-16;0,05;Rohdaten
2018-09-17;0,05;Rohdaten
2018-09-18;0,05;Rohdaten
2018-09-19;0,05;Rohdaten
2018-09-20;0,05;Rohdaten
2018-09-21;0,05;Rohdaten
2018-09-22;0,05;Rohdaten
2018-09-23;0,05;Rohdaten
2018-09-24;0,05;Rohdaten
2018-09-25;0,04;Rohdaten
2018-09-26;0,04;Rohdaten
2018-09-27;0,04;Rohdaten
2018-09-28;0,04;Rohdaten
2018-09-29;0,04;Rohdaten
2018-09-30;0,04;Rohdaten
2018-10-01;0,04;Rohdaten
2018-10-02;0,04;Rohdaten
2018-10-03;0,04;Rohdaten
2018-10-04;0,04;Rohdaten
2018-10-05;0,04;Rohdaten
2018-10-06;0,04;Rohdaten
2018-10-07;0,04;Rohdaten
2018-10-08;;Rohdaten
2018-10-09;0,04;Rohdaten
2018-10-10;0,04;Rohdaten
2018-10-11;0,04;Rohdaten
2018-10-12;0,04;Rohdaten
2018-10-13;0,04;Rohdaten
2018-10-14;0,04;Rohdaten
2018-10-15;0,04;Rohdaten
2018-10-16;0,04;Rohdaten
2018-10-17;0,04;Rohdaten
2018-10-18;0,04;Rohdaten
2018-10-19;0,04;Rohdaten
2018-10-20;0,03;Rohdaten
2018-10-21;0,03;Rohdaten
2018-10-22;0,03;Rohdaten
2018-10-23;0,03;Rohdaten
2018-10-24;0,03;Rohdaten
2018-10-25;0,03;Rohdaten
2018-10-26;0,03;Rohdaten
2018-10-27;0,03;Rohdaten
2018-10-28;0,03;Rohdaten
2018-10-29;0,03;Rohdaten
2018-10-30;0,03;Rohdaten
2018-10-31;0,03;Rohdaten
2018-11-01;0,03;Rohdaten
2018-11-02;0,03;Rohdaten
2018-11-03;;Rohdaten
2018-11-04;;Rohdaten
2018-11-05;;Rohdaten
2018-11-06;;Rohdaten
2018-11-07;0,03;Rohdaten
2018-11-08;0,03;Rohdaten
2018-11-09;0,03;Rohdaten
2018-11-10;0,03;Rohdaten
2018-11-11;0,03;Rohdaten
2018-11-12;0,03;Rohdaten
2018-11-13;0,03;Rohdaten
2018-11-14;0,03;Rohdaten
2018-11-15;0,03;Rohdaten
2018-11-16;0,03;Rohdaten
2018-11-17;0,03;Rohdaten
2018-11-18;0,03;Rohdaten
2018-11-19;0,03;Rohdaten
2018-11-20;0,03;Rohdaten
2018-11-21;0,03;Rohdaten
2018-11-22;0,03;Rohdaten
2018-11-23;0,03;Rohdaten
2018-11-24;0,03;Rohdaten
2018-11-25;0,03;Rohdaten
2018-11-26;0,03;Rohdaten
2018-11-27;0,03;Rohdaten
2018-11-28;0,03;Rohdaten
2018-11-29;0,03;Rohdaten
2018-11-30;0,03;Rohdaten
2018-12-01;0,03;Rohdaten
2018-12-02;0,03;Rohdaten
2018-12-03;0,03;Rohdaten
2018-12-04;0,03;Rohdaten
2018-12-05;0,02;Rohdaten
2018-12-06;0,02;Rohdaten
2018-12-07;0,02;Rohdaten
2018-12-08;0,02;Rohdaten
2018-12-09;0,02;Rohdaten
2018-12-10;0,02;Rohdaten
2018-12-11;0,02;Rohdaten
2018-12-12;0,02;Rohdaten
2018-12-13;0,02;Rohdaten
2018-12-14;0,02;Rohdaten
2018-12-15;;Rohdaten
2018-12-16;0,02;Rohdaten
2018-12-17;0,02;Rohdaten
2018-12-18;0,02;Rohdaten
2018-12-19;0,02;Rohdaten
2018-12-20;0,02;Rohdaten
2018-12-21;0,02;Rohdaten
2018-12-22;0,02;Rohdaten
2018-12-23;0,02;Rohdaten
2018-12-24;0,02;Rohdaten
2018-12-25;0,02;Rohdaten
2018-12-26;0,02;Rohdaten
2018-12-27;0,02;Rohdaten
2018-12-28;0,02;Rohdaten
2018-12-29;0,02;Rohdaten
2018-12-30;0,02;Rohdaten
2018-12-31;0,02;Rohdaten
2019-01-01;0,02;Rohdaten
2019-01-02;0,02;Rohdaten
2019-01-03;0,02;Rohdaten
2019-01-04;0,02;Rohdaten
2019-01-05;0,02;Rohdaten
2019-01-06;0,02;Rohdaten
2019-01-07;0,02;Rohdaten
2019-01-08;0,02;Rohdaten
2019-01-09;0,02;Rohdaten
2019-01-10;0,02;Rohdaten
2019-01-11;0,02;Rohdaten
2019-01-12;0,02;Rohdaten
2019-01-13;0,02;Rohdaten
2019-01-14;0,02;Rohdaten
2019-01-15;0,02;Rohdaten
2019-01-16;0,02;Rohdaten
2019-01-17;0,02;Rohdaten
2019-01-18;0,02;Rohdaten
2019-01-19;0,02;Rohdaten
2019-01-20;0,02;Rohdaten
2019-01-21;0,02;Rohdaten
2019-01-22;0,02;Rohdaten
2019-01-23;0,02;Rohdaten
2019-01-24;0,02;Rohdaten
2019-01-25;0,02;Rohdaten
2019-01-26;0,02;Rohdaten
2019-01-27;0,02;Rohdaten
2019-01-28;0,02;Rohdaten
2019-01-29;0,02;Rohdaten
2019-01-30;0,02;Rohdaten
2019-01-31;0,02;Rohdaten
2019-02-01;0,02;Rohdaten
2019-02-02;0,02;Rohdaten
2019-02-03;0,02;Rohdaten
2019-02-04;0,02;Rohdaten
2019-02-05;0,02;Rohdaten
2019-02-06;0,02;Rohdaten
2019-02-07;0,02;Rohdaten
2019-02-08;0,02;Rohdaten
2019-02-09;0,02;Rohdaten
2019-02-10;0,02;Rohdaten
2019-02-11;0,02;Rohdaten
2019-02-12;0,02;Rohdaten
2019-02-13;0,02;Rohdaten
2019-02-14;0,02;Rohdaten
2019-02-15;0,02;Rohdaten
2019-02-16;0,02;Rohdaten
2019-02-17;0,02;Rohdaten
2019-02-18;0,02;Rohdaten
2019-02-19;0,02;Rohdaten
2019-02-20;0,02;Rohdaten
2019-02-21;0,02;Rohdaten
2019-02-22;0,02;Rohdaten
2019-02-23;0,02;Rohdaten
2019-02-24;0,02;Rohdaten
2019-02-25;0,02;Rohdaten
2019-02-26;0,02;Rohdaten
2019-02-27;0,02;Rohdaten
2019-02-28;0,02;Rohdaten
2019-03-01;0,02;Rohdaten
2019-03-02;0,02;Rohdaten
2019-03-03;0,02;Rohdaten
2019-03-04;0,02;Rohdaten
2019-03-05;0,02;Rohdaten
2019-03-06;0,02;Rohdaten
2019-03-07;0,02;Rohdaten
2019-03-08;0,02;Rohdaten
2019-03-09;0,01;Rohdaten
2019-03-10;0,01;Rohdaten
2019-03-11;0,02;Rohdaten
2019-03-12;0,01;Rohdaten
2019-03-13;0,01;Rohdaten
2019-03-14;0,01;Rohdaten
2019-03-15;0,01;Rohdaten
2019-03-16;0,01;Rohdaten
2019-03-17;0,01;Rohdaten
2019-03-18;0,01;Rohdaten
2019-03-19;0,01;Rohdaten
2019-03-20;0,01;Rohdaten
2019-03-21;0,01;Rohdaten
2019-03-22;0,01;Rohdaten
2019-03-23;0,02;Rohdaten
2019-03-24;0,02;Rohdaten
2019-03-25;0,02;Rohdaten
2019-03-26;0,02;Rohdaten
2019-03-27;0,02;Rohdaten
2019-03-28;0,02;Rohdaten
2019-03-29;0,02;Rohdaten
2019-03-30;0,02;Rohdaten
2019-03-31;0,02;Rohdaten
2019-04-01;0,02;Rohdaten
2019-04-02;0,02;Rohdaten
2019-04-03;0,02;Rohdaten
2019-04-04;0,02;Rohdaten
2019-04-05;0,02;Rohdaten
2019-04-06;0,02;Rohdaten
2019-04-07;0,02;Rohdaten
2019-04-08;0,02;Rohdaten
2019-04-09;0,02;Rohdaten
2019-04-10;0,02;Rohdaten
2019-04-11;0,02;Rohdaten
2019-04-12;0,02;Rohdaten
2019-04-13;0,02;Rohdaten
2019-04-14;0,02;Rohdaten
2019-04-15;0,02;Rohdaten
2019-04-16;0,02;Rohdaten
2019-04-17;0,02;Rohdaten
2019-04-18;0,02;Rohdaten
2019-04-19;0,02;Rohdaten
2019-04-20;0,02;Rohdaten
2019-04-21;0,02;Rohdaten
2019-04-22;0,02;Rohdaten
2019-04-23;0,02;Rohdaten
2019-04-24;0,02;Rohdaten
2019-04-25;0,02;Rohdaten
2019-04-26;0,02;Rohdaten
2019-04-27;0,02;Rohdaten
2019-04-28;0,02;Rohdaten
2019-04-29;0,02;Rohdaten
2019-04-30;0,02;Rohdaten
2019-05-01;0,02;Rohdaten
2019-05-02;0,02;Rohdaten
2019-05-03;0,02;Rohdaten
2019-05-04;0,01;Rohdaten
2019-05-05;0,01;Rohdaten
2019-05-06;0,01;Rohdaten
2019-05-07;0,01;Rohdaten
2019-05-08;0,01;Rohdaten
2019-05-09;0,01;Rohdaten
2019-05-10;0,01;Rohdaten
2019-05-11;0,01;Rohdaten
2019-05-12;0,01;Rohdaten
2019-05-13;0,01;Rohdaten
2019-05-14;0,01;Rohdaten
2019-05-15;0,01;Rohdaten
2019-05-16;0,01;Rohdaten
2019-05-17;0,01;Rohdaten
2019-05-18;0,01;Rohdaten
2019-05-19;0,01;Rohdaten
2019-05-20;0,01;Rohdaten
2019-05-21;0,01;Rohdaten
2019-05-22;0,01;Rohdaten
2019-05-23;0,01;Rohdaten
2019-05-24;0,01;Rohdaten
2019-05-25;0,01;Rohdaten
2019-05-26;0,01;Rohdaten
2019-05-27;0,01;Rohdaten
2019-05-28;0,01;Rohdaten
2019-05-29;0,01;Rohdaten
2019-05-30;0,01;Rohdaten
2019-05-31;0,01;Rohdaten
2019-06-01;0,01;Rohdaten
2019-06-02;0,02;Rohdaten
2019-06-03;0,02;Rohdaten
2019-06-04;0,02;Rohdaten
2019-06-05;0,02;Rohdaten
2019-06-06;0,02;Rohdaten
2019-06-07;0,02;Rohdaten
2019-06-08;0,02;Rohdaten
2019-06-09;0,02;Rohdaten
2019-06-10;0,02;Rohdaten
2019-06-11;0,02;Rohdaten
2019-06-12;0,02;Rohdaten
2019-06-13;0,02;Rohdaten
2019-06-14;0,02;Rohdaten
2019-06-15;0,02;Rohdaten
2019-06-16;0,02;Rohdaten
2019-06-17;0,02;Rohdaten
2019-06-18;0,02;Rohdaten
2019-06-19;0,02;Rohdaten
2019-06-20;0,02;Rohdaten
2019-06-21;0,02;Rohdaten
2019-06-22;0,02;Rohdaten
2019-06-23;0,02;Rohdaten
2019-06-24;0,02;Rohdaten
2019-06-25;0,01;Rohdaten
2019-06-26;0,01;Rohdaten
2019-06-27;0,01;Rohdaten
2019-06-28;0,01;Rohdaten
2019-06-29;0,01;Rohdaten
2019-06-30;0,01;Rohdaten
2019-07-01;0,01;Rohdaten
2019-07-02;0,01;Rohdaten
2019-07-03;0,01;Rohdaten
2019-07-04;0,01;Rohdaten
2019-07-05;0,01;Rohdaten
2019-07-06;0,01;Rohdaten
2019-07-07;0,01;Rohdaten
2019-07-08;0,01;Rohdaten
2019-07-09;0,01;Rohdaten
2019-07-10;0,01;Rohdaten
2019-07-11;0,01;Rohdaten
2019-07-12;0,01;Rohdaten
2019-07-13;0,01;Rohdaten
2019-07-14;0,01;Rohdaten
2019-07-15;0,01;Rohdaten
2019-07-16;0,01;Rohdaten
2019-07-17;0,01;Rohdaten
2019-07-18;0,01;Rohdaten
2019-07-19;0,01;Rohdaten
2019-07-20;0,01;Rohdaten
2019-07-21;0,01;Rohdaten
2019-07-22;0,01;Rohdaten
2019-07-23;0,01;Rohdaten
2019-07-24;0,01;Rohdaten
2019-07-25;0,01;Rohdaten
2019-07-26;0,01;Rohdaten
2019-07-27;0,01;Rohdaten
2019-07-28;0,01;Rohdaten
2019-07-29;0,01;Rohdaten
2019-07-30;0,01;Rohdaten
2019-07-31;0,01;Rohdaten
2019-08-01;0,01;Rohdaten
2019-08-02;0,01;Rohdaten
2019-08-03;0,01;Rohdaten
2019-08-04;0,01;Rohdaten
2019-08-05;0,01;Rohdaten
2019-08-06;0,01;Rohdaten
2019-08-07;0,01;Rohdaten
2019-08-08;0,01;Rohdaten
2019-08-09;0,01;Rohdaten
2019-08-10;0,01;Rohdaten
2019-08-11;0,01;Rohdaten
2019-08-12;0,01;Rohdaten
2019-08-13;0,01;Rohdaten
2019-08-14;0,01;Rohdaten
2019-08-15;0,01;Rohdaten
2019-08-16;0,01;Rohdaten
2019-08-17;0,01;Rohdaten
2019-08-18;0,01;Rohdaten
2019-08-19;0,01;Rohdaten
2019-08-20;0,01;Rohdaten
2019-08-21;0,01;Rohdaten
2019-08-22;0,01;Rohdaten
2019-08-23;0,01;Rohdaten
2019-08-24;0,01;Rohdaten
2019-08-25;0,01;Rohdaten
2019-08-26;0,01;Rohdaten
2019-08-27;0,01;Rohdaten
2019-08-28;0,01;Rohdaten
2019-08-29;0,01;Rohdaten
2019-08-30;0,01;Rohdaten
2019-08-31;0,01;Rohdaten
2019-09-01;0,01;Rohdaten
2019-09-02;0,01;Rohdaten
2019-09-03;0,00;Rohdaten
2019-09-04;0,00;Rohdaten
2019-09-05;0,00;Rohdaten
2019-09-06;0,00;Rohdaten
2019-09-07;0,00;Rohdaten
2019-09-08;0,00;Rohdaten
2019-09-09;0,00;Rohdaten
2019-09-10;0,00;Rohdaten
2019-09-11;0,00;Rohdaten
2019-09-12;0,00;Rohdaten
2019-09-13;0,00;Rohdaten
2019-09-14;0,00;Rohdaten
2019-09-15;0,00;Rohdaten
2019-09-16;0,00;Rohdaten
2019-09-17;0,00;Rohdaten
2019-09-18;0,00;Rohdaten
2019-09-19;0,00;Rohdaten
2019-09-20;0,00;Rohdaten
2019-09-21;0,00;Rohdaten
2019-09-22;0,00;Rohdaten
2019-09-23;0,00;Rohdaten
2019-09-24;0,00;Rohdaten
2019-09-25;0,00;Rohdaten
2019-09-26;0,00;Rohdaten
2019-09-27;0,00;Rohdaten
2019-09-28;0,00;Rohdaten
2019-09-29;0,00;Rohdaten
2019-09-30;0,00;Rohdaten
2019-10-01;0,00;Rohdaten
2019-10-02;0,00;Rohdaten
2019-10-03;0,00;Rohdaten
2019-10-04;0,00;Rohdaten
2019-10-05;0,00;Rohdaten
2019-10-06;0,00;Rohdaten
2019-10-07;0,00;Rohdaten
2019-10-08;0,00;Rohdaten
2019-10-09;0,00;Rohdaten
2019-10-10;0,00;Rohdaten
2019-10-11;0,00;Rohdaten
2019-10-12;0,00;Rohdaten
2019-10-13;0,00;Rohdaten
2019-10-14;0,00;Rohdaten
2019-10-15;0,00;Rohdaten
2019-10-16;0,00;Rohdaten
2019-10-17;0,00;Rohdaten
2019-10-18;0,00;Rohdaten
2019-10-19;0,00;Rohdaten
2019-10-20;0,00;Rohdaten
2019-10-21;0,00;Rohdaten
2019-10-22;0,00;Rohdaten
2019-10-23;0,00;Rohdaten
2019-10-24;0,00;Rohdaten
2019-10-25;0,00;Rohdaten
2019-10-26;0,00;Rohdaten
2019-10-27;0,00;Rohdaten
2019-10-28;0,00;Rohdaten
2019-10-29;0,00;Rohdaten
2019-10-30;0,00;Rohdaten
2019-10-31;0,00;Rohdaten
2019-11-01;0,00;Rohdaten
2019-11-02;0,00;Rohdaten
2019-11-03;0,00;Rohdaten
2019-11-04;0,00;Rohdaten
2019-11-05;0,00;Rohdaten
2019-11-06;0,00;Rohdaten
2019-11-07;0,00;Rohdaten
2019-11-08;0,00;Rohdaten
2019-11-09;0,00;Rohdaten
2019-11-10;0,00;Rohdaten
2019-11-11;0,00;Rohdaten
2019-11-12;0,00;Rohdaten
2019-11-13;0,00;Rohdaten
2019-11-14;0,00;Rohdaten
2019-11-15;0,00;Rohdaten
2019-11-16;0,00;Rohdaten
2019-11-17;0,00;Rohdaten
2019-11-18;0,00;Rohdaten
2019-11-19;0,00;Rohdaten
2019-11-20;0,00;Rohdaten
2019-11-21;0,00;Rohdaten
2019-11-22;0,00;Rohdaten
2019-11-23;0,00;Rohdaten
2019-11-24;0,00;Rohdaten
2019-11-25;0,00;Rohdaten
2019-11-26;0,00;Rohdaten
2019-11-27;0,00;Rohdaten
2019-11-28;0,00;Rohdaten
2019-11-29;0,00;Rohdaten
2019-11-30;0,00;Rohdaten
2019-12-01;0,00;Rohdaten
2019-12-02;0,00;Rohdaten
2019-12-03;0,00;Rohdaten
2019-12-04;0,00;Rohdaten
2019-12-05;0,00;Rohdaten
2019-12-06;0,00;Rohdaten
2019-12-07;0,00;Rohdaten
2019-12-08;0,00;Rohdaten
2019-12-09;0,00;Rohdaten
2019-12-10;0,00;Rohdaten
2019-12-11;0,00;Rohdaten
2019-12-12;0,00;Rohdaten
2019-12-13;0,00;Rohdaten
2019-12-14;0,00;Rohdaten
2019-12-15;0,00;Rohdaten
2019-12-16;0,00;Rohdaten
2019-12-17;0,00;Rohdaten
2019-12-18;0,00;Rohdaten
2019-12-19;0,00;Rohdaten
2019-12-20;0,00;Rohdaten
2019-12-21;0,00;Rohdaten
2019-12-22;0,00;Rohdaten
2019-12-23;0,00;Rohdaten
2019-12-24;0,00;Rohdaten
2019-12-25;0,00;Rohdaten
2019-12-26;0,00;Rohdaten
2019-12-27;0,00;Rohdaten
2019-12-28;0,00;Rohdaten
2019-12-29;0,00;Rohdaten
2019-12-30;0,00;Rohdaten
2019-12-31;;Rohdaten
2020-01-01;;Rohdaten
2020-01-02;;Rohdaten
2020-01-03;;Rohdaten
2020-01-04;;Rohdaten
2020-01-05;;Rohdaten
2020-01-06;;Rohdaten
2020-01-07;;Rohdaten
2020-01-08;;Rohdaten
2020-01-09;;Rohdaten
2020-01-10;;Rohdaten
2020-01-11;;Rohdaten
2020-01-12;;Rohdaten
2020-01-13;;Rohdaten
2020-01-14;;Rohdaten
2020-01-15;;Rohdaten
2020-01-16;;Rohdaten
2020-01-17;;Rohdaten
2020-01-18;;Rohdaten
2020-01-19;;Rohdaten
2020-01-20;;Rohdaten
2020-01-21;;Rohdaten
2020-01-22;;Rohdaten
2020-01-23;;Rohdaten
2020-01-24;;Rohdaten
2020-01-25;;Rohdaten
2020-01-26;;Rohdaten
2020-01-27;;Rohdaten
2020-01-28;;Rohdaten
2020-01-29;;Rohdaten
2020-01-30;;Rohdaten
2020-01-31;;Rohdaten
2020-02-01;;Rohdaten
2020-02-02;;Rohdaten
2020-02-03;;Rohdaten
2020-02-04;;Rohdaten
2020-02-05;;Rohdaten
2020-02-06;;Rohdaten
2020-02-07;;Rohdaten
2020-02-08;;Rohdaten
2020-02-09;;Rohdaten
2020-02-10;;Rohdaten
2020-02-11;;Rohdaten
2020-02-12;;Rohdaten
2020-02-13;;Rohdaten
2020-02-14;;Rohdaten
2020-02-15;;Rohdaten
2020-02-16;;Rohdaten
2020-02-17;;Rohdaten
2020-02-18;;Rohdaten
2020-02-19;;Rohdaten
2020-02-20;;Rohdaten
2020-02-21;;Rohdaten
2020-02-22;;Rohdaten
2020-02-23;;Rohdaten
2020-02-24;;Rohdaten
2020-02-25;;Rohdaten
2020-02-26;;Rohdaten
2020-02-27;;Rohdaten
2020-02-28;;Rohdaten
2020-02-29;;Rohdaten
2020-03-01;;Rohdaten
2020-03-02;;Rohdaten
2020-03-03;;Rohdaten
2020-03-04;;Rohdaten
2020-03-05;;Rohdaten
2020-03-06;;Rohdaten
2020-03-07;;Rohdaten
2020-03-08;;Rohdaten
2020-03-09;;Rohdaten
2020-03-10;;Rohdaten
2020-03-11;;Rohdaten
2020-03-12;;Rohdaten
2020-03-13;;Rohdaten
2020-03-14;;Rohdaten
2020-03-15;;Rohdaten
2020-03-16;;Rohdaten
2020-03-17;;Rohdaten
2020-03-18;;Rohdaten
2020-03-19;;Rohdaten
2020-03-20;;Rohdaten
2020-03-21;;Rohdaten
2020-03-22;;Rohdaten
2020-03-23;;Rohdaten
2020-03-24;;Rohdaten
2020-03-25;;Rohdaten
2020-03-26;;Rohdaten
2020-03-27;;Rohdaten
2020-03-28;;Rohdaten
2020-03-29;;Rohdaten
2020-03-30;;Rohdaten
2020-03-31;;Rohdaten
2020-04-01;;Rohdaten
2020-04-02;;Rohdaten
2020-04-03;;Rohdaten
2020-04-04;;Rohdaten
2020-04-05;;Rohdaten
2020-04-06;;Rohdaten
2020-04-07;;Rohdaten
2020-04-08;;Rohdaten
2020-04-09;;Rohdaten
2020-04-10;;Rohdaten
2020-04-11;;Rohdaten
2020-04-12;;Rohdaten
2020-04-13;;Rohdaten
2020-04-14;;Rohdaten
2020-04-15;;Rohdaten
2020-04-16;;Rohdaten
2020-04-17;;Rohdaten
2020-04-18;;Rohdaten
2020-04-19;;Rohdaten
2020-04-20;;Rohdaten
2020-04-21;;Rohdaten
2020-04-22;;Rohdaten
2020-04-23;;Rohdaten
2020-04-24;;Rohdaten
2020-04-25;;Rohdaten
2020-04-26;;Rohdaten
2020-04-27;;Rohdaten
2020-04-28;0,21;Rohdaten
2020-04-29;0,20;Rohdaten
2020-04-30;0,20;Rohdaten
2020-05-01;0,19;Rohdaten
2020-05-02;0,19;Rohdaten
2020-05-03;0,18;Rohdaten
2020-05-04;0,17;Rohdaten
2020-05-05;0,17;Rohdaten
2020-05-06;0,16;Rohdaten
2020-05-07;0,16;Rohdaten
2020-05-08;0,16;Rohdaten
2020-05-09;0,16;Rohdaten
2020-05-10;0,16;Rohdaten
2020-05-11;0,16;Rohdaten
2020-05-12;0,15;Rohdaten
2020-05-13;0,15;Rohdaten
2020-05-14;0,15;Rohdaten
2020-05-15;0,14;Rohdaten
2020-05-16;0,14;Rohdaten
2020-05-17;0,14;Rohdaten
2020-05-18;0,14;Rohdaten
2020-05-19;0,14;Rohdaten
2020-05-20;0,13;Rohdaten
2020-05-21;0,13;Rohdaten
2020-05-22;0,13;Rohdaten
2020-05-23;0,13;Rohdaten
2020-05-24;0,13;Rohdaten
2020-05-25;0,12;Rohdaten
2020-05-26;0,12;Rohdaten
2020-05-27;0,12;Rohdaten
2020-05-28;0,12;Rohdaten
2020-05-29;0,12;Rohdaten
2020-05-30;0,12;Rohdaten
2020-05-31;0,12;Rohdaten
2020-06-01;;Rohdaten
2020-06-02;0,11;Rohdaten
2020-06-03;0,11;Rohdaten
2020-06-04;0,12;Rohdaten
2020-06-05;0,12;Rohdaten
2020-06-06;0,11;Rohdaten
2020-06-07;0,11;Rohdaten
2020-06-08;0,10;Rohdaten
2020-06-09;0,10;Rohdaten
2020-06-10;0,10;Rohdaten
2020-06-11;0,10;Rohdaten
2020-06-12;0,10;Rohdaten
2020-06-13;0,10;Rohdaten
2020-06-14;0,09;Rohdaten
2020-06-15;0,09;Rohdaten
2020-06-16;0,09;Rohdaten
2020-06-17;0,09;Rohdaten
2020-06-18;0,09;Rohdaten
2020-06-19;0,09;Rohdaten
2020-06-20;0,09;Rohdaten
2020-06-21;0,08;Rohdaten
2020-06-22;0,08;Rohdaten
2020-06-23;0,08;Rohdaten
2020-06-24;0,08;Rohdaten
2020-06-25;0,08;Rohdaten
2020-06-26;0,08;Rohdaten
2020-06-27;0,08;Rohdaten
2020-06-28;0,08;Rohdaten
2020-06-29;0,08;Rohdaten
2020-06-30;0,08;Rohdaten
2020-07-01;0,08;Rohdaten
2020-07-02;0,07;Rohdaten
2020-07-03;0,07;Rohdaten
2020-07-04;0,07;Rohdaten
2020-07-05;0,07;Rohdaten
2020-07-06;0,07;Rohdaten
2020-07-07;0,07;Rohdaten
2020-07-08;0,07;Rohdaten
2020-07-09;0,07;Rohdaten
2020-07-10;0,07;Rohdaten
2020-07-11;0,06;Rohdaten
2020-07-12;0,06;Rohdaten
2020-07-13;0,06;Rohdaten
2020-07-14;0,06;Rohdaten
2020-07-15;0,06;Rohdaten
2020-07-16;0,06;Rohdaten
2020-07-17;0,06;Rohdaten
2020-07-18;0,06;Rohdaten
2020-07-19;0,06;Rohdaten
2020-07-20;0,06;Rohdaten
2020-07-21;0,06;Rohdaten
2020-07-22;0,06;Rohdaten
2020-07-23;0,06;Rohdaten
2020-07-24;0,06;Rohdaten
2020-07-25;0,06;Rohdaten
2020-07-26;0,05;Rohdaten
2020-07-27;0,05;Rohdaten
2020-07-28;0,05;Rohdaten
2020-07-29;0,05;Rohdaten
2020-07-30;0,05;Rohdaten
2020-07-31;0,05;Rohdaten
2020-08-01;0,05;Rohdaten
2020-08-02;0,05;Rohdaten
2020-08-03;0,05;Rohdaten
2020-08-04;0,05;Rohdaten
2020-08-05;0,05;Rohdaten
2020-08-06;0,05;Rohdaten
2020-08-07;0,05;Rohdaten
2020-08-08;0,05;Rohdaten
2020-08-09;0,05;Rohdaten
2020-08-10;0,05;Rohdaten
2020-08-11;0,04;Rohdaten
2020-08-12;0,04;Rohdaten
2020-08-13;0,04;Rohdaten
2020-08-14;0,04;Rohdaten
2020-08-15;0,04;Rohdaten
2020-08-16;0,04;Rohdaten
2020-08-17;0,04;Rohdaten
2020-08-18;0,04;Rohdaten
2020-08-19;0,04;Rohdaten
2020-08-20;0,04;Rohdaten
2020-08-21;0,04;Rohdaten
2020-08-22;0,04;Rohdaten
2020-08-23;0,04;Rohdaten
2020-08-24;0,04;Rohdaten
2020-08-25;0,04;Rohdaten
2020-08-26;0,04;Rohdaten
2020-08-27;0,04;Rohdaten
2020-08-28;0,04;Rohdaten
2020-08-29;0,04;Rohdaten
2020-08-30;0,04;Rohdaten
2020-08-31;0,04;Rohdaten
2020-09-01;0,04;Rohdaten
2020-09-02;0,03;Rohdaten
2020-09-03;;Rohdaten
2020-09-04;0,03;Rohdaten
2020-09-05;0,03;Rohdaten
2020-09-06;0,03;Rohdaten
2020-09-07;0,03;Rohdaten
2020-09-08;0,03;Rohdaten
2020-09-09;0,03;Rohdaten
2020-09-10;0,03;Rohdaten
2020-09-11;0,03;Rohdaten
2020-09-12;0,03;Rohdaten
2020-09-13;0,03;Rohdaten
2020-09-14;0,03;Rohdaten
2020-09-15;0,03;Rohdaten
2020-09-16;0,03;Rohdaten
2020-09-17;0,03;Rohdaten
2020-09-18;0,03;Rohdaten
2020-09-19;0,03;Rohdaten
2020-09-20;0,03;Rohdaten
2020-09-21;0,03;Rohdaten
2020-09-22;0,03;Rohdaten
2020-09-23;0,03;Rohdaten
2020-09-24;0,03;Rohdaten
2020-09-25;0,03;Rohdaten
2020-09-26;0,03;Rohdaten
2020-09-27;0,03;Rohdaten
2020-09-28;0,03;Rohdaten
2020-09-29;0,03;Rohdaten
2020-09-30;0,03;Rohdaten
2020-10-01;0,03;Rohdaten
2020-10-02;0,03;Rohdaten
2020-10-03;0,03;Rohdaten
2020-10-04;0,03;Rohdaten
2020-10-05;0,03;Rohdaten
2020-10-06;0,03;Rohdaten
2020-10-07;0,03;Rohdaten
2020-10-08;0,03;Rohdaten
2020-10-09;0,03;Rohdaten
2020-10-10;0,03;Rohdaten
2020-10-11;0,03;Rohdaten
2020-10-12;0,03;Rohdaten
2020-10-13;0,03;Rohdaten
2020-10-14;0,03;Rohdaten
2020-10-15;0,03;Rohdaten
2020-10-16;0,03;Rohdaten
2020-10-17;0,03;Rohdaten
2020-10-18;0,02;Rohdaten
2020-10-19;0,02;Rohdaten
2020-10-20;0,03;Rohdaten
2020-10-21;0,03;Rohdaten
2020-10-22;0,02;Rohdaten
2020-10-23;0,02;Rohdaten
2020-10-24;0,02;Rohdaten
2020-10-25;0,02;Rohdaten
2020-10-26;0,02;Rohdaten
2020-10-27;0,02;Rohdaten
2020-10-28;0,02;Rohdaten
2020-10-29;0,02;Rohdaten
2020-10-30;;Rohdaten
2020-10-31;0,02;Rohdaten
2020-11-01;0,02;Rohdaten
2020-11-02;0,02;Rohdaten
2020-11-03;0,02;Rohdaten
2020-11-04;0,02;Rohdaten
2020-11-05;0,02;Rohdaten
2020-11-06;0,02;Rohdaten
2020-11-07;0,02;Rohdaten
2020-11-08;0,02;Rohdaten
2020-11-09;0,02;Rohdaten
2020-11-10;0,02;Rohdaten
2020-11-11;0,02;Rohdaten
2020-11-12;0,02;Rohdaten
2020-11-13;0,02;Rohdaten
2020-11-14;;Rohdaten
2020-11-15;0,02;Rohdaten
2020-11-16;0,02;Rohdaten
2020-11-17;0,02;Rohdaten
2020-11-18;0,02;Rohdaten
2020-11-19;0,02;Rohdaten
2020-11-20;0,02;Rohdaten
2020-11-21;0,02;Rohdaten
2020-11-22;0,02;Rohdaten
2020-11-23;0,02;Rohdaten
2020-11-24;0,02;Rohdaten
2020-11-25;0,02;Rohdaten
2020-11-26;0,02;Rohdaten
2020-11-27;0,02;Rohdaten
2020-11-28;0,02;Rohdaten
2020-11-29;0,02;Rohdaten
2020-11-30;0,02;Rohdaten
2020-12-01;0,02;Rohdaten
2020-12-02;0,02;Rohdaten
2020-12-03;0,02;Rohdaten
2020-12-04;0,02;Rohdaten
2020-12-05;0,02;Rohdaten
2020-12-06;0,02;Rohdaten
2020-12-07;0,02;Rohdaten
2020-12-08;0,02;Rohdaten
2020-12-09;0,02;Rohdaten
2020-12-10;0,02;Rohdaten
2020-12-11;0,02;Rohdaten
2020-12-12;0,02;Rohdaten
2020-12-13;0,02;Rohdaten
2020-12-14;0,02;Rohdaten
2020-12-15;0,02;Rohdaten
2020-12-16;0,02;Rohdaten
2020-12-17;0,02;Rohdaten
2020-12-18;0,02;Rohdaten
2020-12-19;0,02;Rohdaten
2020-12-20;0,02;Rohdaten
2020-12-21;0,02;Rohdaten
2020-12-22;0,02;Rohdaten
2020-12-23;0,02;Rohdaten
2020-12-24;0,02;Rohdaten
2020-12-25;0,02;Rohdaten
2020-12-26;0,02;Rohdaten
2020-12-27;0,02;Rohdaten
2020-12-28;0,02;Rohdaten
2020-12-29;0,02;Rohdaten
2020-12-30;0,02;Rohdaten
2020-12-31;0,02;Rohdaten
2021-01-01;0,02;Rohdaten
2021-01-02;0,02;Rohdaten
2021-01-03;0,02;Rohdaten
2021-01-04;0,02;Rohdaten
2021-01-05;0,02;Rohdaten
2021-01-06;0,02;Rohdaten
2021-01-07;0,02;Rohdaten
2021-01-08;0,02;Rohdaten
2021-01-09;0,02;Rohdaten
2021-01-10;0,02;Rohdaten
2021-01-11;0,02;Rohdaten
2021-01-12;0,02;Rohdaten
2021-01-13;0,02;Rohdaten
2021-01-14;0,02;Rohdaten
2021-01-15;0,02;Rohdaten
2021-01-16;0,02;Rohdaten
2021-01-17;0,02;Rohdaten
2021-01-18;0,02;Rohdaten
2021-01-19;0,02;Rohdaten
2021-01-20;0,02;Rohdaten
2021-01-21;0,02;Rohdaten
2021-01-22;0,02;Rohdaten
2021-01-23;0,02;Rohdaten
2021-01-24;0,02;Rohdaten
2021-01-25;0,02;Rohdaten
2021-01-26;0,02;Rohdaten
2021-01-27;0,02;Rohdaten
2021-01-28;0,02;Rohdaten
2021-01-29;0,02;Rohdaten
2021-01-30;0,02;Rohdaten
2021-01-31;0,02;Rohdaten
2021-02-01;0,02;Rohdaten
2021-02-02;0,02;Rohdaten
2021-02-03;0,02;Rohdaten
2021-02-04;0,02;Rohdaten
2021-02-05;0,02;Rohdaten
2021-02-06;0,02;Rohdaten
2021-02-07;0,02;Rohdaten
2021-02-08;0,03;Rohdaten
2021-02-09;0,03;Rohdaten
2021-02-10;0,03;Rohdaten
2021-02-11;0,03;Rohdaten
2021-02-12;0,04;Rohdaten
2021-02-13;0,04;Rohdaten
2021-02-14;0,04;Rohdaten
2021-02-15;0,05;Rohdaten
2021-02-16;0,05;Rohdaten
2021-02-17;0,06;Rohdaten
2021-02-18;0,06;Rohdaten
2021-02-19;0,06;Rohdaten
2021-02-20;0,07;Rohdaten
2021-02-21;0,08;Rohdaten
2021-02-22;0,09;Rohdaten
2021-02-23;0,10;Rohdaten
2021-02-24;0,11;Rohdaten
2021-02-25;0,12;Rohdaten
2021-02-26;0,13;Rohdaten
2021-02-27;0,14;Rohdaten
2021-02-28;0,14;Rohdaten
2021-03-01;0,14;Rohdaten
2021-03-02;0,15;Rohdaten
2021-03-03;0,16;Rohdaten
2021-03-04;0,16;Rohdaten
2021-03-05;0,16;Rohdaten
2021-03-06;0,16;Rohdaten
2021-03-07;0,16;Rohdaten
2021-03-08;0,16;Rohdaten
2021-03-09;;Rohdaten
2021-03-10;;Rohdaten
2021-03-11;0,16;Rohdaten
2021-03-12;0,16;Rohdaten
2021-03-13;0,16;Rohdaten
2021-03-14;0,15;Rohdaten
2021-03-15;0,15;Rohdaten
2021-03-16;0,15;Rohdaten
2021-03-17;0,14;Rohdaten
2021-03-18;0,14;Rohdaten
2021-03-19;0,14;Rohdaten
2021-03-20;0,14;Rohdaten
2021-03-21;0,14;Rohdaten
2021-03-22;0,14;Rohdaten
2021-03-23;0,14;Rohdaten
2021-03-24;0,14;Rohdaten
2021-03-25;0,14;Rohdaten
2021-03-26;0,14;Rohdaten
2021-03-27;0,14;Rohdaten
2021-03-28;0,14;Rohdaten
2021-03-29;0,13;Rohdaten
2021-03-30;0,13;Rohdaten
2021-03-31;0,13;Rohdaten
2021-04-01;0,14;Rohdaten
2021-04-02;0,13;Rohdaten
2021-04-03;0,13;Rohdaten
2021-04-04;0,13;Rohdaten
2021-04-05;0,13;Rohdaten
2021-04-06;0,13;Rohdaten
2021-04-07;0,13;Rohdaten
2021-04-08;0,13;Rohdaten
2021-04-09;0,13;Rohdaten
2021-04-10;0,13;Rohdaten
2021-04-11;0,12;Rohdaten
2021-04-12;0,12;Rohdaten
2021-04-13;0,11;Rohdaten
2021-04-14;0,11;Rohdaten
2021-04-15;0,11;Rohdaten
2021-04-16;0,11;Rohdaten
2021-04-17;0,11;Rohdaten
2021-04-18;0,11;Rohdaten
2021-04-19;0,11;Rohdaten
2021-04-20;0,11;Rohdaten
2021-04-21;0,10;Rohdaten
2021-04-22;0,10;Rohdaten
2021-04-23;0,10;Rohdaten
2021-04-24;0,10;Rohdaten
2021-04-25;0,10;Rohdaten
2021-04-26;0,10;Rohdaten
2021-04-27;0,10;Rohdaten
2021-04-28;0,10;Rohdaten
2021-04-29;0,10;Rohdaten
2021-04-30;0,09;Rohdaten
2021-05-01;0,09;Rohdaten
2021-05-02;0,09;Rohdaten
2021-05-03;0,09;Rohdaten
2021-05-04;0,09;Rohdaten
2021-05-05;0,09;Rohdaten
2021-05-06;0,09;Rohdaten
2021-05-07;0,09;Rohdaten
2021-05-08;0,08;Rohdaten
2021-05-09;0,08;Rohdaten
2021-05-10;0,08;Rohdaten
2021-05-11;0,08;Rohdaten
2021-05-12;0,08;Rohdaten
2021-05-13;0,08;Rohdaten
2021-05-14;0,08;Rohdaten
2021-05-15;0,08;Rohdaten
2021-05-16;0,08;Rohdaten
2021-05-17;0,08;Rohdaten
2021-05-18;0,07;Rohdaten
2021-05-19;0,07;Rohdaten
2021-05-20;0,07;Rohdaten
2021-05-21;0,07;Rohdaten
2021-05-22;0,07;Rohdaten
2021-05-23;0,07;Rohdaten
2021-05-24;0,07;Rohdaten
2021-05-25;0,07;Rohdaten
2021-05-26;0,07;Rohdaten
2021-05-27;0,07;Rohdaten
2021-05-28;0,07;Rohdaten
2021-05-29;0,07;Rohdaten
2021-05-30;0,07;Rohdaten
2021-06-01;0,07;Rohdaten
2021-06-02;0,07;Rohdaten
2021-06-03;0,07;Rohdaten
2021-06-04;0,07;Rohdaten
2021-06-05;0,07;Rohdaten
2021-06-06;0,07;Rohdaten
2021-06-07;0,07;Rohdaten
2021-06-08;0,07;Rohdaten
2021-06-09;0,08;Rohdaten
2021-06-10;0,09;Rohdaten
2021-06-11;0,10;Rohdaten
2021-06-12;0,12;Rohdaten
2021-06-13;0,13;Rohdaten
2021-06-14;0,15;Rohdaten
2021-06-15;0,16;Rohdaten
2021-06-16;0,17;Rohdaten
2021-06-17;0,20;Rohdaten
2021-06-18;0,22;Rohdaten
2021-06-19;0,21;Rohdaten
2021-06-20;0,21;Rohdaten
2021-06-21;0,21;Rohdaten
2021-06-22;0,20;Rohdaten
2021-06-23;0,20;Rohdaten
2021-06-24;0,20;Rohdaten
2021-06-25;0,19;Rohdaten
2021-06-26;0,19;Rohdaten
2021-06-27;0,19;Rohdaten
2021-06-28;0,18;Rohdaten
2021-06-29;0,18;Rohdaten
2021-06-30;0,18;Rohdaten
2021-07-01;0,17;Rohdaten
2021-07-02;0,17;Rohdaten
2021-07-03;0,16;Rohdaten
2021-07-04;0,16;Rohdaten
2021-07-05;0,16;Rohdaten
2021-07-06;0,15;Rohdaten
2021-07-07;0,15;Rohdaten
2021-07-08;0,15;Rohdaten
2021-09-07;0,13;Rohdaten
2021-09-14;0,04;Rohdaten
2021-09-15;0,00;Rohdaten
2021-09-16;0,09;Rohdaten
2021-09-17;0,12;Rohdaten
2021-09-18;0,12;Rohdaten
2021-09-19;0,12;Rohdaten
2021-09-20;0,12;Rohdaten
2021-09-21;0,12;Rohdaten
2021-09-22;0,12;Rohdaten
2021-09-23;0,12;Rohdaten
2021-09-24;0,12;Rohdaten
2021-09-25;0,12;Rohdaten
2021-09-26;0,12;Rohdaten
2021-09-27;0,12;Rohdaten
2021-09-28;0,12;Rohdaten
2021-09-29;0,12;Rohdaten
2021-09-30;0,12;Rohdaten
2021-10-01;0,12;Rohdaten
2021-10-02;0,12;Rohdaten
2021-10-03;0,12;Rohdaten
2021-10-04;0,12;Rohdaten
2021-10-05;0,12;Rohdaten
2021-10-06;0,12;Rohdaten
2021-10-07;0,12;Rohdaten
2021-10-08;0,12;Rohdaten
2021-10-09;0,12;Rohdaten
2021-10-10;0,12;Rohdaten
2021-10-11;0,12;Rohdaten
2021-10-12;0,12;Rohdaten
2021-10-13;0,12;Rohdaten
2021-10-14;0,12;Rohdaten
2021-10-15;0,12;Rohdaten
2021-10-16;0,12;Rohdaten
2021-10-17;0,12;Rohdaten
2021-10-18;0,12;Rohdaten
2021-10-19;0,12;Rohdaten
2021-10-20;0,12;Rohdaten
2021-10-21;0,12;Rohdaten
2021-10-22;0,12;Rohdaten
2021-10-23;0,12;Rohdaten
2021-10-24;0,12;Rohdaten
2021-10-25;0,12;Rohdaten
2021-12-20;0,04;Rohdaten
2021-12-21;0,04;Rohdaten
2021-12-22;0,04;Rohdaten
2021-12-23;0,04;Rohdaten
2021-12-24;0,04;Rohdaten
2021-12-25;0,04;Rohdaten
2021-12-26;0,04;Rohdaten
2021-12-27;0,04;Rohdaten
2021-12-28;0,04;Rohdaten
2021-12-29;0,04;Rohdaten
2021-12-30;0,04;Rohdaten
2021-12-31;0,04;Rohdaten
2022-01-01;0,04;Rohdaten
2022-01-02;0,04;Rohdaten
2022-01-03;0,04;Rohdaten
2022-01-04;0,04;Rohdaten
2022-01-05;0,04;Rohdaten
2022-01-06;0,04;Rohdaten
2022-01-07;0,04;Rohdaten
2022-01-08;0,04;Rohdaten
2022-01-09;0,05;Rohdaten
2022-01-10;0,05;Rohdaten
2022-01-11;0,05;Rohdaten
2022-01-12;0,06;Rohdaten
2022-01-13;0,07;Rohdaten
2022-01-14;0,08;Rohdaten
2022-01-15;0,10;Rohdaten
2022-01-16;0,11;Rohdaten
2022-01-17;0,12;Rohdaten
2022-01-18;0,13;Rohdaten
2022-01-19;0,14;Rohdaten
2022-01-20;0,15;Rohdaten
2022-01-21;0,12;Rohdaten
2022-01-22;0,14;Rohdaten
2022-01-23;0,14;Rohdaten
2022-01-24;0,16;Rohdaten
2022-01-25;0,17;Rohdaten
2022-01-26;0,17;Rohdaten
2022-01-27;0,16;Rohdaten
2022-01-28;0,17;Rohdaten
2022-01-29;0,17;Rohdaten
2022-01-30;0,17;Rohdaten
2022-01-31;0,17;Rohdaten
2022-02-01;0,16;Rohdaten
2022-02-02;0,16;Rohdaten
2022-02-03;0,15;Rohdaten
2022-02-04;0,14;Rohdaten
2022-02-05;0,15;Rohdaten
2022-02-06;0,15;Rohdaten
2022-02-07;0,14;Rohdaten
2022-02-08;0,15;Rohdaten
2022-02-09;0,16;Rohdaten
2022-02-10;0,17;Rohdaten
2022-02-11;0,18;Rohdaten
2022-02-12;0,18;Rohdaten
2022-02-13;0,19;Rohdaten
2022-02-14;0,20;Rohdaten
2022-02-15;0,21;Rohdaten
2022-02-16;0,21;Rohdaten
2022-02-17;0,21;Rohdaten
2022-02-18;0,21;Rohdaten
2022-02-19;0,23;Rohdaten
2022-02-20;0,23;Rohdaten
2022-02-21;0,23;Rohdaten
2022-02-22;0,23;Rohdaten
2022-02-23;0,23;Rohdaten
2022-02-24;0,23;Rohdaten
2022-02-25;0,23;Rohdaten
2022-02-26;0,23;Rohdaten
2022-02-27;0,23;Rohdaten
2022-02-28;0,23;Rohdaten
2022-03-01;0,23;Rohdaten
2022-03-02;0,23;Rohdaten
2022-03-03;0,23;Rohdaten
2022-03-04;0,23;Rohdaten
2022-03-05;0,23;Rohdaten
2022-03-06;0,23;Rohdaten
2022-03-07;0,23;Rohdaten
2022-03-08;0,23;Rohdaten
2022-03-09;0,23;Rohdaten
2022-03-10;0,23;Rohdaten
2022-03-11;0,23;Rohdaten
2022-03-12;0,23;Rohdaten
2022-03-13;0,23;Rohdaten
2022-03-14;0,23;Rohdaten
2022-03-15;0,23;Rohdaten
2022-03-16;0,23;Rohdaten
2022-03-17;0,23;Rohdaten
2022-03-18;0,22;Rohdaten
2022-03-19;0,22;Rohdaten
2022-03-20;0,22;Rohdaten
2022-03-21;0,22;Rohdaten
2022-03-22;0,22;Rohdaten
2022-03-23;0,22;Rohdaten
2022-03-24;0,22;Rohdaten
2022-03-25;0,21;Rohdaten
2022-03-26;0,21;Rohdaten
2022-03-27;0,21;Rohdaten
2022-03-28;0,21;Rohdaten
2022-03-29;0,21;Rohdaten
2022-03-30;0,21;Rohdaten
2022-03-31;0,21;Rohdaten
2022-04-01;0,21;Rohdaten
2022-04-02;0,20;Rohdaten
2022-04-03;0,20;Rohdaten
2022-04-04;0,20;Rohdaten
2022-04-05;0,20;Rohdaten
2022-04-06;0,20;Rohdaten
2022-04-07;0,20;Rohdaten
2022-04-08;0,20;Rohdaten
2022-04-09;0,20;Rohdaten
2022-04-10;0,19;Rohdaten
2022-04-11;0,19;Rohdaten
2022-04-12;0,19;Rohdaten
2022-04-13;0,19;Rohdaten
2022-04-14;0,20;Rohdaten
2022-04-15;0,20;Rohdaten
2022-04-16;0,20;Rohdaten
2022-04-17;0,20;Rohdaten
2022-04-18;0,20;Rohdaten
2022-04-19;0,20;Rohdaten
2022-04-20;0,20;Rohdaten
2022-04-21;0,20;Rohdaten
2022-04-22;0,20;Rohdaten
2022-04-23;0,20;Rohdaten
2022-04-24;0,20;Rohdaten
2022-04-25;0,20;Rohdaten
2022-04-26;0,20;Rohdaten
2022-04-27;0,19;Rohdaten
2022-04-28;0,19;Rohdaten
2022-04-29;0,19;Rohdaten
2022-04-30;0,19;Rohdaten
2022-05-01;0,19;Rohdaten
2022-05-02;0,19;Rohdaten
2022-05-03;0,19;Rohdaten
2022-05-04;0,19;Rohdaten
2022-05-05;0,19;Rohdaten
2022-05-06;0,19;Rohdaten
2022-05-07;0,19;Rohdaten
2022-05-08;0,19;Rohdaten
2022-05-09;0,19;Rohdaten
2022-05-10;0,18;Rohdaten
2022-05-11;0,18;Rohdaten
2022-05-12;0,18;Rohdaten
2022-05-13;0,18;Rohdaten
2022-05-14;0,18;Rohdaten
2022-05-15;0,17;Rohdaten
2022-05-16;0,17;Rohdaten
2022-05-17;0,17;Rohdaten
2022-05-18;0,16;Rohdaten
2022-05-19;0,17;Rohdaten
2022-05-20;0,16;Rohdaten
2022-05-21;0,16;Rohdaten
2022-05-22;0,16;Rohdaten
2022-05-23;0,16;Rohdaten
2022-05-24;0,16;Rohdaten
2022-05-25;0,15;Rohdaten
2022-05-26;0,15;Rohdaten
2022-05-27;0,15;Rohdaten
2022-05-28;0,15;Rohdaten
2022-05-29;0,15;Rohdaten
2022-05-30;0,15;Rohdaten
2022-05-31;0,14;Rohdaten
2022-06-01;0,14;Rohdaten
2022-06-02;0,14;Rohdaten
2022-06-03;0,14;Rohdaten
2022-06-04;0,14;Rohdaten
2022-06-05;0,14;Rohdaten
2022-06-06;0,13;Rohdaten
2022-06-07;0,13;Rohdaten
2022-06-08;0,13;Rohdaten
2022-06-09;0,13;Rohdaten
2022-06-10;0,13;Rohdaten
2022-06-11;0,12;Rohdaten
2022-06-12;0,12;Rohdaten
2022-06-13;0,12;Rohdaten
2022-06-14;0,12;Rohdaten
2022-06-15;0,12;Rohdaten
2022-06-16;0,12;Rohdaten
2022-06-17;0,11;Rohdaten
2022-06-18;0,11;Rohdaten
2022-06-19;0,11;Rohdaten
2022-06-20;0,11;Rohdaten
2022-06-21;0,11;Rohdaten
2022-06-22;0,11;Rohdaten
2022-06-23;0,10;Rohdaten
2022-06-24;0,10;Rohdaten
2022-06-25;0,10;Rohdaten
2022-06-26;0,10;Rohdaten
2022-06-27;0,10;Rohdaten
2022-06-28;0,10;Rohdaten
2022-06-29;0,09;Rohdaten
2022-06-30;0,09;Rohdaten
2022-07-01;0,09;Rohdaten
2022-07-02;0,09;Rohdaten
2022-07-03;0,09;Rohdaten
2022-07-04;0,09;Rohdaten
2022-07-05;0,09;Rohdaten
2022-07-06;0,08;Rohdaten
2022-07-07;0,08;Rohdaten
2022-07-08;0,08;Rohdaten
2022-07-09;0,08;Rohdaten
2022-07-10;0,08;Rohdaten
2022-07-11;0,08;Rohdaten
2022-07-12;0,08;Rohdaten
2022-07-13;0,07;Rohdaten
2022-07-14;0,07;Rohdaten
2022-07-15;0,07;Rohdaten
2022-07-16;0,07;Rohdaten
2022-07-17;0,07;Rohdaten
2022-07-18;0,07;Rohdaten
2022-07-19;0,07;Rohdaten
2022-07-20;0,07;Rohdaten
2022-07-21;0,07;Rohdaten
2022-07-22;0,06;Rohdaten
2022-07-23;0,06;Rohdaten
2022-07-24;0,06;Rohdaten
2022-07-25;0,06;Rohdaten
2022-07-26;0,06;Rohdaten
2022-07-27;0,06;Rohdaten
2022-07-28;0,06;Rohdaten
2022-07-29;0,06;Rohdaten
2022-07-30;0,06;Rohdaten
2022-07-31;0,06;Rohdaten
2022-08-01;0,06;Rohdaten
2022-08-02;0,06;Rohdaten
2022-08-03;0,06;Rohdaten
2022-08-04;0,06;Rohdaten
2022-08-05;0,05;Rohdaten
2022-08-06;0,05;Rohdaten
2022-08-07;0,05;Rohdaten
2022-08-08;0,05;Rohdaten
2022-08-09;0,05;Rohdaten
2022-08-10;0,05;Rohdaten
2022-08-11;0,05;Rohdaten
2022-08-12;0,05;Rohdaten
2022-08-13;0,05;Rohdaten
2022-08-14;0,05;Rohdaten
2022-08-15;0,05;Rohdaten
2022-08-16;0,05;Rohdaten
2022-08-17;0,05;Rohdaten
2022-08-18;0,05;Rohdaten
2022-08-19;0,05;Rohdaten
2022-08-20;0,05;Rohdaten
2022-08-21;0,05;Rohdaten
2022-08-22;0,04;Rohdaten
2022-08-23;0,04;Rohdaten
2022-08-24;0,04;Rohdaten
2022-08-25;0,04;Rohdaten
2022-08-26;0,04;Rohdaten
2022-08-27;0,04;Rohdaten
2022-08-28;0,04;Rohdaten
2022-08-29;0,04;Rohdaten
2022-08-30;0,04;Rohdaten
2022-08-31;0,04;Rohdaten
2022-09-01;0,04;Rohdaten
2022-09-02;0,04;Rohdaten
2022-09-03;0,04;Rohdaten
2022-09-04;0,04;Rohdaten
2022-09-05;0,04;Rohdaten
2022-09-06;0,04;Rohdaten
2022-09-07;0,04;Rohdaten
2022-09-08;0,04;Rohdaten
2022-09-09;0,04;Rohdaten
2022-09-10;0,04;Rohdaten
2022-09-11;0,04;Rohdaten
2022-09-12;0,04;Rohdaten
2022-09-13;0,04;Rohdaten
2022-09-14;0,04;Rohdaten
2022-09-15;0,04;Rohdaten
2022-09-16;0,04;Rohdaten
2022-09-17;0,04;Rohdaten
2022-09-18;0,04;Rohdaten
2022-09-19;0,04;Rohdaten
2022-09-20;0,04;Rohdaten
2022-09-21;0,04;Rohdaten
2022-09-22;0,04;Rohdaten
2022-09-23;0,04;Rohdaten
2022-09-24;0,04;Rohdaten
2022-09-25;0,04;Rohdaten
2022-09-26;0,04;Rohdaten
2022-09-27;0,04;Rohdaten
2022-09-28;0,04;Rohdaten
2022-09-29;0,04;Rohdaten
2022-09-30;0,04;Rohdaten
2022-10-01;0,04;Rohdaten
2022-10-02;0,04;Rohdaten
2022-10-03;0,04;Rohdaten
2022-10-04;0,05;Rohdaten
2022-10-05;0,05;Rohdaten
2022-10-06;0,05;Rohdaten
2022-10-07;0,05;Rohdaten
2022-10-08;0,06;Rohdaten
2022-10-09;0,06;Rohdaten
2022-10-10;0,06;Rohdaten
2022-10-11;0,06;Rohdaten
2022-10-12;0,06;Rohdaten
2022-10-13;0,06;Rohdaten
2022-10-14;0,06;Rohdaten
2022-10-15;0,06;Rohdaten
2022-10-16;0,06;Rohdaten
2022-10-17;0,07;Rohdaten
2022-10-18;0,06;Rohdaten
2022-10-19;0,06;Rohdaten
2022-10-20;0,07;Rohdaten
2022-10-21;0,07;Rohdaten
2022-10-22;0,07;Rohdaten
2022-10-23;0,07;Rohdaten
2022-10-24;0,07;Rohdaten
2022-10-25;0,07;Rohdaten
2022-10-26;0,07;Rohdaten
2022-10-27;0,07;Rohdaten
2022-10-28;0,07;Rohdaten
2022-10-29;0,07;Rohdaten
2022-10-30;0,07;Rohdaten
2022-10-31;0,07;Rohdaten
2022-11-01;0,07;Rohdaten
2022-11-02;0,06;Rohdaten
2022-11-03;0,06;Rohdaten
2022-11-04;0,06;Rohdaten
2022-11-05;0,06;Rohdaten
2022-11-06;0,06;Rohdaten
2022-11-07;0,06;Rohdaten
2022-11-08;0,06;Rohdaten
2022-11-09;0,06;Rohdaten
2022-11-10;0,06;Rohdaten
2022-11-11;0,06;Rohdaten
2022-11-12;0,06;Rohdaten
2022-11-13;0,06;Rohdaten
2022-11-14;0,06;Rohdaten
2022-11-15;0,06;Rohdaten
2022-11-16;0,06;Rohdaten
2022-11-17;0,06;Rohdaten
2022-11-18;0,06;Rohdaten
2022-11-19;0,06;Rohdaten
2022-11-20;0,06;Rohdaten
2022-11-21;0,06;Rohdaten
2022-11-22;0,06;Rohdaten
2022-11-23;0,06;Rohdaten
2022-11-24;0,06;Rohdaten
2022-11-25;0,06;Rohdaten
2022-11-26;0,06;Rohdaten
2022-11-27;0,06;Rohdaten
2022-11-28;0,06;Rohdaten
2022-11-29;0,06;Rohdaten
2022-11-30;0,06;Rohdaten
2022-12-01;0,06;Rohdaten
2022-12-02;0,06;Rohdaten
2022-12-03;0,06;Rohdaten
2022-12-04;0,06;Rohdaten
2022-12-05;0,06;Rohdaten
2022-12-06;0,06;Rohdaten
2022-12-07;0,07;Rohdaten
2022-12-08;0,07;Rohdaten
2022-12-09;0,07;Rohdaten
2022-12-10;0,07;Rohdaten
2022-12-11;0,07;Rohdaten
2022-12-12;0,07;Rohdaten
2022-12-13;0,07;Rohdaten
2022-12-14;0,07;Rohdaten
2022-12-15;0,07;Rohdaten
2022-12-16;0,07;Rohdaten
2022-12-17;0,07;Rohdaten
2022-12-18;0,07;Rohdaten
2022-12-19;0,07;Rohdaten
2022-12-20;0,08;Rohdaten
2022-12-21;0,08;Rohdaten
2022-12-22;0,08;Rohdaten
2022-12-23;0,09;Rohdaten
2022-12-24;0,09;Rohdaten
2022-12-25;0,09;Rohdaten
2022-12-26;0,09;Rohdaten
2022-12-27;0,10;Rohdaten
2022-12-28;0,13;Rohdaten
2022-12-29;0,22;Rohdaten
2022-12-30;0,24;Rohdaten
2022-12-31;0,25;Rohdaten
