﻿Quelle:;"Bayerisches Landesamt für Umwelt, www.gkd.bayern.de"
Datenbankabfrage:;"24.02.2023 15:39"
Zeitbezug:;MEZ
Messstellen-Name:;Weissbrunnen
Messstellen-Nr.:;5506
Ostwert:;668377;Nordwert:;5572101;"ETRS89 / UTM Zone 32N"

Datum;"Quellschüttung [l/s]";Prüfstatus
2023-02-01;13,66;Rohdaten
2023-02-02;15,43;Rohdaten
2023-02-03;17,95;Rohdaten
2023-02-04;21,01;Rohdaten
2023-02-05;21,13;Rohdaten
2023-02-06;20,28;Rohdaten
2023-02-07;19,11;Rohdaten
2023-02-08;18,22;Rohdaten
2023-02-09;17,45;Rohdaten
2023-02-10;16,57;Rohdaten
2023-02-11;15,98;Rohdaten
2023-02-12;15,48;Rohdaten
2023-02-13;15,07;Rohdaten
2023-02-14;14,62;Rohdaten
2023-02-15;14,16;Rohdaten
2023-02-16;13,70;Rohdaten
2023-02-17;13,19;Rohdaten
2023-02-18;12,59;Rohdaten
2023-02-19;12,22;Rohdaten
2023-02-20;12,27;Rohdaten
2023-02-21;12,17;Rohdaten
2023-02-22;12,21;Rohdaten
2023-02-23;12,22;Rohdaten
