﻿Quelle:;"Bayerisches Landesamt für Umwelt, www.gkd.bayern.de"
Datenbankabfrage:;"24.02.2023 15:39"
Zeitbezug:;MEZ
Messstellen-Name:;"Aschenbrunnen Pottenstein"
Messstellen-Nr.:;6516
Ostwert:;675112;Nordwert:;5515890;"ETRS89 / UTM Zone 32N"

Datum;"Quellschüttung [l/s]";Prüfstatus
2023-02-01;11,08;Rohdaten
2023-02-02;11,15;Rohdaten
2023-02-03;11,44;Rohdaten
2023-02-04;11,59;Rohdaten
2023-02-05;11,51;Rohdaten
2023-02-06;11,39;Rohdaten
2023-02-07;11,35;Rohdaten
2023-02-08;11,38;Rohdaten
2023-02-09;11,37;Rohdaten
2023-02-10;11,37;Rohdaten
2023-02-11;11,40;Rohdaten
2023-02-12;11,38;Rohdaten
2023-02-13;11,38;Rohdaten
2023-02-14;11,40;Rohdaten
2023-02-15;11,38;Rohdaten
2023-02-16;11,26;Rohdaten
2023-02-17;11,30;Rohdaten
2023-02-18;11,32;Rohdaten
2023-02-19;11,37;Rohdaten
2023-02-20;11,42;Rohdaten
2023-02-21;11,47;Rohdaten
2023-02-22;11,44;Rohdaten
2023-02-23;11,45;Rohdaten
