﻿Quelle:;"Bayerisches Landesamt für Umwelt, www.gkd.bayern.de"
Datenbankabfrage:;"24.02.2023 16:00"
Zeitbezug:;MEZ
Messstellen-Name:;"Bergmannsquellen 9/16"
Messstellen-Nr.:;2521
Ostwert:;684820;Nordwert:;5506414;"ETRS89 / UTM Zone 32N"

Datum;"Quellschüttung [l/s]";Prüfstatus
2014-11-22;57,29;Rohdaten
2014-11-23;57,00;Rohdaten
2014-11-24;57,10;Rohdaten
2014-11-25;57,23;Rohdaten
2014-11-26;57,46;Rohdaten
2014-11-27;57,51;Rohdaten
2014-11-28;57,10;Rohdaten
2014-11-29;56,94;Rohdaten
2014-11-30;57,12;Rohdaten
2014-12-01;57,33;Rohdaten
2014-12-02;57,23;Rohdaten
2014-12-03;57,30;Rohdaten
2014-12-04;57,58;Rohdaten
2014-12-05;57,47;Rohdaten
2014-12-06;57,23;Rohdaten
2014-12-07;57,46;Rohdaten
2014-12-08;57,55;Rohdaten
2014-12-09;57,07;Rohdaten
2014-12-10;57,70;Rohdaten
2014-12-11;59,75;Rohdaten
2014-12-12;62,73;Rohdaten
2014-12-13;62,17;Rohdaten
2014-12-14;61,73;Rohdaten
2014-12-15;61,73;Rohdaten
2014-12-16;62,20;Rohdaten
2014-12-17;61,49;Rohdaten
2014-12-18;60,64;Rohdaten
2014-12-19;60,89;Rohdaten
2014-12-20;;Rohdaten
2014-12-21;61,55;Rohdaten
2014-12-22;61,23;Rohdaten
2014-12-23;60,05;Rohdaten
2014-12-24;59,94;Rohdaten
2014-12-25;59,90;Rohdaten
2014-12-26;59,60;Rohdaten
2014-12-27;60,50;Rohdaten
2014-12-28;59,36;Rohdaten
2014-12-29;59,29;Rohdaten
2014-12-30;59,21;Rohdaten
2014-12-31;59,28;Rohdaten
2015-01-01;59,27;Rohdaten
2015-01-02;59,94;Rohdaten
2015-01-03;60,65;Rohdaten
2015-01-04;60,56;Rohdaten
2015-01-05;60,52;Rohdaten
2015-01-06;60,40;Rohdaten
2015-01-07;60,06;Rohdaten
2015-01-08;60,31;Rohdaten
2015-01-09;62,73;Rohdaten
2015-01-10;65,23;Rohdaten
2015-01-11;67,22;Rohdaten
2015-01-12;67,49;Rohdaten
2015-01-13;68,95;Rohdaten
2015-01-14;69,27;Rohdaten
2015-01-15;67,16;Rohdaten
2015-01-16;65,81;Rohdaten
2015-01-17;65,17;Rohdaten
2015-01-18;64,86;Rohdaten
2015-01-19;64,89;Rohdaten
2015-01-20;64,59;Rohdaten
2015-01-21;64,27;Rohdaten
2015-01-22;63,89;Rohdaten
2015-01-23;63,08;Rohdaten
2015-01-24;63,20;Rohdaten
2015-01-25;62,68;Rohdaten
2015-01-26;63,12;Rohdaten
2015-01-27;63,28;Rohdaten
2015-01-28;63,55;Rohdaten
2015-01-29;64,29;Rohdaten
2015-01-30;64,62;Rohdaten
2015-01-31;63,81;Rohdaten
2015-02-01;63,29;Rohdaten
2015-02-02;62,66;Rohdaten
2015-02-03;62,30;Rohdaten
2015-02-04;61,87;Rohdaten
2015-02-05;61,51;Rohdaten
2015-02-06;61,29;Rohdaten
2015-02-07;61,33;Rohdaten
2015-02-08;61,37;Rohdaten
2015-02-09;61,15;Rohdaten
2015-02-10;61,35;Rohdaten
2015-02-11;61,33;Rohdaten
2015-02-12;61,25;Rohdaten
2015-02-13;61,60;Rohdaten
2015-02-14;61,70;Rohdaten
2015-02-15;61,55;Rohdaten
2015-02-16;61,06;Rohdaten
2015-02-17;60,64;Rohdaten
2015-02-18;60,37;Rohdaten
2015-02-19;60,93;Rohdaten
2015-02-20;61,17;Rohdaten
2015-02-21;61,91;Rohdaten
2015-02-22;61,28;Rohdaten
2015-02-23;61,66;Rohdaten
2015-02-24;61,17;Rohdaten
2015-02-25;60,77;Rohdaten
2015-02-26;60,83;Rohdaten
2015-02-27;60,86;Rohdaten
2015-02-28;60,74;Rohdaten
2015-03-01;61,09;Rohdaten
2015-03-02;63,35;Rohdaten
2015-03-03;63,82;Rohdaten
2015-03-04;62,33;Rohdaten
2015-03-05;62,18;Rohdaten
2015-03-06;62,04;Rohdaten
2015-03-07;62,24;Rohdaten
2015-03-08;62,27;Rohdaten
2015-03-09;62,15;Rohdaten
2015-03-10;62,12;Rohdaten
2015-03-11;62,22;Rohdaten
2015-03-12;61,93;Rohdaten
2015-03-13;62,43;Rohdaten
2015-03-14;61,80;Rohdaten
2015-03-15;61,58;Rohdaten
2015-03-16;61,62;Rohdaten
2015-03-17;61,57;Rohdaten
2015-03-18;61,39;Rohdaten
2015-03-19;61,08;Rohdaten
2015-03-20;61,15;Rohdaten
2015-03-21;61,20;Rohdaten
2015-03-22;60,58;Rohdaten
2015-03-23;60,85;Rohdaten
2015-03-24;60,87;Rohdaten
2015-03-25;60,71;Rohdaten
2015-03-26;60,49;Rohdaten
2015-03-27;60,08;Rohdaten
2015-03-28;59,98;Rohdaten
2015-03-29;61,49;Rohdaten
2015-03-30;62,50;Rohdaten
2015-03-31;64,84;Rohdaten
2015-04-01;64,45;Rohdaten
2015-04-02;63,50;Rohdaten
2015-04-03;63,25;Rohdaten
2015-04-04;63,20;Rohdaten
2015-04-05;62,76;Rohdaten
2015-04-06;62,16;Rohdaten
2015-04-07;62,33;Rohdaten
2015-04-08;62,00;Rohdaten
2015-04-09;62,32;Rohdaten
2015-04-10;62,66;Rohdaten
2015-04-11;61,93;Rohdaten
2015-04-12;61,58;Rohdaten
2015-04-13;61,69;Rohdaten
2015-04-14;61,83;Rohdaten
2015-04-15;63,45;Rohdaten
2015-04-16;63,66;Rohdaten
2015-04-17;63,61;Rohdaten
2015-04-18;62,62;Rohdaten
2015-04-19;62,81;Rohdaten
2015-04-20;62,47;Rohdaten
2015-04-21;62,77;Rohdaten
2015-04-22;64,08;Rohdaten
2015-04-23;65,22;Rohdaten
2015-04-24;65,54;Rohdaten
2015-04-25;65,44;Rohdaten
2015-04-26;65,79;Rohdaten
2015-04-27;65,95;Rohdaten
2015-04-28;65,30;Rohdaten
2015-04-29;64,76;Rohdaten
2015-04-30;66,38;Rohdaten
2015-05-01;68,29;Rohdaten
2015-05-02;68,64;Rohdaten
2015-05-03;68,84;Rohdaten
2015-05-04;66,94;Rohdaten
2015-05-05;67,32;Rohdaten
2015-05-06;67,15;Rohdaten
2015-05-07;66,36;Rohdaten
2015-05-08;65,02;Rohdaten
2015-05-09;64,38;Rohdaten
2015-05-10;64,34;Rohdaten
2015-05-11;65,19;Rohdaten
2015-05-12;64,03;Rohdaten
2015-05-13;65,53;Rohdaten
2015-05-14;64,89;Rohdaten
2015-05-15;64,36;Rohdaten
2015-05-16;64,35;Rohdaten
2015-05-17;63,64;Rohdaten
2015-05-18;64,00;Rohdaten
2015-05-19;64,39;Rohdaten
2015-05-20;64,79;Rohdaten
2015-05-21;63,33;Rohdaten
2015-05-22;62,93;Rohdaten
2015-05-23;63,42;Rohdaten
2015-05-24;63,26;Rohdaten
2015-05-25;63,23;Rohdaten
2015-05-26;63,17;Rohdaten
2015-05-27;62,88;Rohdaten
2015-05-28;63,05;Rohdaten
2015-05-29;63,30;Rohdaten
2015-05-30;63,50;Rohdaten
2015-05-31;62,89;Rohdaten
2015-06-01;62,96;Rohdaten
2015-06-02;62,83;Rohdaten
2015-06-03;62,44;Rohdaten
2015-06-04;62,34;Rohdaten
2015-06-05;62,28;Rohdaten
2015-06-06;62,47;Rohdaten
2015-06-07;62,28;Rohdaten
2015-06-08;62,77;Rohdaten
2015-06-09;62,66;Rohdaten
2015-06-10;62,37;Rohdaten
2015-06-11;62,34;Rohdaten
2015-06-12;62,56;Rohdaten
2015-06-13;62,18;Rohdaten
2015-06-14;62,29;Rohdaten
2015-06-15;61,79;Rohdaten
2015-06-16;61,41;Rohdaten
2015-06-17;61,19;Rohdaten
2015-06-18;61,73;Rohdaten
2015-06-19;61,81;Rohdaten
2015-06-20;61,64;Rohdaten
2015-06-21;61,94;Rohdaten
2015-06-22;62,43;Rohdaten
2015-06-23;62,70;Rohdaten
2015-06-24;62,12;Rohdaten
2015-06-25;61,72;Rohdaten
2015-06-26;62,04;Rohdaten
2015-06-27;62,14;Rohdaten
2015-06-28;61,85;Rohdaten
2015-06-29;61,36;Rohdaten
2015-06-30;61,55;Rohdaten
2015-07-01;61,32;Rohdaten
2015-07-02;61,05;Rohdaten
2015-07-03;61,23;Rohdaten
2015-07-04;61,62;Rohdaten
2015-07-05;61,77;Rohdaten
2015-07-06;61,44;Rohdaten
2015-07-07;62,31;Rohdaten
2015-07-08;62,59;Rohdaten
2015-07-09;62,08;Rohdaten
2015-07-10;62,00;Rohdaten
2015-07-11;;Rohdaten
2015-07-12;;Rohdaten
2015-07-13;;Rohdaten
2015-07-14;;Rohdaten
2015-07-15;;Rohdaten
2015-07-16;;Rohdaten
2015-07-17;;Rohdaten
2015-07-18;;Rohdaten
2015-07-19;;Rohdaten
2015-07-20;61,22;Rohdaten
2015-07-21;61,26;Rohdaten
2015-07-22;61,76;Rohdaten
2015-07-23;61,60;Rohdaten
2015-07-24;62,82;Rohdaten
2015-07-25;62,39;Rohdaten
2015-07-26;62,05;Rohdaten
2015-07-27;62,75;Rohdaten
2015-07-28;;Rohdaten
2015-07-29;;Rohdaten
2015-07-30;;Rohdaten
2015-07-31;;Rohdaten
2015-08-01;;Rohdaten
2015-08-02;;Rohdaten
2015-08-03;;Rohdaten
2015-08-04;61,30;Rohdaten
2015-08-05;;Rohdaten
2015-08-06;;Rohdaten
2015-08-07;61,48;Rohdaten
2015-08-08;62,51;Rohdaten
2015-08-09;63,59;Rohdaten
2015-08-10;63,01;Rohdaten
2015-08-11;60,87;Rohdaten
2015-08-12;60,72;Rohdaten
2015-08-13;61,16;Rohdaten
2015-08-14;61,13;Rohdaten
2015-08-15;61,41;Rohdaten
2015-08-16;61,44;Rohdaten
2015-08-17;61,24;Rohdaten
2015-08-18;61,12;Rohdaten
2015-08-19;60,93;Rohdaten
2015-08-20;;Rohdaten
2015-08-21;61,08;Rohdaten
2015-08-22;61,18;Rohdaten
2015-08-23;61,43;Rohdaten
2015-08-24;60,79;Rohdaten
2015-08-25;;Rohdaten
2015-08-26;;Rohdaten
2015-08-27;;Rohdaten
2015-08-28;;Rohdaten
2015-08-29;;Rohdaten
2015-08-30;;Rohdaten
2015-08-31;;Rohdaten
2015-09-01;;Rohdaten
2015-09-02;60,53;Rohdaten
2015-09-03;60,51;Rohdaten
2015-09-04;60,41;Rohdaten
2015-09-05;60,22;Rohdaten
2015-09-06;59,85;Rohdaten
2015-09-07;59,85;Rohdaten
2015-09-08;60,01;Rohdaten
2015-09-09;59,82;Rohdaten
2015-09-10;59,75;Rohdaten
2015-09-11;59,99;Rohdaten
2015-09-12;59,83;Rohdaten
2015-09-13;60,07;Rohdaten
2015-09-14;59,75;Rohdaten
2015-09-15;60,05;Rohdaten
2015-09-16;60,34;Rohdaten
2015-09-17;59,88;Rohdaten
2015-09-18;59,47;Rohdaten
2015-09-19;59,53;Rohdaten
2015-09-20;59,62;Rohdaten
2015-09-21;60,13;Rohdaten
2015-09-22;60,34;Rohdaten
2015-09-23;60,19;Rohdaten
2015-09-24;59,49;Rohdaten
2015-09-25;59,27;Rohdaten
2015-09-26;58,91;Rohdaten
2015-09-27;58,80;Rohdaten
2015-09-28;58,76;Rohdaten
2015-09-29;58,86;Rohdaten
2015-09-30;58,75;Rohdaten
2015-10-01;58,82;Rohdaten
2015-10-02;59,22;Rohdaten
2015-10-03;59,40;Rohdaten
2015-10-04;59,44;Rohdaten
2015-10-05;59,73;Rohdaten
2015-10-06;60,13;Rohdaten
2015-10-07;60,15;Rohdaten
2015-10-08;60,25;Rohdaten
2015-10-09;60,15;Rohdaten
2015-10-10;60,16;Rohdaten
2015-10-11;60,17;Rohdaten
2015-10-12;59,63;Rohdaten
2015-10-13;59,91;Rohdaten
2015-10-14;59,87;Rohdaten
2015-10-15;60,25;Rohdaten
2015-10-16;60,13;Rohdaten
2015-10-17;60,46;Rohdaten
2015-10-18;60,14;Rohdaten
2015-10-19;60,10;Rohdaten
2015-10-20;59,08;Rohdaten
2015-10-21;59,70;Rohdaten
2015-10-22;59,44;Rohdaten
2015-10-23;59,22;Rohdaten
2015-10-24;59,54;Rohdaten
2015-10-25;59,18;Rohdaten
2015-10-26;59,06;Rohdaten
2015-10-27;59,84;Rohdaten
2015-10-28;60,51;Rohdaten
2015-10-29;59,99;Rohdaten
2015-10-30;59,33;Rohdaten
2015-10-31;59,01;Rohdaten
2015-11-01;58,95;Rohdaten
2015-11-02;59,15;Rohdaten
2015-11-03;59,35;Rohdaten
2015-11-04;59,48;Rohdaten
2015-11-05;58,78;Rohdaten
2015-11-06;57,41;Rohdaten
2015-11-07;57,62;Rohdaten
2015-11-08;57,09;Rohdaten
2015-11-09;57,44;Rohdaten
2015-11-10;57,00;Rohdaten
2015-11-11;56,07;Rohdaten
2015-11-12;53,23;Rohdaten
2015-11-13;52,23;Rohdaten
2015-11-14;52,42;Rohdaten
2015-11-15;52,54;Rohdaten
2015-11-16;51,93;Rohdaten
2015-11-17;52,11;Rohdaten
2015-11-18;52,55;Rohdaten
2015-11-19;52,50;Rohdaten
2015-11-20;53,91;Rohdaten
2015-11-21;57,09;Rohdaten
2015-11-22;58,26;Rohdaten
2015-11-23;57,35;Rohdaten
2015-11-24;;Rohdaten
2015-11-25;57,71;Rohdaten
2015-11-26;57,25;Rohdaten
2015-11-27;57,05;Rohdaten
2015-11-28;56,90;Rohdaten
2015-11-29;56,46;Rohdaten
2015-11-30;57,54;Rohdaten
2015-12-01;60,06;Rohdaten
2015-12-02;62,20;Rohdaten
2015-12-03;63,17;Rohdaten
2015-12-04;63,01;Rohdaten
2015-12-05;63,24;Rohdaten
2015-12-06;63,29;Rohdaten
2015-12-07;63,17;Rohdaten
2015-12-08;63,23;Rohdaten
2015-12-09;63,43;Rohdaten
2015-12-10;63,58;Rohdaten
2015-12-11;63,74;Rohdaten
2015-12-12;64,10;Rohdaten
2015-12-13;64,13;Rohdaten
2015-12-14;64,06;Rohdaten
2015-12-15;63,71;Rohdaten
2015-12-16;61,84;Rohdaten
2015-12-17;59,30;Rohdaten
2015-12-18;58,40;Rohdaten
2015-12-19;57,88;Rohdaten
2015-12-20;57,58;Rohdaten
2015-12-21;57,38;Rohdaten
2015-12-22;57,47;Rohdaten
2015-12-23;56,44;Rohdaten
2015-12-24;55,89;Rohdaten
2015-12-25;55,35;Rohdaten
2015-12-26;55,27;Rohdaten
2015-12-27;54,54;Rohdaten
2015-12-28;54,04;Rohdaten
2015-12-29;53,99;Rohdaten
2015-12-30;53,90;Rohdaten
2015-12-31;53,75;Rohdaten
2016-01-01;53,69;Rohdaten
2016-01-02;53,85;Rohdaten
2016-01-03;53,94;Rohdaten
2016-01-04;54,46;Rohdaten
2016-01-05;53,83;Rohdaten
2016-01-06;53,73;Rohdaten
2016-01-07;53,83;Rohdaten
2016-01-08;53,71;Rohdaten
2016-01-09;53,73;Rohdaten
2016-01-10;53,91;Rohdaten
2016-01-11;54,85;Rohdaten
2016-01-12;55,65;Rohdaten
2016-01-13;56,61;Rohdaten
2016-01-14;57,11;Rohdaten
2016-01-15;57,25;Rohdaten
2016-01-16;57,50;Rohdaten
2016-01-17;57,78;Rohdaten
2016-01-18;58,03;Rohdaten
2016-01-19;58,26;Rohdaten
2016-01-20;58,52;Rohdaten
2016-01-21;58,64;Rohdaten
2016-01-22;58,33;Rohdaten
2016-01-23;58,35;Rohdaten
2016-01-24;58,49;Rohdaten
2016-01-25;58,85;Rohdaten
2016-01-26;60,41;Rohdaten
2016-01-27;60,81;Rohdaten
2016-01-28;61,18;Rohdaten
2016-01-29;60,10;Rohdaten
2016-01-30;60,35;Rohdaten
2016-01-31;60,59;Rohdaten
2016-02-01;61,97;Rohdaten
2016-02-02;62,70;Rohdaten
2016-02-03;63,16;Rohdaten
2016-02-04;63,07;Rohdaten
2016-02-05;63,16;Rohdaten
2016-02-06;63,68;Rohdaten
2016-02-07;63,81;Rohdaten
2016-02-08;63,80;Rohdaten
2016-02-09;64,81;Rohdaten
2016-02-10;65,79;Rohdaten
2016-02-11;67,33;Rohdaten
2016-02-12;66,48;Rohdaten
2016-02-13;66,40;Rohdaten
2016-02-14;68,96;Rohdaten
2016-02-15;67,37;Rohdaten
2016-02-16;65,35;Rohdaten
2016-02-17;65,32;Rohdaten
2016-02-18;65,33;Rohdaten
2016-02-19;64,98;Rohdaten
2016-02-20;65,59;Rohdaten
2016-02-21;67,27;Rohdaten
2016-02-22;68,09;Rohdaten
2016-02-23;68,16;Rohdaten
2016-02-24;68,58;Rohdaten
2016-02-25;68,71;Rohdaten
2016-02-26;68,31;Rohdaten
2016-02-27;68,33;Rohdaten
2016-02-28;67,87;Rohdaten
2016-02-29;67,85;Rohdaten
2016-03-01;67,89;Rohdaten
2016-03-02;68,57;Rohdaten
2016-03-03;68,37;Rohdaten
2016-03-04;68,60;Rohdaten
2016-03-05;68,55;Rohdaten
2016-03-06;68,66;Rohdaten
2016-03-07;68,19;Rohdaten
2016-03-08;67,79;Rohdaten
2016-03-09;68,13;Rohdaten
2016-03-10;67,51;Rohdaten
2016-03-11;67,05;Rohdaten
2016-03-12;66,88;Rohdaten
2016-03-13;66,95;Rohdaten
2016-03-14;67,02;Rohdaten
2016-03-15;66,98;Rohdaten
2016-03-16;66,05;Rohdaten
2016-03-17;65,94;Rohdaten
2016-03-18;66,32;Rohdaten
2016-03-19;65,94;Rohdaten
2016-03-20;65,98;Rohdaten
2016-03-21;65,59;Rohdaten
2016-03-22;65,51;Rohdaten
2016-03-23;65,39;Rohdaten
2016-03-24;64,94;Rohdaten
2016-03-25;65,13;Rohdaten
2016-03-26;64,74;Rohdaten
2016-03-27;64,72;Rohdaten
2016-03-28;65,23;Rohdaten
2016-03-29;64,95;Rohdaten
2016-03-30;64,83;Rohdaten
2016-03-31;64,85;Rohdaten
2016-04-01;64,72;Rohdaten
2016-04-02;64,83;Rohdaten
2016-04-03;65,04;Rohdaten
2016-04-04;64,93;Rohdaten
2016-04-05;64,81;Rohdaten
2016-04-06;64,34;Rohdaten
2016-04-07;64,25;Rohdaten
2016-04-08;64,13;Rohdaten
2016-04-09;63,89;Rohdaten
2016-04-10;63,64;Rohdaten
2016-04-11;63,42;Rohdaten
2016-04-12;63,52;Rohdaten
2016-04-13;63,65;Rohdaten
2016-04-14;63,30;Rohdaten
2016-04-15;63,39;Rohdaten
2016-04-16;63,74;Rohdaten
2016-04-17;64,23;Rohdaten
2016-04-18;63,31;Rohdaten
2016-04-19;63,14;Rohdaten
2016-04-20;62,84;Rohdaten
2016-04-21;63,09;Rohdaten
2016-04-22;63,23;Rohdaten
2016-04-23;63,28;Rohdaten
2016-04-24;63,02;Rohdaten
2016-04-25;62,91;Rohdaten
2016-04-26;64,20;Rohdaten
2016-04-27;63,06;Rohdaten
2016-04-28;62,58;Rohdaten
2016-04-29;62,36;Rohdaten
2016-04-30;62,43;Rohdaten
2016-05-01;62,13;Rohdaten
2016-05-02;61,90;Rohdaten
2016-05-03;61,99;Rohdaten
2016-05-04;61,69;Rohdaten
2016-05-05;61,84;Rohdaten
2016-05-06;61,90;Rohdaten
2016-05-07;61,82;Rohdaten
2016-05-08;61,48;Rohdaten
2016-05-09;61,23;Rohdaten
2016-05-10;61,35;Rohdaten
2016-05-11;61,45;Rohdaten
2016-05-12;61,63;Rohdaten
2016-05-13;61,30;Rohdaten
2016-05-14;60,61;Rohdaten
2016-05-15;60,13;Rohdaten
2016-05-16;60,37;Rohdaten
2016-05-17;60,29;Rohdaten
2016-05-18;60,62;Rohdaten
2016-05-19;60,57;Rohdaten
2016-05-20;60,22;Rohdaten
2016-05-21;59,93;Rohdaten
2016-05-22;60,23;Rohdaten
2016-05-23;60,43;Rohdaten
2016-05-24;62,10;Rohdaten
2016-05-25;61,49;Rohdaten
2016-05-26;61,38;Rohdaten
2016-05-27;60,92;Rohdaten
2016-05-28;60,19;Rohdaten
2016-05-29;60,79;Rohdaten
2016-05-30;61,39;Rohdaten
2016-05-31;60,41;Rohdaten
2016-06-01;60,19;Rohdaten
2016-06-02;60,49;Rohdaten
2016-06-03;61,41;Rohdaten
2016-06-04;61,16;Rohdaten
2016-06-05;60,77;Rohdaten
2016-06-06;59,98;Rohdaten
2016-06-07;59,31;Rohdaten
2016-06-08;59,62;Rohdaten
2016-06-09;59,68;Rohdaten
2016-06-10;;Rohdaten
2016-06-11;;Rohdaten
2016-06-12;59,81;Rohdaten
2016-06-13;60,65;Rohdaten
2016-06-14;60,83;Rohdaten
2016-06-15;60,50;Rohdaten
2016-06-16;60,57;Rohdaten
2016-06-17;61,70;Rohdaten
2016-06-18;;Rohdaten
2016-06-19;;Rohdaten
2016-06-20;60,69;Rohdaten
2016-06-21;60,33;Rohdaten
2016-06-22;60,12;Rohdaten
2016-06-23;60,04;Rohdaten
2016-06-24;60,00;Rohdaten
2016-06-25;59,66;Rohdaten
2016-06-26;59,46;Rohdaten
2016-06-27;;Rohdaten
2016-06-28;59,03;Rohdaten
2016-06-29;59,32;Rohdaten
2016-06-30;59,23;Rohdaten
2016-07-01;59,03;Rohdaten
2016-07-02;59,09;Rohdaten
2016-07-03;58,84;Rohdaten
2016-07-04;58,83;Rohdaten
2016-07-05;58,99;Rohdaten
2016-07-06;58,45;Rohdaten
2016-07-07;58,15;Rohdaten
2016-07-08;58,41;Rohdaten
2016-07-09;57,94;Rohdaten
2016-07-10;58,23;Rohdaten
2016-07-11;57,94;Rohdaten
2016-07-12;57,79;Rohdaten
2016-07-13;57,87;Rohdaten
2016-07-14;58,04;Rohdaten
2016-07-15;57,79;Rohdaten
2016-07-16;57,92;Rohdaten
2016-07-17;57,76;Rohdaten
2016-07-18;57,24;Rohdaten
2016-07-19;57,30;Rohdaten
2016-07-20;57,52;Rohdaten
2016-07-21;57,71;Rohdaten
2016-07-22;57,67;Rohdaten
2016-07-23;57,46;Rohdaten
2016-07-24;57,31;Rohdaten
2016-07-25;57,10;Rohdaten
2016-07-26;57,21;Rohdaten
2016-07-27;57,29;Rohdaten
2016-07-28;57,33;Rohdaten
2016-07-29;57,38;Rohdaten
2016-07-30;57,03;Rohdaten
2016-07-31;57,25;Rohdaten
2016-08-01;56,87;Rohdaten
2016-08-02;57,06;Rohdaten
2016-08-03;57,25;Rohdaten
2016-08-04;57,27;Rohdaten
2016-08-05;57,70;Rohdaten
2016-08-06;57,24;Rohdaten
2016-08-07;56,45;Rohdaten
2016-08-08;56,73;Rohdaten
2016-08-09;56,68;Rohdaten
2016-08-10;56,58;Rohdaten
2016-08-11;56,57;Rohdaten
2016-08-12;56,71;Rohdaten
2016-08-13;56,64;Rohdaten
2016-08-14;56,22;Rohdaten
2016-08-15;56,24;Rohdaten
2016-08-16;56,11;Rohdaten
2016-08-17;56,22;Rohdaten
2016-08-18;56,10;Rohdaten
2016-08-19;55,97;Rohdaten
2016-08-20;55,85;Rohdaten
2016-08-21;55,73;Rohdaten
2016-08-22;55,39;Rohdaten
2016-08-23;55,18;Rohdaten
2016-08-24;55,10;Rohdaten
2016-08-25;55,02;Rohdaten
2016-08-26;54,94;Rohdaten
2016-08-27;54,85;Rohdaten
2016-08-28;54,77;Rohdaten
2016-08-29;54,67;Rohdaten
2016-08-30;54,35;Rohdaten
2016-08-31;56,01;Rohdaten
2016-09-01;55,69;Rohdaten
2016-09-02;55,69;Rohdaten
2016-09-03;55,70;Rohdaten
2016-09-04;55,70;Rohdaten
2016-09-05;55,39;Rohdaten
2016-09-06;54,81;Rohdaten
2016-09-07;56,52;Rohdaten
2016-09-08;56,68;Rohdaten
2016-09-09;56,61;Rohdaten
2016-09-10;56,55;Rohdaten
2016-09-11;56,48;Rohdaten
2016-09-12;56,50;Rohdaten
2016-09-13;56,57;Rohdaten
2016-09-14;56,11;Rohdaten
2016-09-15;55,64;Rohdaten
2016-09-16;55,92;Rohdaten
2016-09-17;56,91;Rohdaten
2016-09-18;58,82;Rohdaten
2016-09-19;57,21;Rohdaten
2016-09-20;56,12;Rohdaten
2016-09-21;55,39;Rohdaten
2016-09-22;54,98;Rohdaten
2016-09-23;54,76;Rohdaten
2016-09-24;54,66;Rohdaten
2016-09-25;54,78;Rohdaten
2016-09-26;54,59;Rohdaten
2016-09-27;54,98;Rohdaten
2016-09-28;54,73;Rohdaten
2016-09-29;54,88;Rohdaten
2016-09-30;55,04;Rohdaten
2016-10-01;;Rohdaten
2016-10-02;;Rohdaten
2016-10-03;55,66;Rohdaten
2016-10-04;55,86;Rohdaten
2016-10-05;55,65;Rohdaten
2016-10-06;56,30;Rohdaten
2016-10-07;56,15;Rohdaten
2016-10-08;55,62;Rohdaten
2016-10-09;55,08;Rohdaten
2016-10-10;54,65;Rohdaten
2016-10-11;55,00;Rohdaten
2016-10-12;55,06;Rohdaten
2016-10-13;55,07;Rohdaten
2016-10-14;55,43;Rohdaten
2016-10-15;56,78;Rohdaten
2016-10-16;56,92;Rohdaten
2016-10-17;56,64;Rohdaten
2016-10-18;56,54;Rohdaten
2016-10-19;59,49;Rohdaten
2016-10-20;;Rohdaten
2016-10-21;;Rohdaten
2016-10-22;;Rohdaten
2016-10-23;;Rohdaten
2016-10-24;;Rohdaten
2016-10-25;;Rohdaten
2016-10-26;54,99;Rohdaten
2016-10-27;55,34;Rohdaten
2016-10-28;54,91;Rohdaten
2016-10-29;54,41;Rohdaten
2016-10-30;54,11;Rohdaten
2016-10-31;54,24;Rohdaten
2016-11-01;54,54;Rohdaten
2016-11-02;54,68;Rohdaten
2016-11-03;54,19;Rohdaten
2016-11-04;54,57;Rohdaten
2016-11-05;54,91;Rohdaten
2016-11-06;54,66;Rohdaten
2016-11-07;54,08;Rohdaten
2016-11-08;53,73;Rohdaten
2016-11-09;53,93;Rohdaten
2016-11-10;;Rohdaten
2016-11-11;54,72;Rohdaten
2016-11-12;54,68;Rohdaten
2016-11-13;54,15;Rohdaten
2016-11-14;54,06;Rohdaten
2016-11-15;54,23;Rohdaten
2016-11-16;55,31;Rohdaten
2016-11-17;56,23;Rohdaten
2016-11-18;56,02;Rohdaten
2016-11-19;56,34;Rohdaten
2016-11-20;56,43;Rohdaten
2016-11-21;55,88;Rohdaten
2016-11-22;55,16;Rohdaten
2016-11-23;54,67;Rohdaten
2016-11-24;54,52;Rohdaten
2016-11-25;54,36;Rohdaten
2016-11-26;54,14;Rohdaten
2016-11-27;53,77;Rohdaten
2016-11-28;53,12;Rohdaten
2016-11-29;52,80;Rohdaten
2016-11-30;53,04;Rohdaten
2016-12-01;53,57;Rohdaten
2016-12-02;53,87;Rohdaten
2016-12-03;53,52;Rohdaten
2016-12-04;53,20;Rohdaten
2016-12-05;53,42;Rohdaten
2016-12-06;53,50;Rohdaten
2016-12-07;53,45;Rohdaten
2016-12-08;53,68;Rohdaten
2016-12-09;53,85;Rohdaten
2016-12-10;54,01;Rohdaten
2016-12-11;54,19;Rohdaten
2016-12-12;53,92;Rohdaten
2016-12-13;53,86;Rohdaten
2016-12-14;53,90;Rohdaten
2016-12-15;53,46;Rohdaten
2016-12-16;53,11;Rohdaten
2016-12-17;52,66;Rohdaten
2016-12-18;53,22;Rohdaten
2016-12-19;53,23;Rohdaten
2016-12-20;53,15;Rohdaten
2016-12-21;52,69;Rohdaten
2016-12-22;52,68;Rohdaten
2016-12-23;52,60;Rohdaten
2016-12-24;53,11;Rohdaten
2016-12-25;53,29;Rohdaten
2016-12-26;53,28;Rohdaten
2016-12-27;53,06;Rohdaten
2016-12-28;52,81;Rohdaten
2016-12-29;52,67;Rohdaten
2016-12-30;53,19;Rohdaten
2016-12-31;53,03;Rohdaten
2017-01-01;53,38;Rohdaten
2017-01-02;53,07;Rohdaten
2017-01-03;52,88;Rohdaten
2017-01-04;53,66;Rohdaten
2017-01-05;52,80;Rohdaten
2017-01-06;52,22;Rohdaten
2017-01-07;52,47;Rohdaten
2017-01-08;52,85;Rohdaten
2017-01-09;52,84;Rohdaten
2017-01-10;53,27;Rohdaten
2017-01-11;53,23;Rohdaten
2017-01-12;53,26;Rohdaten
2017-01-13;54,75;Rohdaten
2017-01-14;55,96;Rohdaten
2017-01-15;53,68;Rohdaten
2017-01-16;53,79;Rohdaten
2017-01-17;52,68;Rohdaten
2017-01-18;52,38;Rohdaten
2017-01-19;52,51;Rohdaten
2017-01-20;53,18;Rohdaten
2017-01-21;54,13;Rohdaten
2017-01-22;54,20;Rohdaten
2017-01-23;53,38;Rohdaten
2017-01-24;;Rohdaten
2017-01-25;52,27;Rohdaten
2017-01-26;52,24;Rohdaten
2017-01-27;52,03;Rohdaten
2017-01-28;52,42;Rohdaten
2017-01-29;52,36;Rohdaten
2017-01-30;52,77;Rohdaten
2017-01-31;52,75;Rohdaten
2017-02-01;52,75;Rohdaten
2017-02-02;53,16;Rohdaten
2017-02-03;53,17;Rohdaten
2017-02-04;53,30;Rohdaten
2017-02-05;53,22;Rohdaten
2017-02-06;52,37;Rohdaten
2017-02-07;52,93;Rohdaten
2017-02-08;52,43;Rohdaten
2017-02-09;52,43;Rohdaten
2017-02-10;52,81;Rohdaten
2017-02-11;52,42;Rohdaten
2017-02-12;52,16;Rohdaten
2017-02-13;52,03;Rohdaten
2017-02-14;51,57;Rohdaten
2017-02-15;51,49;Rohdaten
2017-02-16;51,82;Rohdaten
2017-02-17;52,35;Rohdaten
2017-02-18;52,79;Rohdaten
2017-02-19;52,99;Rohdaten
2017-02-20;53,15;Rohdaten
2017-02-21;55,37;Rohdaten
2017-02-22;57,45;Rohdaten
2017-02-23;57,48;Rohdaten
2017-02-24;55,77;Rohdaten
2017-02-25;55,43;Rohdaten
2017-02-26;56,17;Rohdaten
2017-02-27;55,90;Rohdaten
2017-02-28;56,32;Rohdaten
2017-03-01;54,92;Rohdaten
2017-03-02;54,89;Rohdaten
2017-03-03;54,71;Rohdaten
2017-03-04;55,23;Rohdaten
2017-03-05;54,53;Rohdaten
2017-03-06;54,72;Rohdaten
2017-03-07;54,58;Rohdaten
2017-03-08;54,83;Rohdaten
2017-03-09;55,01;Rohdaten
2017-03-10;54,54;Rohdaten
2017-03-11;54,18;Rohdaten
2017-03-12;53,91;Rohdaten
2017-03-13;53,55;Rohdaten
2017-03-14;53,75;Rohdaten
2017-03-15;53,96;Rohdaten
2017-03-16;53,69;Rohdaten
2017-03-17;54,36;Rohdaten
2017-03-18;55,34;Rohdaten
2017-03-19;57,96;Rohdaten
2017-03-20;59,22;Rohdaten
2017-03-21;57,02;Rohdaten
2017-03-22;56,85;Rohdaten
2017-03-23;56,68;Rohdaten
2017-03-24;55,91;Rohdaten
2017-03-25;55,78;Rohdaten
2017-03-26;55,72;Rohdaten
2017-03-27;55,25;Rohdaten
2017-03-28;55,41;Rohdaten
2017-03-29;55,20;Rohdaten
2017-03-30;55,10;Rohdaten
2017-03-31;55,41;Rohdaten
2017-04-01;55,48;Rohdaten
2017-04-02;54,94;Rohdaten
2017-04-03;54,67;Rohdaten
2017-04-04;54,55;Rohdaten
2017-04-05;54,58;Rohdaten
2017-04-06;54,40;Rohdaten
2017-04-07;54,27;Rohdaten
2017-04-08;54,29;Rohdaten
2017-04-09;54,87;Rohdaten
2017-04-10;55,39;Rohdaten
2017-04-11;54,92;Rohdaten
2017-04-12;54,76;Rohdaten
2017-04-13;54,11;Rohdaten
2017-04-14;54,21;Rohdaten
2017-04-15;54,12;Rohdaten
2017-04-16;53,86;Rohdaten
2017-04-17;54,40;Rohdaten
2017-04-18;54,19;Rohdaten
2017-04-19;54,74;Rohdaten
2017-04-20;54,17;Rohdaten
2017-04-21;53,84;Rohdaten
2017-04-22;53,98;Rohdaten
2017-04-23;53,50;Rohdaten
2017-04-24;53,76;Rohdaten
2017-04-25;54,27;Rohdaten
2017-04-26;54,23;Rohdaten
2017-04-27;53,84;Rohdaten
2017-04-28;53,51;Rohdaten
2017-04-29;53,19;Rohdaten
2017-04-30;53,27;Rohdaten
2017-05-01;53,19;Rohdaten
2017-05-02;54,72;Rohdaten
2017-05-03;54,53;Rohdaten
2017-05-04;54,52;Rohdaten
2017-05-05;54,50;Rohdaten
2017-05-06;54,57;Rohdaten
2017-05-07;54,62;Rohdaten
2017-05-08;54,15;Rohdaten
2017-05-09;53,71;Rohdaten
2017-05-10;54,11;Rohdaten
2017-05-11;54,79;Rohdaten
2017-05-12;54,07;Rohdaten
2017-05-13;52,74;Rohdaten
2017-05-14;52,94;Rohdaten
2017-05-15;53,16;Rohdaten
2017-05-16;54,36;Rohdaten
2017-05-17;55,91;Rohdaten
2017-05-18;53,74;Rohdaten
2017-05-19;54,77;Rohdaten
2017-05-20;54,93;Rohdaten
2017-05-21;55,13;Rohdaten
2017-05-22;55,11;Rohdaten
2017-05-23;55,00;Rohdaten
2017-05-24;55,04;Rohdaten
2017-05-25;55,48;Rohdaten
2017-05-26;55,38;Rohdaten
2017-05-27;55,38;Rohdaten
2017-05-28;55,98;Rohdaten
2017-05-29;57,32;Rohdaten
2017-05-30;58,31;Rohdaten
2017-05-31;60,03;Rohdaten
2017-06-01;56,89;Rohdaten
2017-06-02;51,67;Rohdaten
2017-06-03;51,39;Rohdaten
2017-06-04;53,58;Rohdaten
2017-06-05;53,61;Rohdaten
2017-06-06;53,64;Rohdaten
2017-06-07;52,23;Rohdaten
2017-06-08;51,80;Rohdaten
2017-06-09;51,98;Rohdaten
2017-06-10;51,03;Rohdaten
2017-06-11;50,71;Rohdaten
2017-06-12;51,09;Rohdaten
2017-06-13;50,38;Rohdaten
2017-06-14;49,87;Rohdaten
2017-06-15;50,16;Rohdaten
2017-06-16;49,60;Rohdaten
2017-06-17;48,81;Rohdaten
2017-06-18;50,96;Rohdaten
2017-06-19;49,97;Rohdaten
2017-06-20;48,44;Rohdaten
2017-06-21;48,24;Rohdaten
2017-06-22;48,49;Rohdaten
2017-06-23;48,36;Rohdaten
2017-06-24;48,14;Rohdaten
2017-06-25;48,08;Rohdaten
2017-06-26;48,25;Rohdaten
2017-06-27;48,83;Rohdaten
2017-06-28;51,30;Rohdaten
2017-06-29;53,06;Rohdaten
2017-06-30;51,61;Rohdaten
2017-07-01;50,13;Rohdaten
2017-07-02;49,91;Rohdaten
2017-07-03;49,56;Rohdaten
2017-07-04;49,23;Rohdaten
2017-07-05;48,88;Rohdaten
2017-07-06;48,54;Rohdaten
2017-07-07;48,58;Rohdaten
2017-07-08;48,96;Rohdaten
2017-07-09;48,62;Rohdaten
2017-07-10;49,47;Rohdaten
2017-07-11;49,38;Rohdaten
2017-07-12;49,45;Rohdaten
2017-07-13;49,86;Rohdaten
2017-07-14;49,07;Rohdaten
2017-07-15;49,05;Rohdaten
2017-07-16;48,72;Rohdaten
2017-07-17;48,33;Rohdaten
2017-07-18;48,44;Rohdaten
2017-07-19;49,77;Rohdaten
2017-07-20;52,11;Rohdaten
2017-07-21;51,51;Rohdaten
2017-07-22;52,89;Rohdaten
2017-07-23;53,67;Rohdaten
2017-07-24;53,44;Rohdaten
2017-07-25;53,98;Rohdaten
2017-07-26;55,63;Rohdaten
2017-07-27;56,63;Rohdaten
2017-07-28;53,99;Rohdaten
2017-07-29;52,18;Rohdaten
2017-07-30;52,83;Rohdaten
2017-07-31;52,40;Rohdaten
2017-08-01;52,52;Rohdaten
2017-08-02;53,73;Rohdaten
2017-08-03;54,02;Rohdaten
2017-08-04;53,69;Rohdaten
2017-08-05;54,50;Rohdaten
2017-08-06;53,45;Rohdaten
2017-08-07;53,82;Rohdaten
2017-08-08;53,95;Rohdaten
2017-08-09;54,57;Rohdaten
2017-08-10;56,23;Rohdaten
2017-08-11;58,20;Rohdaten
2017-08-12;56,39;Rohdaten
2017-08-13;55,56;Rohdaten
2017-08-14;54,37;Rohdaten
2017-08-15;53,29;Rohdaten
2017-08-16;51,81;Rohdaten
2017-08-17;51,68;Rohdaten
2017-08-18;52,13;Rohdaten
2017-08-19;53,90;Rohdaten
2017-08-20;52,11;Rohdaten
2017-08-21;52,51;Rohdaten
2017-08-22;57,85;Rohdaten
2017-08-23;64,21;Rohdaten
2017-08-24;65,45;Rohdaten
2017-08-25;66,45;Rohdaten
2017-08-26;67,16;Rohdaten
2017-08-27;65,88;Rohdaten
2017-08-28;66,24;Rohdaten
2017-08-29;65,30;Rohdaten
2017-08-30;66,03;Rohdaten
2017-08-31;66,13;Rohdaten
2017-09-01;67,32;Rohdaten
2017-09-02;68,22;Rohdaten
2017-09-03;68,21;Rohdaten
2017-09-04;67,02;Rohdaten
2017-09-05;66,48;Rohdaten
2017-09-06;65,14;Rohdaten
2017-09-07;64,71;Rohdaten
2017-09-08;65,49;Rohdaten
2017-09-09;65,90;Rohdaten
2017-09-10;65,10;Rohdaten
2017-09-11;65,28;Rohdaten
2017-09-12;64,43;Rohdaten
2017-09-13;63,78;Rohdaten
2017-09-14;64,10;Rohdaten
2017-09-15;63,04;Rohdaten
2017-09-16;61,54;Rohdaten
2017-09-17;61,05;Rohdaten
2017-09-18;60,89;Rohdaten
2017-09-19;60,11;Rohdaten
2017-09-20;59,00;Rohdaten
2017-09-21;58,57;Rohdaten
2017-09-22;58,59;Rohdaten
2017-09-23;57,98;Rohdaten
2017-09-24;56,35;Rohdaten
2017-09-25;55,29;Rohdaten
2017-09-26;54,26;Rohdaten
2017-09-27;53,84;Rohdaten
2017-09-28;59,21;Rohdaten
2017-09-29;58,20;Rohdaten
2017-09-30;57,68;Rohdaten
2017-10-01;56,86;Rohdaten
2017-10-02;57,07;Rohdaten
2017-10-03;57,48;Rohdaten
2017-10-04;58,10;Rohdaten
2017-10-05;57,54;Rohdaten
2017-10-06;56,08;Rohdaten
2017-10-07;54,86;Rohdaten
2017-10-08;55,14;Rohdaten
2017-10-09;55,41;Rohdaten
2017-10-10;54,88;Rohdaten
2017-10-11;53,53;Rohdaten
2017-10-12;53,38;Rohdaten
2017-10-13;52,27;Rohdaten
2017-10-14;51,12;Rohdaten
2017-10-15;50,54;Rohdaten
2017-10-16;50,26;Rohdaten
2017-10-17;50,29;Rohdaten
2017-10-18;51,48;Rohdaten
2017-10-19;50,99;Rohdaten
2017-10-20;50,93;Rohdaten
2017-10-21;50,43;Rohdaten
2017-10-22;51,55;Rohdaten
2017-10-23;50,75;Rohdaten
2017-10-24;50,01;Rohdaten
2017-10-25;49,63;Rohdaten
2017-10-26;50,06;Rohdaten
2017-10-27;51,33;Rohdaten
2017-10-28;52,49;Rohdaten
2017-10-29;52,12;Rohdaten
2017-10-30;50,74;Rohdaten
2017-10-31;49,37;Rohdaten
2017-11-01;49,94;Rohdaten
2017-11-02;50,25;Rohdaten
2017-11-03;49,16;Rohdaten
2017-11-04;48,62;Rohdaten
2017-11-05;49,23;Rohdaten
2017-11-06;49,90;Rohdaten
2017-11-07;49,50;Rohdaten
2017-11-08;48,35;Rohdaten
2017-11-09;48,42;Rohdaten
2017-11-10;48,72;Rohdaten
2017-11-11;48,48;Rohdaten
2017-11-12;48,59;Rohdaten
2017-11-13;48,99;Rohdaten
2017-11-14;48,72;Rohdaten
2017-11-15;48,36;Rohdaten
2017-11-16;48,74;Rohdaten
2017-11-17;48,33;Rohdaten
2017-11-18;48,37;Rohdaten
2017-11-19;48,70;Rohdaten
2017-11-20;48,77;Rohdaten
2017-11-21;48,75;Rohdaten
2017-11-22;48,85;Rohdaten
2017-11-23;48,47;Rohdaten
2017-11-24;48,89;Rohdaten
2017-11-25;48,98;Rohdaten
2017-11-26;49,27;Rohdaten
2017-11-27;49,01;Rohdaten
2017-11-28;50,46;Rohdaten
2017-11-29;51,68;Rohdaten
2017-11-30;51,69;Rohdaten
2017-12-01;51,52;Rohdaten
2017-12-02;51,01;Rohdaten
2017-12-03;51,39;Rohdaten
2017-12-04;51,48;Rohdaten
2017-12-05;51,58;Rohdaten
2017-12-06;52,17;Rohdaten
2017-12-07;52,69;Rohdaten
2017-12-08;53,13;Rohdaten
2017-12-09;52,92;Rohdaten
2017-12-10;53,52;Rohdaten
2017-12-11;53,86;Rohdaten
2017-12-12;53,62;Rohdaten
2017-12-13;53,32;Rohdaten
2017-12-14;54,75;Rohdaten
2017-12-15;55,38;Rohdaten
2017-12-16;55,40;Rohdaten
2017-12-17;54,27;Rohdaten
2017-12-18;53,96;Rohdaten
2017-12-19;53,53;Rohdaten
2017-12-20;53,76;Rohdaten
2017-12-21;54,06;Rohdaten
2017-12-22;55,10;Rohdaten
2017-12-23;55,35;Rohdaten
2017-12-24;55,25;Rohdaten
2017-12-25;55,04;Rohdaten
2017-12-26;55,26;Rohdaten
2017-12-27;55,50;Rohdaten
2017-12-28;55,70;Rohdaten
2017-12-29;54,87;Rohdaten
2017-12-30;55,30;Rohdaten
2017-12-31;55,92;Rohdaten
2018-01-01;56,74;Rohdaten
2018-01-02;56,92;Rohdaten
2018-01-03;57,48;Rohdaten
2018-01-04;58,39;Rohdaten
2018-01-05;58,83;Rohdaten
2018-01-06;58,85;Rohdaten
2018-01-07;59,11;Rohdaten
2018-01-08;60,31;Rohdaten
2018-01-09;61,24;Rohdaten
2018-01-10;61,82;Rohdaten
2018-01-11;62,38;Rohdaten
2018-01-12;63,34;Rohdaten
2018-01-13;64,01;Rohdaten
2018-01-14;64,34;Rohdaten
2018-01-15;64,40;Rohdaten
2018-01-16;64,21;Rohdaten
2018-01-17;63,81;Rohdaten
2018-01-18;63,34;Rohdaten
2018-01-19;63,18;Rohdaten
2018-01-20;62,81;Rohdaten
2018-01-21;62,32;Rohdaten
2018-01-22;62,36;Rohdaten
2018-01-23;62,95;Rohdaten
2018-01-24;63,29;Rohdaten
2018-01-25;63,85;Rohdaten
2018-01-26;63,69;Rohdaten
2018-01-27;63,03;Rohdaten
2018-01-28;62,73;Rohdaten
2018-01-29;62,94;Rohdaten
2018-01-30;62,48;Rohdaten
2018-01-31;63,26;Rohdaten
2018-02-01;64,78;Rohdaten
2018-02-02;64,66;Rohdaten
2018-02-03;64,12;Rohdaten
2018-02-04;63,36;Rohdaten
2018-02-05;63,04;Rohdaten
2018-02-06;63,37;Rohdaten
2018-02-07;63,21;Rohdaten
2018-02-08;63,06;Rohdaten
2018-02-09;63,03;Rohdaten
2018-02-10;62,62;Rohdaten
2018-02-11;63,21;Rohdaten
2018-02-12;62,80;Rohdaten
2018-02-13;62,71;Rohdaten
2018-02-14;62,20;Rohdaten
2018-02-15;62,05;Rohdaten
2018-02-16;61,83;Rohdaten
2018-02-17;61,92;Rohdaten
2018-02-18;61,70;Rohdaten
2018-02-19;61,74;Rohdaten
2018-02-20;61,42;Rohdaten
2018-02-21;60,97;Rohdaten
2018-02-22;60,97;Rohdaten
2018-02-23;60,62;Rohdaten
2018-02-24;60,33;Rohdaten
2018-02-25;60,11;Rohdaten
2018-02-26;59,62;Rohdaten
2018-02-27;59,64;Rohdaten
2018-02-28;58,83;Rohdaten
2018-03-01;58,72;Rohdaten
2018-03-02;58,71;Rohdaten
2018-03-03;58,78;Rohdaten
2018-03-04;58,93;Rohdaten
2018-03-05;59,12;Rohdaten
2018-03-06;59,22;Rohdaten
2018-03-07;59,14;Rohdaten
2018-03-08;59,22;Rohdaten
2018-03-09;59,39;Rohdaten
2018-03-10;60,11;Rohdaten
2018-03-11;60,44;Rohdaten
2018-03-12;60,64;Rohdaten
2018-03-13;60,81;Rohdaten
2018-03-14;60,92;Rohdaten
2018-03-15;60,72;Rohdaten
2018-03-16;60,77;Rohdaten
2018-03-17;60,65;Rohdaten
2018-03-18;60,12;Rohdaten
2018-03-19;59,80;Rohdaten
2018-03-20;59,46;Rohdaten
2018-03-21;59,05;Rohdaten
2018-03-22;59,76;Rohdaten
2018-03-23;60,65;Rohdaten
2018-03-24;60,78;Rohdaten
2018-03-25;60,49;Rohdaten
2018-03-26;60,27;Rohdaten
2018-03-27;60,35;Rohdaten
2018-03-28;61,13;Rohdaten
2018-03-29;60,86;Rohdaten
2018-03-30;60,62;Rohdaten
2018-03-31;60,58;Rohdaten
2018-04-01;60,03;Rohdaten
2018-04-02;60,00;Rohdaten
2018-04-03;60,48;Rohdaten
2018-04-04;59,39;Rohdaten
2018-04-05;58,68;Rohdaten
2018-04-06;58,45;Rohdaten
2018-04-07;58,87;Rohdaten
2018-04-08;58,96;Rohdaten
2018-04-09;59,50;Rohdaten
2018-04-10;58,99;Rohdaten
2018-04-11;59,74;Rohdaten
2018-04-12;59,39;Rohdaten
2018-04-13;58,89;Rohdaten
2018-04-14;58,09;Rohdaten
2018-04-15;58,38;Rohdaten
2018-04-16;58,56;Rohdaten
2018-04-17;57,82;Rohdaten
2018-04-18;57,91;Rohdaten
2018-04-19;58,55;Rohdaten
2018-04-20;59,27;Rohdaten
2018-04-21;61,08;Rohdaten
2018-04-22;60,54;Rohdaten
2018-04-23;60,14;Rohdaten
2018-04-24;60,13;Rohdaten
2018-04-25;60,55;Rohdaten
2018-04-26;60,22;Rohdaten
2018-04-27;60,19;Rohdaten
2018-04-28;59,05;Rohdaten
2018-04-29;59,74;Rohdaten
2018-04-30;60,33;Rohdaten
2018-05-01;59,40;Rohdaten
2018-05-02;59,34;Rohdaten
2018-05-03;59,72;Rohdaten
2018-05-04;59,99;Rohdaten
2018-05-05;58,98;Rohdaten
2018-05-06;58,98;Rohdaten
2018-05-07;59,52;Rohdaten
2018-05-08;60,87;Rohdaten
2018-05-09;59,72;Rohdaten
2018-05-10;59,31;Rohdaten
2018-05-11;59,75;Rohdaten
2018-05-12;58,72;Rohdaten
2018-05-13;59,06;Rohdaten
2018-05-14;58,84;Rohdaten
2018-05-15;58,40;Rohdaten
2018-05-16;59,30;Rohdaten
2018-05-17;58,81;Rohdaten
2018-05-18;58,79;Rohdaten
2018-05-19;58,52;Rohdaten
2018-05-20;58,06;Rohdaten
2018-05-21;57,92;Rohdaten
2018-05-22;57,52;Rohdaten
2018-05-23;56,71;Rohdaten
2018-05-24;56,96;Rohdaten
2018-05-25;58,93;Rohdaten
2018-05-26;58,65;Rohdaten
2018-05-27;57,91;Rohdaten
2018-05-28;58,52;Rohdaten
2018-05-29;58,26;Rohdaten
2018-05-30;58,62;Rohdaten
2018-05-31;58,85;Rohdaten
2018-06-01;58,75;Rohdaten
2018-06-02;58,21;Rohdaten
2018-06-03;58,18;Rohdaten
2018-06-04;58,81;Rohdaten
2018-06-05;58,21;Rohdaten
2018-06-06;58,06;Rohdaten
2018-06-07;58,22;Rohdaten
2018-06-08;58,14;Rohdaten
2018-06-09;58,17;Rohdaten
2018-06-10;58,24;Rohdaten
2018-06-11;58,75;Rohdaten
2018-06-12;58,99;Rohdaten
2018-06-13;57,66;Rohdaten
2018-06-14;57,32;Rohdaten
2018-06-15;56,95;Rohdaten
2018-06-16;57,96;Rohdaten
2018-06-17;58,51;Rohdaten
2018-06-18;58,29;Rohdaten
2018-06-19;58,03;Rohdaten
2018-06-20;58,32;Rohdaten
2018-06-21;58,13;Rohdaten
2018-06-22;57,70;Rohdaten
2018-06-23;56,96;Rohdaten
2018-06-24;57,04;Rohdaten
2018-06-25;56,79;Rohdaten
2018-06-26;55,70;Rohdaten
2018-06-27;56,11;Rohdaten
2018-06-28;56,59;Rohdaten
2018-06-29;56,01;Rohdaten
2018-06-30;55,85;Rohdaten
2018-07-01;55,40;Rohdaten
2018-07-02;55,37;Rohdaten
2018-07-03;55,23;Rohdaten
2018-07-04;55,13;Rohdaten
2018-07-05;55,28;Rohdaten
2018-07-06;55,70;Rohdaten
2018-07-07;55,43;Rohdaten
2018-07-08;55,57;Rohdaten
2018-07-09;55,36;Rohdaten
2018-07-10;55,70;Rohdaten
2018-07-11;55,79;Rohdaten
2018-07-12;55,44;Rohdaten
2018-07-13;55,45;Rohdaten
2018-07-14;55,31;Rohdaten
2018-07-15;55,19;Rohdaten
2018-07-16;55,16;Rohdaten
2018-07-17;55,05;Rohdaten
2018-07-18;54,66;Rohdaten
2018-07-19;54,32;Rohdaten
2018-07-20;54,24;Rohdaten
2018-07-21;54,10;Rohdaten
2018-07-22;54,37;Rohdaten
2018-07-23;54,29;Rohdaten
2018-07-24;54,31;Rohdaten
2018-07-25;53,81;Rohdaten
2018-07-26;53,66;Rohdaten
2018-07-27;53,18;Rohdaten
2018-07-28;53,02;Rohdaten
2018-07-29;52,99;Rohdaten
2018-07-30;52,79;Rohdaten
2018-07-31;52,78;Rohdaten
2018-08-01;52,70;Rohdaten
2018-08-02;52,53;Rohdaten
2018-08-03;52,33;Rohdaten
2018-08-04;52,58;Rohdaten
2018-08-05;52,56;Rohdaten
2018-08-06;51,98;Rohdaten
2018-08-07;52,31;Rohdaten
2018-08-08;52,00;Rohdaten
2018-08-09;52,05;Rohdaten
2018-08-10;51,80;Rohdaten
2018-08-11;52,11;Rohdaten
2018-08-12;51,81;Rohdaten
2018-08-13;51,87;Rohdaten
2018-08-14;52,45;Rohdaten
2018-08-15;52,23;Rohdaten
2018-08-16;52,32;Rohdaten
2018-08-17;51,98;Rohdaten
2018-08-18;51,52;Rohdaten
2018-08-19;51,42;Rohdaten
2018-08-20;51,29;Rohdaten
2018-08-21;51,10;Rohdaten
2018-08-22;51,19;Rohdaten
2018-08-23;51,64;Rohdaten
2018-08-24;51,51;Rohdaten
2018-08-25;51,36;Rohdaten
2018-08-26;51,12;Rohdaten
2018-08-27;50,97;Rohdaten
2018-08-28;50,62;Rohdaten
2018-08-29;51,02;Rohdaten
2018-08-30;51,55;Rohdaten
2018-08-31;51,69;Rohdaten
2018-09-01;51,53;Rohdaten
2018-09-02;51,68;Rohdaten
2018-09-03;52,47;Rohdaten
2018-09-04;53,05;Rohdaten
2018-09-05;52,73;Rohdaten
2018-09-06;52,23;Rohdaten
2018-09-07;51,51;Rohdaten
2018-09-08;50,99;Rohdaten
2018-09-09;50,87;Rohdaten
2018-09-10;50,70;Rohdaten
2018-09-11;50,44;Rohdaten
2018-09-12;50,45;Rohdaten
2018-09-13;50,51;Rohdaten
2018-09-14;50,41;Rohdaten
2018-09-15;49,91;Rohdaten
2018-09-16;49,80;Rohdaten
2018-09-17;49,72;Rohdaten
2018-09-18;49,79;Rohdaten
2018-09-19;49,55;Rohdaten
2018-09-20;49,76;Rohdaten
2018-09-21;49,89;Rohdaten
2018-09-22;49,73;Rohdaten
2018-09-23;51,00;Rohdaten
2018-09-24;50,27;Rohdaten
2018-09-25;50,41;Rohdaten
2018-09-26;50,61;Rohdaten
2018-09-27;50,57;Rohdaten
2018-09-28;50,60;Rohdaten
2018-09-29;50,01;Rohdaten
2018-09-30;49,97;Rohdaten
2018-10-01;49,55;Rohdaten
2018-10-02;49,14;Rohdaten
2018-10-03;49,09;Rohdaten
2018-10-04;49,14;Rohdaten
2018-10-05;49,80;Rohdaten
2018-10-06;49,56;Rohdaten
2018-10-07;49,33;Rohdaten
2018-10-08;48,60;Rohdaten
2018-10-09;49,19;Rohdaten
2018-10-10;49,53;Rohdaten
2018-10-11;49,98;Rohdaten
2018-10-12;49,36;Rohdaten
2018-10-13;49,55;Rohdaten
2018-10-14;50,03;Rohdaten
2018-10-15;50,09;Rohdaten
2018-10-16;49,55;Rohdaten
2018-10-17;49,49;Rohdaten
2018-10-18;49,26;Rohdaten
2018-10-19;48,48;Rohdaten
2018-10-20;48,06;Rohdaten
2018-10-21;48,09;Rohdaten
2018-10-22;48,49;Rohdaten
2018-10-23;48,77;Rohdaten
2018-10-24;49,09;Rohdaten
2018-10-25;49,04;Rohdaten
2018-10-26;49,55;Rohdaten
2018-10-27;49,32;Rohdaten
2018-10-28;49,50;Rohdaten
2018-10-29;50,20;Rohdaten
2018-10-30;49,71;Rohdaten
2018-10-31;48,66;Rohdaten
2018-11-01;48,47;Rohdaten
2018-11-02;47,63;Rohdaten
2018-11-03;47,35;Rohdaten
2018-11-04;47,75;Rohdaten
2018-11-05;47,96;Rohdaten
2018-11-06;47,52;Rohdaten
2018-11-07;47,42;Rohdaten
2018-11-08;46,98;Rohdaten
2018-11-09;47,23;Rohdaten
2018-11-10;47,40;Rohdaten
2018-11-11;47,01;Rohdaten
2018-11-12;46,53;Rohdaten
2018-11-13;46,11;Rohdaten
2018-11-14;46,00;Rohdaten
2018-11-15;46,17;Rohdaten
2018-11-16;45,96;Rohdaten
2018-11-17;46,06;Rohdaten
2018-11-18;46,35;Rohdaten
2018-11-19;46,76;Rohdaten
2018-11-20;46,76;Rohdaten
2018-11-21;46,24;Rohdaten
2018-11-22;46,06;Rohdaten
2018-11-23;46,10;Rohdaten
2018-11-24;46,56;Rohdaten
2018-11-25;46,15;Rohdaten
2018-11-26;46,06;Rohdaten
2018-11-27;44,98;Rohdaten
2018-11-28;44,28;Rohdaten
2018-11-29;44,55;Rohdaten
2018-11-30;44,84;Rohdaten
2018-12-01;45,16;Rohdaten
2018-12-02;46,05;Rohdaten
2018-12-03;49,23;Rohdaten
2018-12-04;50,09;Rohdaten
2018-12-05;48,97;Rohdaten
2018-12-06;48,70;Rohdaten
2018-12-07;49,00;Rohdaten
2018-12-08;49,07;Rohdaten
2018-12-09;50,53;Rohdaten
2018-12-10;49,35;Rohdaten
2018-12-11;47,08;Rohdaten
2018-12-12;47,29;Rohdaten
2018-12-13;47,36;Rohdaten
2018-12-14;46,68;Rohdaten
2018-12-15;46,24;Rohdaten
2018-12-16;46,37;Rohdaten
2018-12-17;49,49;Rohdaten
2018-12-18;50,33;Rohdaten
2018-12-19;51,04;Rohdaten
2018-12-20;51,88;Rohdaten
2018-12-21;54,07;Rohdaten
2018-12-22;55,33;Rohdaten
2018-12-23;54,17;Rohdaten
2018-12-24;55,62;Rohdaten
2018-12-25;53,41;Rohdaten
2018-12-26;52,06;Rohdaten
2018-12-27;51,82;Rohdaten
2018-12-28;51,39;Rohdaten
2018-12-29;51,16;Rohdaten
2018-12-30;50,65;Rohdaten
2018-12-31;50,46;Rohdaten
2019-01-01;50,57;Rohdaten
2019-01-02;50,09;Rohdaten
2019-01-03;49,14;Rohdaten
2019-01-04;49,29;Rohdaten
2019-01-05;49,78;Rohdaten
2019-01-06;49,92;Rohdaten
2019-01-07;50,84;Rohdaten
2019-01-08;52,09;Rohdaten
2019-01-09;53,89;Rohdaten
2019-01-10;52,74;Rohdaten
2019-01-11;51,84;Rohdaten
2019-01-12;51,89;Rohdaten
2019-01-13;52,82;Rohdaten
2019-01-14;54,56;Rohdaten
2019-01-15;55,20;Rohdaten
2019-01-16;54,72;Rohdaten
2019-01-17;54,58;Rohdaten
2019-01-18;53,92;Rohdaten
2019-01-19;54,01;Rohdaten
2019-01-20;53,82;Rohdaten
2019-01-21;53,57;Rohdaten
2019-01-22;53,61;Rohdaten
2019-01-23;53,49;Rohdaten
2019-01-24;52,68;Rohdaten
2019-01-25;52,52;Rohdaten
2019-01-26;52,77;Rohdaten
2019-01-27;53,24;Rohdaten
2019-01-28;53,64;Rohdaten
2019-01-29;53,40;Rohdaten
2019-01-30;53,65;Rohdaten
2019-01-31;53,30;Rohdaten
2019-02-01;53,53;Rohdaten
2019-02-02;53,48;Rohdaten
2019-02-03;52,88;Rohdaten
2019-02-04;52,65;Rohdaten
2019-02-05;52,28;Rohdaten
2019-02-06;52,15;Rohdaten
2019-02-07;52,53;Rohdaten
2019-02-08;52,32;Rohdaten
2019-02-09;52,64;Rohdaten
2019-02-10;53,32;Rohdaten
2019-02-11;53,93;Rohdaten
2019-02-12;54,89;Rohdaten
2019-02-13;54,14;Rohdaten
2019-02-14;53,26;Rohdaten
2019-02-15;53,35;Rohdaten
2019-02-16;53,19;Rohdaten
2019-02-17;53,12;Rohdaten
2019-02-18;52,84;Rohdaten
2019-02-19;52,74;Rohdaten
2019-02-20;52,53;Rohdaten
2019-02-21;52,64;Rohdaten
2019-02-22;53,29;Rohdaten
2019-02-23;53,19;Rohdaten
2019-02-24;53,23;Rohdaten
2019-02-25;53,22;Rohdaten
2019-02-26;53,16;Rohdaten
2019-02-27;53,31;Rohdaten
2019-02-28;53,41;Rohdaten
2019-03-01;53,63;Rohdaten
2019-03-02;53,27;Rohdaten
2019-03-03;53,22;Rohdaten
2019-03-04;53,72;Rohdaten
2019-03-05;53,28;Rohdaten
2019-03-06;53,61;Rohdaten
2019-03-07;54,03;Rohdaten
2019-03-08;53,32;Rohdaten
2019-03-09;53,55;Rohdaten
2019-03-10;55,03;Rohdaten
2019-03-11;55,45;Rohdaten
2019-03-12;55,78;Rohdaten
2019-03-13;55,56;Rohdaten
2019-03-14;55,95;Rohdaten
2019-03-15;57,33;Rohdaten
2019-03-16;57,22;Rohdaten
2019-03-17;58,00;Rohdaten
2019-03-18;56,12;Rohdaten
2019-03-19;55,69;Rohdaten
2019-03-20;55,21;Rohdaten
2019-03-21;55,27;Rohdaten
2019-03-22;55,34;Rohdaten
2019-03-23;55,45;Rohdaten
2019-03-24;55,44;Rohdaten
2019-03-25;55,48;Rohdaten
2019-03-26;54,84;Rohdaten
2019-03-27;54,82;Rohdaten
2019-03-28;55,09;Rohdaten
2019-03-29;55,73;Rohdaten
2019-03-30;54,82;Rohdaten
2019-03-31;55,30;Rohdaten
2019-04-01;55,21;Rohdaten
2019-04-02;55,54;Rohdaten
2019-04-03;55,33;Rohdaten
2019-04-04;55,09;Rohdaten
2019-04-05;54,81;Rohdaten
2019-04-06;54,46;Rohdaten
2019-04-07;54,45;Rohdaten
2019-04-08;54,52;Rohdaten
2019-04-09;54,26;Rohdaten
2019-04-10;54,98;Rohdaten
2019-04-11;55,05;Rohdaten
2019-04-12;54,93;Rohdaten
2019-04-13;54,74;Rohdaten
2019-04-14;54,87;Rohdaten
2019-04-15;54,75;Rohdaten
2019-04-16;54,94;Rohdaten
2019-04-17;54,43;Rohdaten
2019-04-18;55,31;Rohdaten
2019-04-19;55,46;Rohdaten
2019-04-20;56,15;Rohdaten
2019-04-21;57,56;Rohdaten
2019-04-22;58,63;Rohdaten
2019-04-23;58,91;Rohdaten
2019-04-24;58,57;Rohdaten
2019-04-25;58,70;Rohdaten
2019-04-26;58,60;Rohdaten
2019-04-27;58,91;Rohdaten
2019-04-28;60,01;Rohdaten
2019-04-29;60,03;Rohdaten
2019-04-30;60,84;Rohdaten
2019-05-01;59,13;Rohdaten
2019-05-02;58,72;Rohdaten
2019-05-03;57,56;Rohdaten
2019-05-04;57,57;Rohdaten
2019-05-05;57,41;Rohdaten
2019-05-06;57,14;Rohdaten
2019-05-07;56,73;Rohdaten
2019-05-08;58,53;Rohdaten
2019-05-09;58,31;Rohdaten
2019-05-10;59,27;Rohdaten
2019-05-11;58,40;Rohdaten
2019-05-12;57,31;Rohdaten
2019-05-13;55,71;Rohdaten
2019-05-14;55,16;Rohdaten
2019-05-15;54,61;Rohdaten
2019-05-16;54,91;Rohdaten
2019-05-17;56,11;Rohdaten
2019-05-18;56,58;Rohdaten
2019-05-19;56,47;Rohdaten
2019-05-20;55,70;Rohdaten
2019-05-21;56,20;Rohdaten
2019-05-22;56,61;Rohdaten
2019-05-23;55,57;Rohdaten
2019-05-24;55,63;Rohdaten
2019-05-25;54,57;Rohdaten
2019-05-26;54,60;Rohdaten
2019-05-27;54,62;Rohdaten
2019-05-28;55,25;Rohdaten
2019-05-29;53,94;Rohdaten
2019-05-30;53,14;Rohdaten
2019-05-31;53,00;Rohdaten
2019-06-01;52,90;Rohdaten
2019-06-02;53,75;Rohdaten
2019-06-03;53,54;Rohdaten
2019-06-04;53,19;Rohdaten
2019-06-05;53,23;Rohdaten
2019-06-06;51,78;Rohdaten
2019-06-07;51,81;Rohdaten
2019-06-08;51,73;Rohdaten
2019-06-09;51,59;Rohdaten
2019-06-10;52,54;Rohdaten
2019-06-11;51,76;Rohdaten
2019-06-12;51,54;Rohdaten
2019-06-13;51,57;Rohdaten
2019-06-14;51,19;Rohdaten
2019-06-15;50,88;Rohdaten
2019-06-16;50,41;Rohdaten
2019-06-17;50,81;Rohdaten
2019-06-18;50,70;Rohdaten
2019-06-19;51,01;Rohdaten
2019-06-20;50,32;Rohdaten
2019-06-21;50,23;Rohdaten
2019-06-22;49,53;Rohdaten
2019-06-23;49,47;Rohdaten
2019-06-24;49,04;Rohdaten
2019-06-25;49,21;Rohdaten
2019-06-26;49,49;Rohdaten
2019-06-27;49,27;Rohdaten
2019-06-28;49,12;Rohdaten
2019-06-29;48,98;Rohdaten
2019-06-30;49,16;Rohdaten
2019-07-01;49,05;Rohdaten
2019-07-02;48,93;Rohdaten
2019-07-03;48,85;Rohdaten
2019-07-04;48,94;Rohdaten
2019-07-05;48,91;Rohdaten
2019-07-06;48,81;Rohdaten
2019-07-07;48,83;Rohdaten
2019-07-08;48,47;Rohdaten
2019-07-09;48,44;Rohdaten
2019-07-10;48,73;Rohdaten
2019-07-11;49,00;Rohdaten
2019-07-12;49,08;Rohdaten
2019-07-13;49,44;Rohdaten
2019-07-14;49,05;Rohdaten
2019-07-15;48,38;Rohdaten
2019-07-16;47,86;Rohdaten
2019-07-17;47,71;Rohdaten
2019-07-18;48,11;Rohdaten
2019-07-19;48,08;Rohdaten
2019-07-20;48,15;Rohdaten
2019-07-21;48,12;Rohdaten
2019-07-22;47,78;Rohdaten
2019-07-23;47,65;Rohdaten
2019-07-24;47,25;Rohdaten
2019-07-25;46,97;Rohdaten
2019-07-26;47,10;Rohdaten
2019-07-27;47,21;Rohdaten
2019-07-28;47,48;Rohdaten
2019-07-29;46,66;Rohdaten
2019-07-30;46,62;Rohdaten
2019-07-31;46,31;Rohdaten
2019-08-01;46,62;Rohdaten
2019-08-02;46,05;Rohdaten
2019-08-03;46,06;Rohdaten
2019-08-04;46,46;Rohdaten
2019-08-05;45,82;Rohdaten
2019-08-06;45,37;Rohdaten
2019-08-07;46,10;Rohdaten
2019-08-08;46,42;Rohdaten
2019-08-09;45,75;Rohdaten
2019-08-10;46,34;Rohdaten
2019-08-11;45,39;Rohdaten
2019-08-12;45,78;Rohdaten
2019-08-13;46,29;Rohdaten
2019-08-14;45,15;Rohdaten
2019-08-15;44,84;Rohdaten
2019-08-16;45,16;Rohdaten
2019-08-17;44,60;Rohdaten
2019-08-18;43,91;Rohdaten
2019-08-19;43,68;Rohdaten
2019-08-20;43,67;Rohdaten
2019-08-21;43,88;Rohdaten
2019-08-22;43,76;Rohdaten
2019-08-23;43,08;Rohdaten
2019-08-24;43,04;Rohdaten
2019-08-25;43,02;Rohdaten
2019-08-26;42,83;Rohdaten
2019-08-27;43,04;Rohdaten
2019-08-28;42,92;Rohdaten
2019-08-29;42,71;Rohdaten
2019-08-30;42,67;Rohdaten
2019-08-31;42,53;Rohdaten
2019-09-01;42,15;Rohdaten
2019-09-02;41,76;Rohdaten
2019-09-03;41,39;Rohdaten
2019-09-04;41,41;Rohdaten
2019-09-05;41,27;Rohdaten
2019-09-06;41,05;Rohdaten
2019-09-07;41,20;Rohdaten
2019-09-08;41,15;Rohdaten
2019-09-09;41,24;Rohdaten
2019-09-10;40,91;Rohdaten
2019-09-11;40,46;Rohdaten
2019-09-12;40,91;Rohdaten
2019-09-13;41,12;Rohdaten
2019-09-14;41,03;Rohdaten
2019-09-15;40,86;Rohdaten
2019-09-16;40,62;Rohdaten
2019-09-17;39,94;Rohdaten
2019-09-18;39,26;Rohdaten
2019-09-19;39,12;Rohdaten
2019-09-20;39,59;Rohdaten
2019-09-21;38,73;Rohdaten
2019-09-22;38,14;Rohdaten
2019-09-23;37,92;Rohdaten
2019-09-24;38,32;Rohdaten
2019-09-25;38,43;Rohdaten
2019-09-26;38,32;Rohdaten
2019-09-27;38,84;Rohdaten
2019-09-28;39,11;Rohdaten
2019-09-29;39,66;Rohdaten
2019-09-30;39,55;Rohdaten
2019-10-01;39,82;Rohdaten
2019-10-02;40,29;Rohdaten
2019-10-03;39,85;Rohdaten
2019-10-04;40,35;Rohdaten
2019-10-05;40,47;Rohdaten
2019-10-06;40,46;Rohdaten
2019-10-07;40,72;Rohdaten
2019-10-08;40,05;Rohdaten
2019-10-09;39,55;Rohdaten
2019-10-10;39,74;Rohdaten
2019-10-11;39,88;Rohdaten
2019-10-12;39,59;Rohdaten
2019-10-13;39,01;Rohdaten
2019-10-14;38,64;Rohdaten
2019-10-15;38,83;Rohdaten
2019-10-16;38,48;Rohdaten
2019-10-17;38,09;Rohdaten
2019-10-18;38,50;Rohdaten
2019-10-19;38,82;Rohdaten
2019-10-20;38,35;Rohdaten
2019-10-21;37,80;Rohdaten
2019-10-22;37,34;Rohdaten
2019-10-23;37,92;Rohdaten
2019-10-24;38,02;Rohdaten
2019-10-25;37,52;Rohdaten
2019-10-26;37,36;Rohdaten
2019-10-27;37,29;Rohdaten
2019-10-28;36,99;Rohdaten
2019-10-29;36,49;Rohdaten
2019-10-30;36,32;Rohdaten
2019-10-31;36,68;Rohdaten
2019-11-01;37,86;Rohdaten
2019-11-02;38,23;Rohdaten
2019-11-03;40,11;Rohdaten
2019-11-04;39,91;Rohdaten
2019-11-05;39,23;Rohdaten
2019-11-06;38,50;Rohdaten
2019-11-07;38,59;Rohdaten
2019-11-08;38,52;Rohdaten
2019-11-09;38,27;Rohdaten
2019-11-10;37,75;Rohdaten
2019-11-11;38,19;Rohdaten
2019-11-12;38,28;Rohdaten
2019-11-13;38,05;Rohdaten
2019-11-14;37,48;Rohdaten
2019-11-15;37,22;Rohdaten
2019-11-16;38,11;Rohdaten
2019-11-17;38,10;Rohdaten
2019-11-18;37,32;Rohdaten
2019-11-19;37,18;Rohdaten
2019-11-20;37,72;Rohdaten
2019-11-21;37,45;Rohdaten
2019-11-22;36,83;Rohdaten
2019-11-23;35,83;Rohdaten
2019-11-24;35,91;Rohdaten
2019-11-25;35,72;Rohdaten
2019-11-26;36,22;Rohdaten
2019-11-27;36,95;Rohdaten
2019-11-28;36,77;Rohdaten
2019-11-29;35,70;Rohdaten
2019-11-30;35,19;Rohdaten
2019-12-01;35,09;Rohdaten
2019-12-02;35,13;Rohdaten
2019-12-03;35,08;Rohdaten
2019-12-04;35,21;Rohdaten
2019-12-05;35,05;Rohdaten
2019-12-06;35,17;Rohdaten
2019-12-07;34,84;Rohdaten
2019-12-08;35,11;Rohdaten
2019-12-09;35,51;Rohdaten
2019-12-10;34,50;Rohdaten
2019-12-11;35,35;Rohdaten
2019-12-12;36,20;Rohdaten
2019-12-13;37,56;Rohdaten
2019-12-14;37,96;Rohdaten
2019-12-15;38,82;Rohdaten
2019-12-16;39,12;Rohdaten
2019-12-17;38,84;Rohdaten
2019-12-18;37,64;Rohdaten
2019-12-19;37,87;Rohdaten
2019-12-20;38,64;Rohdaten
2019-12-21;38,37;Rohdaten
2019-12-22;38,84;Rohdaten
2019-12-23;37,27;Rohdaten
2019-12-24;36,57;Rohdaten
2019-12-25;37,14;Rohdaten
2019-12-26;37,14;Rohdaten
2019-12-27;36,75;Rohdaten
2019-12-28;35,85;Rohdaten
2019-12-29;35,64;Rohdaten
2019-12-30;35,77;Rohdaten
2019-12-31;35,22;Rohdaten
2020-01-01;34,32;Rohdaten
2020-01-02;35,25;Rohdaten
2020-01-03;34,82;Rohdaten
2020-01-04;34,62;Rohdaten
2020-01-05;34,53;Rohdaten
2020-01-06;35,01;Rohdaten
2020-01-07;35,59;Rohdaten
2020-01-08;35,18;Rohdaten
2020-01-09;35,49;Rohdaten
2020-01-10;35,50;Rohdaten
2020-01-11;34,60;Rohdaten
2020-01-12;34,88;Rohdaten
2020-01-13;34,87;Rohdaten
2020-01-14;34,62;Rohdaten
2020-01-15;33,57;Rohdaten
2020-01-16;33,00;Rohdaten
2020-01-17;33,68;Rohdaten
2020-01-18;32,75;Rohdaten
2020-01-19;32,63;Rohdaten
2020-01-20;32,64;Rohdaten
2020-01-21;33,37;Rohdaten
2020-01-22;33,46;Rohdaten
2020-01-23;33,31;Rohdaten
2020-01-24;33,01;Rohdaten
2020-01-25;32,85;Rohdaten
2020-01-26;32,69;Rohdaten
2020-01-27;32,97;Rohdaten
2020-01-28;34,42;Rohdaten
2020-01-29;34,99;Rohdaten
2020-01-30;35,12;Rohdaten
2020-01-31;36,06;Rohdaten
2020-02-01;36,29;Rohdaten
2020-02-02;37,01;Rohdaten
2020-02-03;38,15;Rohdaten
2020-02-04;39,48;Rohdaten
2020-02-05;40,83;Rohdaten
2020-02-06;41,63;Rohdaten
2020-02-07;43,50;Rohdaten
2020-02-08;43,01;Rohdaten
2020-02-09;42,98;Rohdaten
2020-02-10;44,22;Rohdaten
2020-02-11;44,57;Rohdaten
2020-02-12;44,94;Rohdaten
2020-02-13;46,24;Rohdaten
2020-02-14;47,60;Rohdaten
2020-02-15;48,48;Rohdaten
2020-02-16;48,89;Rohdaten
2020-02-17;49,26;Rohdaten
2020-02-18;49,49;Rohdaten
2020-02-19;49,68;Rohdaten
2020-02-20;49,56;Rohdaten
2020-02-21;48,68;Rohdaten
2020-02-22;48,88;Rohdaten
2020-02-23;49,41;Rohdaten
2020-02-24;49,33;Rohdaten
2020-02-25;50,15;Rohdaten
2020-02-26;50,74;Rohdaten
2020-02-27;51,42;Rohdaten
2020-02-28;51,57;Rohdaten
2020-02-29;52,53;Rohdaten
2020-03-01;52,92;Rohdaten
2020-03-02;53,42;Rohdaten
2020-03-03;53,99;Rohdaten
2020-03-04;53,66;Rohdaten
2020-03-05;53,97;Rohdaten
2020-03-06;54,53;Rohdaten
2020-03-07;53,17;Rohdaten
2020-03-08;52,66;Rohdaten
2020-03-09;53,27;Rohdaten
2020-03-10;53,34;Rohdaten
2020-03-11;54,91;Rohdaten
2020-03-12;55,70;Rohdaten
2020-03-13;55,72;Rohdaten
2020-03-14;55,37;Rohdaten
2020-03-15;55,26;Rohdaten
2020-03-16;54,83;Rohdaten
2020-03-17;54,20;Rohdaten
2020-03-18;54,15;Rohdaten
2020-03-19;54,18;Rohdaten
2020-03-20;54,21;Rohdaten
2020-03-21;54,58;Rohdaten
2020-03-22;54,21;Rohdaten
2020-03-23;54,24;Rohdaten
2020-03-24;53,93;Rohdaten
2020-03-25;;Rohdaten
2020-03-26;;Rohdaten
2020-03-27;;Rohdaten
2020-03-28;;Rohdaten
2020-03-29;;Rohdaten
2020-03-30;;Rohdaten
2020-03-31;;Rohdaten
2020-04-01;;Rohdaten
2020-04-02;;Rohdaten
2020-04-03;;Rohdaten
2020-04-04;;Rohdaten
2020-04-05;;Rohdaten
2020-04-06;;Rohdaten
2020-04-07;;Rohdaten
2020-04-08;;Rohdaten
2020-04-09;;Rohdaten
2020-04-10;;Rohdaten
2020-04-11;;Rohdaten
2020-04-12;;Rohdaten
2020-04-13;51,09;Rohdaten
2020-04-14;50,75;Rohdaten
2020-04-15;50,82;Rohdaten
2020-04-16;51,08;Rohdaten
2020-04-17;51,04;Rohdaten
2020-04-18;50,47;Rohdaten
2020-04-19;50,36;Rohdaten
2020-04-20;49,71;Rohdaten
2020-04-21;48,93;Rohdaten
2020-04-22;48,43;Rohdaten
2020-04-23;48,38;Rohdaten
2020-04-24;48,07;Rohdaten
2020-04-25;48,22;Rohdaten
2020-04-26;48,35;Rohdaten
2020-04-27;48,24;Rohdaten
2020-04-28;48,43;Rohdaten
2020-04-29;48,26;Rohdaten
2020-04-30;47,95;Rohdaten
2020-05-01;47,86;Rohdaten
2020-05-02;47,82;Rohdaten
2020-05-03;48,20;Rohdaten
2020-05-04;48,19;Rohdaten
2020-05-05;48,25;Rohdaten
2020-05-06;48,61;Rohdaten
2020-05-07;48,05;Rohdaten
2020-05-08;47,25;Rohdaten
2020-05-09;47,35;Rohdaten
2020-05-10;46,47;Rohdaten
2020-05-11;45,71;Rohdaten
2020-05-12;45,57;Rohdaten
2020-05-13;44,96;Rohdaten
2020-05-14;45,69;Rohdaten
2020-05-15;46,04;Rohdaten
2020-05-16;46,63;Rohdaten
2020-05-17;46,89;Rohdaten
2020-05-18;47,33;Rohdaten
2020-05-19;47,69;Rohdaten
2020-05-20;48,19;Rohdaten
2020-05-21;48,16;Rohdaten
2020-05-22;48,44;Rohdaten
2020-05-23;48,83;Rohdaten
2020-05-24;48,71;Rohdaten
2020-05-25;48,92;Rohdaten
2020-05-26;49,06;Rohdaten
2020-05-27;49,25;Rohdaten
2020-05-28;49,03;Rohdaten
2020-05-29;49,65;Rohdaten
2020-05-30;49,92;Rohdaten
2020-05-31;49,56;Rohdaten
2020-06-01;48,75;Rohdaten
2020-06-02;48,89;Rohdaten
2020-06-03;48,53;Rohdaten
2020-06-04;48,28;Rohdaten
2020-06-05;48,45;Rohdaten
2020-06-06;48,47;Rohdaten
2020-06-07;48,52;Rohdaten
2020-06-08;49,22;Rohdaten
2020-06-09;49,26;Rohdaten
2020-06-10;48,83;Rohdaten
2020-06-11;47,72;Rohdaten
2020-06-12;47,31;Rohdaten
2020-06-13;48,00;Rohdaten
2020-06-14;48,32;Rohdaten
2020-06-15;48,46;Rohdaten
2020-06-16;50,68;Rohdaten
2020-06-17;50,44;Rohdaten
2020-06-18;50,93;Rohdaten
2020-06-19;51,42;Rohdaten
2020-06-20;50,04;Rohdaten
2020-06-21;49,93;Rohdaten
2020-06-22;50,48;Rohdaten
2020-06-23;50,55;Rohdaten
2020-06-24;50,70;Rohdaten
2020-06-25;50,42;Rohdaten
2020-06-26;50,29;Rohdaten
2020-06-27;50,24;Rohdaten
2020-06-28;49,83;Rohdaten
2020-06-29;49,12;Rohdaten
2020-06-30;48,48;Rohdaten
2020-07-01;47,91;Rohdaten
2020-07-02;47,00;Rohdaten
2020-07-03;46,53;Rohdaten
2020-07-04;46,28;Rohdaten
2020-07-05;45,96;Rohdaten
2020-07-06;45,71;Rohdaten
2020-07-07;45,10;Rohdaten
2020-07-08;44,66;Rohdaten
2020-07-09;43,70;Rohdaten
2020-07-10;43,29;Rohdaten
2020-07-11;43,27;Rohdaten
2020-07-12;42,80;Rohdaten
2020-07-13;41,91;Rohdaten
2020-07-14;41,40;Rohdaten
2020-07-15;40,61;Rohdaten
2020-07-16;39,11;Rohdaten
2020-07-17;38,78;Rohdaten
2020-07-18;38,48;Rohdaten
2020-07-19;38,73;Rohdaten
2020-07-20;40,95;Rohdaten
2020-07-21;38,89;Rohdaten
2020-07-22;40,38;Rohdaten
2020-07-23;39,27;Rohdaten
2020-07-24;39,02;Rohdaten
2020-07-25;39,38;Rohdaten
2020-07-26;39,78;Rohdaten
2020-07-27;39,27;Rohdaten
2020-07-28;39,45;Rohdaten
2020-07-29;39,60;Rohdaten
2020-07-30;39,88;Rohdaten
2020-07-31;39,30;Rohdaten
2020-08-01;39,10;Rohdaten
2020-08-02;39,19;Rohdaten
2020-08-03;38,60;Rohdaten
2020-08-04;39,12;Rohdaten
2020-08-05;39,14;Rohdaten
2020-08-06;39,22;Rohdaten
2020-08-07;38,90;Rohdaten
2020-08-08;38,68;Rohdaten
2020-08-09;38,16;Rohdaten
2020-08-10;37,62;Rohdaten
2020-08-11;37,26;Rohdaten
2020-08-12;37,12;Rohdaten
2020-08-13;36,46;Rohdaten
2020-08-14;36,58;Rohdaten
2020-08-15;36,46;Rohdaten
2020-08-16;36,39;Rohdaten
2020-08-17;36,80;Rohdaten
2020-08-18;36,85;Rohdaten
2020-08-19;37,32;Rohdaten
2020-08-20;37,87;Rohdaten
2020-08-21;38,53;Rohdaten
2020-08-22;39,99;Rohdaten
2020-08-23;39,60;Rohdaten
2020-08-24;38,66;Rohdaten
2020-08-25;38,10;Rohdaten
2020-08-26;39,51;Rohdaten
2020-08-27;39,91;Rohdaten
2020-08-28;38,83;Rohdaten
2020-08-29;37,63;Rohdaten
2020-08-30;38,05;Rohdaten
2020-08-31;37,66;Rohdaten
2020-09-01;37,62;Rohdaten
2020-09-02;40,02;Rohdaten
2020-09-03;40,12;Rohdaten
2020-09-04;39,58;Rohdaten
2020-09-05;39,18;Rohdaten
2020-09-06;39,09;Rohdaten
2020-09-07;40,05;Rohdaten
2020-09-08;39,91;Rohdaten
2020-09-09;39,57;Rohdaten
2020-09-10;38,63;Rohdaten
2020-09-11;37,09;Rohdaten
2020-09-12;36,37;Rohdaten
2020-09-13;35,83;Rohdaten
2020-09-14;34,42;Rohdaten
2020-09-15;33,89;Rohdaten
2020-09-16;34,01;Rohdaten
2020-09-17;33,15;Rohdaten
2020-09-18;32,69;Rohdaten
2020-09-19;33,82;Rohdaten
2020-09-20;34,60;Rohdaten
2020-09-21;34,20;Rohdaten
2020-09-22;34,48;Rohdaten
2020-09-23;34,97;Rohdaten
2020-09-24;36,05;Rohdaten
2020-09-25;33,89;Rohdaten
2020-09-26;33,57;Rohdaten
2020-09-27;33,51;Rohdaten
2020-09-28;34,28;Rohdaten
2020-09-29;34,48;Rohdaten
2020-09-30;34,97;Rohdaten
2020-10-01;34,31;Rohdaten
2020-10-02;34,20;Rohdaten
2020-10-03;34,96;Rohdaten
2020-10-04;35,52;Rohdaten
2020-10-05;35,97;Rohdaten
2020-10-06;35,31;Rohdaten
2020-10-07;35,32;Rohdaten
2020-10-08;35,30;Rohdaten
2020-10-09;35,10;Rohdaten
2020-10-10;35,09;Rohdaten
2020-10-11;34,86;Rohdaten
2020-10-12;34,10;Rohdaten
2020-10-13;33,49;Rohdaten
2020-10-14;35,52;Rohdaten
2020-10-15;35,46;Rohdaten
2020-10-16;35,76;Rohdaten
2020-10-17;36,00;Rohdaten
2020-10-18;36,19;Rohdaten
2020-10-19;37,61;Rohdaten
2020-10-20;37,75;Rohdaten
2020-10-21;37,61;Rohdaten
2020-10-22;38,43;Rohdaten
2020-10-23;38,34;Rohdaten
2020-10-24;38,03;Rohdaten
2020-10-25;37,55;Rohdaten
2020-10-26;37,22;Rohdaten
2020-10-27;37,54;Rohdaten
2020-10-28;37,51;Rohdaten
2020-10-29;37,74;Rohdaten
2020-10-30;37,01;Rohdaten
2020-10-31;36,91;Rohdaten
2020-11-01;36,75;Rohdaten
2020-11-02;36,55;Rohdaten
2020-11-03;37,34;Rohdaten
2020-11-04;37,81;Rohdaten
2020-11-05;37,56;Rohdaten
2020-11-06;38,45;Rohdaten
2020-11-07;37,87;Rohdaten
2020-11-08;37,86;Rohdaten
2020-11-09;38,39;Rohdaten
2020-11-10;37,64;Rohdaten
2020-11-11;37,20;Rohdaten
2020-11-12;36,90;Rohdaten
2020-11-13;36,69;Rohdaten
2020-11-14;36,50;Rohdaten
2020-11-15;36,31;Rohdaten
2020-11-16;36,09;Rohdaten
2020-11-17;35,93;Rohdaten
2020-11-18;35,91;Rohdaten
2020-11-19;36,19;Rohdaten
2020-11-20;36,50;Rohdaten
2020-11-21;36,66;Rohdaten
2020-11-22;36,70;Rohdaten
2020-11-23;36,97;Rohdaten
2020-11-24;35,99;Rohdaten
2020-11-25;34,26;Rohdaten
2020-11-26;32,77;Rohdaten
2020-11-27;32,56;Rohdaten
2020-11-28;31,94;Rohdaten
2020-11-29;31,05;Rohdaten
2020-11-30;30,01;Rohdaten
2020-12-01;29,52;Rohdaten
2020-12-02;29,47;Rohdaten
2020-12-03;29,70;Rohdaten
2020-12-04;29,91;Rohdaten
2020-12-05;30,61;Rohdaten
2020-12-06;30,33;Rohdaten
2020-12-07;31,00;Rohdaten
2020-12-08;32,24;Rohdaten
2020-12-09;32,39;Rohdaten
2020-12-10;32,14;Rohdaten
2020-12-11;31,13;Rohdaten
2020-12-12;30,82;Rohdaten
2020-12-13;31,15;Rohdaten
2020-12-14;31,65;Rohdaten
2020-12-15;31,95;Rohdaten
2020-12-16;31,48;Rohdaten
2020-12-17;31,35;Rohdaten
2020-12-18;31,63;Rohdaten
2020-12-19;31,79;Rohdaten
2020-12-20;32,21;Rohdaten
2020-12-21;32,82;Rohdaten
2020-12-22;31,77;Rohdaten
2020-12-23;30,93;Rohdaten
2020-12-24;29,42;Rohdaten
2020-12-25;29,06;Rohdaten
2020-12-26;29,10;Rohdaten
2020-12-27;27,96;Rohdaten
2020-12-28;27,91;Rohdaten
2020-12-29;28,01;Rohdaten
2020-12-30;28,32;Rohdaten
2020-12-31;28,26;Rohdaten
2021-01-01;28,28;Rohdaten
2021-01-02;28,46;Rohdaten
2021-01-03;28,27;Rohdaten
2021-01-04;28,31;Rohdaten
2021-01-05;27,65;Rohdaten
2021-01-06;27,66;Rohdaten
2021-01-07;27,91;Rohdaten
2021-01-08;28,18;Rohdaten
2021-01-09;27,80;Rohdaten
2021-01-10;28,01;Rohdaten
2021-01-11;27,23;Rohdaten
2021-01-12;25,88;Rohdaten
2021-01-13;25,45;Rohdaten
2021-01-14;25,79;Rohdaten
2021-01-15;26,08;Rohdaten
2021-01-16;26,09;Rohdaten
2021-01-17;25,94;Rohdaten
2021-01-18;26,98;Rohdaten
2021-01-19;26,97;Rohdaten
2021-01-20;26,66;Rohdaten
2021-01-21;26,69;Rohdaten
2021-01-22;27,40;Rohdaten
2021-01-23;27,49;Rohdaten
2021-01-24;26,99;Rohdaten
2021-01-25;27,33;Rohdaten
2021-01-26;27,76;Rohdaten
2021-01-27;27,48;Rohdaten
2021-01-28;26,55;Rohdaten
2021-01-29;26,08;Rohdaten
2021-01-30;30,59;Rohdaten
2021-01-31;33,35;Rohdaten
2021-02-01;30,73;Rohdaten
2021-02-02;29,72;Rohdaten
2021-02-03;29,16;Rohdaten
2021-02-04;28,61;Rohdaten
2021-02-05;29,60;Rohdaten
2021-02-06;30,88;Rohdaten
2021-02-07;31,47;Rohdaten
2021-02-08;33,23;Rohdaten
2021-02-09;33,57;Rohdaten
2021-02-10;33,74;Rohdaten
2021-02-11;32,56;Rohdaten
2021-02-12;32,42;Rohdaten
2021-02-13;33,08;Rohdaten
2021-02-14;33,62;Rohdaten
2021-02-15;34,46;Rohdaten
2021-02-16;35,16;Rohdaten
2021-02-17;35,83;Rohdaten
2021-02-18;36,54;Rohdaten
2021-02-19;37,26;Rohdaten
2021-02-20;37,41;Rohdaten
2021-02-21;37,83;Rohdaten
2021-02-22;38,52;Rohdaten
2021-02-23;39,67;Rohdaten
2021-02-24;39,02;Rohdaten
2021-02-25;39,44;Rohdaten
2021-02-26;40,36;Rohdaten
2021-02-27;42,05;Rohdaten
2021-02-28;40,71;Rohdaten
2021-03-01;39,95;Rohdaten
2021-03-02;40,49;Rohdaten
2021-03-03;41,79;Rohdaten
2021-03-04;41,79;Rohdaten
2021-03-05;41,07;Rohdaten
2021-03-06;42,61;Rohdaten
2021-03-07;41,33;Rohdaten
2021-03-08;40,31;Rohdaten
2021-03-09;38,58;Rohdaten
2021-03-10;38,31;Rohdaten
2021-03-11;39,53;Rohdaten
2021-03-12;39,85;Rohdaten
2021-03-13;40,18;Rohdaten
2021-03-14;40,60;Rohdaten
2021-03-15;41,69;Rohdaten
2021-03-16;41,41;Rohdaten
2021-03-17;41,49;Rohdaten
2021-03-18;42,08;Rohdaten
2021-03-19;41,64;Rohdaten
2021-03-20;41,11;Rohdaten
2021-03-21;41,44;Rohdaten
2021-03-22;42,98;Rohdaten
2021-03-23;42,18;Rohdaten
2021-03-24;41,81;Rohdaten
2021-03-25;44,00;Rohdaten
2021-03-26;44,80;Rohdaten
2021-03-27;46,07;Rohdaten
2021-03-28;46,77;Rohdaten
2021-03-29;47,26;Rohdaten
2021-03-30;47,45;Rohdaten
2021-03-31;45,95;Rohdaten
2021-04-01;43,77;Rohdaten
2021-04-02;44,63;Rohdaten
2021-04-03;44,69;Rohdaten
2021-04-04;42,41;Rohdaten
2021-04-05;40,81;Rohdaten
2021-04-06;42,93;Rohdaten
2021-04-07;40,88;Rohdaten
2021-04-08;40,22;Rohdaten
2021-04-09;46,21;Rohdaten
2021-04-10;44,77;Rohdaten
2021-04-11;43,31;Rohdaten
2021-04-12;42,59;Rohdaten
2021-04-13;41,30;Rohdaten
2021-04-14;40,70;Rohdaten
2021-04-15;43,32;Rohdaten
2021-04-16;42,11;Rohdaten
2021-04-17;41,65;Rohdaten
2021-04-18;39,89;Rohdaten
2021-04-19;40,05;Rohdaten
2021-04-20;41,11;Rohdaten
2021-04-21;41,73;Rohdaten
2021-04-22;40,99;Rohdaten
2021-04-23;41,70;Rohdaten
2021-04-24;42,34;Rohdaten
2021-04-25;43,23;Rohdaten
2021-04-26;44,22;Rohdaten
2021-04-27;45,41;Rohdaten
2021-04-28;46,74;Rohdaten
2021-04-29;47,64;Rohdaten
2021-04-30;48,06;Rohdaten
2021-05-01;48,54;Rohdaten
2021-05-02;48,88;Rohdaten
2021-05-03;49,64;Rohdaten
2021-05-04;50,00;Rohdaten
2021-05-05;50,55;Rohdaten
2021-05-06;51,17;Rohdaten
2021-05-07;50,92;Rohdaten
2021-05-08;50,60;Rohdaten
2021-05-09;49,45;Rohdaten
2021-05-10;49,59;Rohdaten
2021-05-11;50,60;Rohdaten
2021-05-12;52,04;Rohdaten
2021-05-13;52,85;Rohdaten
2021-05-14;53,90;Rohdaten
2021-05-15;54,71;Rohdaten
2021-05-16;55,89;Rohdaten
2021-05-17;56,45;Rohdaten
2021-05-18;57,54;Rohdaten
2021-05-19;58,61;Rohdaten
2021-05-20;59,05;Rohdaten
2021-05-21;57,60;Rohdaten
2021-05-22;57,72;Rohdaten
2021-05-23;56,57;Rohdaten
2021-05-24;55,39;Rohdaten
2021-05-25;56,97;Rohdaten
2021-05-26;58,62;Rohdaten
2021-05-27;58,70;Rohdaten
2021-05-28;59,19;Rohdaten
2021-05-29;58,96;Rohdaten
2021-05-30;58,39;Rohdaten
2021-05-31;48,96;Rohdaten
2021-06-01;47,43;Rohdaten
2021-06-02;48,39;Rohdaten
2021-06-03;49,52;Rohdaten
2021-06-04;48,90;Rohdaten
2021-06-05;48,52;Rohdaten
2021-06-06;48,90;Rohdaten
2021-06-07;48,33;Rohdaten
2021-06-08;51,49;Rohdaten
2021-06-09;52,95;Rohdaten
2021-06-10;53,61;Rohdaten
2021-06-11;53,35;Rohdaten
2021-06-12;54,54;Rohdaten
2021-06-13;54,11;Rohdaten
2021-06-14;53,32;Rohdaten
2021-06-15;55,35;Rohdaten
2021-06-16;55,59;Rohdaten
2021-06-17;55,79;Rohdaten
2021-06-18;53,49;Rohdaten
2021-06-19;51,70;Rohdaten
2021-06-20;52,19;Rohdaten
2021-06-21;53,22;Rohdaten
2021-06-22;54,15;Rohdaten
2021-06-23;56,34;Rohdaten
2021-06-24;56,73;Rohdaten
2021-06-25;55,34;Rohdaten
2021-06-26;54,87;Rohdaten
2021-06-27;54,71;Rohdaten
2021-06-28;54,00;Rohdaten
2021-06-29;52,75;Rohdaten
2021-06-30;48,27;Rohdaten
2021-07-01;50,42;Rohdaten
2021-07-02;48,49;Rohdaten
2021-07-03;49,52;Rohdaten
2021-07-04;48,77;Rohdaten
2021-07-05;48,52;Rohdaten
2021-07-06;48,13;Rohdaten
2021-07-07;47,66;Rohdaten
2021-07-08;46,18;Rohdaten
2021-07-09;45,06;Rohdaten
2021-07-10;43,91;Rohdaten
2021-07-11;44,06;Rohdaten
2021-07-12;45,21;Rohdaten
2021-07-13;45,91;Rohdaten
2021-07-14;45,46;Rohdaten
2021-07-15;44,79;Rohdaten
2021-07-16;45,33;Rohdaten
2021-07-17;43,73;Rohdaten
2021-07-18;42,58;Rohdaten
2021-07-19;42,44;Rohdaten
2021-07-20;42,28;Rohdaten
2021-07-21;41,97;Rohdaten
2021-07-22;41,72;Rohdaten
2021-07-23;40,76;Rohdaten
2021-07-24;39,95;Rohdaten
2021-07-25;39,35;Rohdaten
2021-07-26;38,77;Rohdaten
2021-07-27;37,83;Rohdaten
2021-07-28;36,78;Rohdaten
2021-07-29;35,31;Rohdaten
2021-07-30;34,58;Rohdaten
2021-07-31;34,42;Rohdaten
2021-08-01;33,12;Rohdaten
2021-08-02;32,83;Rohdaten
2021-08-03;31,99;Rohdaten
2021-08-04;30,81;Rohdaten
2021-08-05;29,89;Rohdaten
2021-08-06;29,04;Rohdaten
2021-08-07;27,57;Rohdaten
2021-08-08;27,43;Rohdaten
2021-08-09;26,89;Rohdaten
2021-08-10;26,52;Rohdaten
2021-08-11;26,14;Rohdaten
2021-08-12;26,70;Rohdaten
2021-08-13;27,21;Rohdaten
2021-08-14;27,23;Rohdaten
2021-08-15;27,00;Rohdaten
2021-08-16;26,33;Rohdaten
2021-08-17;27,36;Rohdaten
2021-08-18;27,10;Rohdaten
2021-08-19;27,00;Rohdaten
2021-08-20;27,49;Rohdaten
2021-08-21;27,75;Rohdaten
2021-08-22;27,83;Rohdaten
2021-08-23;26,26;Rohdaten
2021-08-24;26,01;Rohdaten
2021-08-25;25,61;Rohdaten
2021-08-26;26,05;Rohdaten
2021-08-27;25,92;Rohdaten
2021-08-28;26,06;Rohdaten
2021-08-29;26,09;Rohdaten
2021-08-30;25,96;Rohdaten
2021-08-31;25,54;Rohdaten
2021-09-01;26,08;Rohdaten
2021-09-02;26,46;Rohdaten
2021-09-03;26,65;Rohdaten
2021-09-04;26,97;Rohdaten
2021-09-05;27,51;Rohdaten
2021-09-06;27,96;Rohdaten
2021-09-07;27,97;Rohdaten
2021-09-08;27,97;Rohdaten
2021-09-09;28,33;Rohdaten
2021-09-10;28,43;Rohdaten
2021-09-11;28,64;Rohdaten
2021-09-12;28,45;Rohdaten
2021-09-13;28,34;Rohdaten
2021-09-14;30,23;Rohdaten
2021-09-15;30,98;Rohdaten
2021-09-16;29,81;Rohdaten
2021-09-17;29,83;Rohdaten
2021-09-18;30,23;Rohdaten
2021-09-19;29,98;Rohdaten
2021-09-20;30,43;Rohdaten
2021-09-21;30,65;Rohdaten
2021-09-22;31,14;Rohdaten
2021-09-23;30,77;Rohdaten
2021-09-24;30,68;Rohdaten
2021-09-25;31,00;Rohdaten
2021-09-26;29,74;Rohdaten
2021-09-27;27,96;Rohdaten
2021-09-28;26,76;Rohdaten
2021-09-29;27,34;Rohdaten
2021-09-30;28,64;Rohdaten
2021-10-01;28,42;Rohdaten
2021-10-02;28,15;Rohdaten
2021-10-03;28,04;Rohdaten
2021-10-04;27,62;Rohdaten
2021-10-05;25,94;Rohdaten
2021-10-06;25,87;Rohdaten
2021-10-07;25,88;Rohdaten
2021-10-08;27,87;Rohdaten
2021-10-09;27,67;Rohdaten
2021-10-10;27,10;Rohdaten
2021-10-11;26,21;Rohdaten
2021-10-12;25,63;Rohdaten
2021-10-13;25,47;Rohdaten
2021-10-14;25,16;Rohdaten
2021-10-15;24,44;Rohdaten
2021-10-16;24,72;Rohdaten
2021-10-17;24,70;Rohdaten
2021-10-18;24,66;Rohdaten
2021-10-19;24,11;Rohdaten
2021-10-20;22,33;Rohdaten
2021-10-21;21,40;Rohdaten
2021-10-22;21,80;Rohdaten
2021-10-25;22,56;Rohdaten
2021-10-26;23,06;Rohdaten
2021-11-02;23,15;Rohdaten
2021-11-11;23,52;Rohdaten
2021-11-24;22,01;Rohdaten
2021-12-06;23,51;Rohdaten
2021-12-13;23,15;Rohdaten
2021-12-27;23,27;Rohdaten
2021-12-28;24,20;Rohdaten
2021-12-30;26,24;Rohdaten
2022-01-02;32,26;Rohdaten
2022-01-03;33,97;Rohdaten
2022-01-04;35,23;Rohdaten
2022-01-06;35,20;Rohdaten
2022-01-08;35,11;Rohdaten
2022-01-10;35,16;Rohdaten
2022-01-12;35,05;Rohdaten
2022-01-13;34,94;Rohdaten
2022-01-18;35,32;Rohdaten
2022-01-21;35,74;Rohdaten
2022-01-24;36,15;Rohdaten
2022-01-25;35,79;Rohdaten
2022-01-26;35,06;Rohdaten
2022-01-27;34,66;Rohdaten
2022-01-28;34,51;Rohdaten
2022-01-29;34,34;Rohdaten
2022-01-30;34,36;Rohdaten
2022-01-31;33,65;Rohdaten
2022-02-01;35,10;Rohdaten
2022-02-02;38,62;Rohdaten
2022-02-03;41,71;Rohdaten
2022-02-04;42,52;Rohdaten
2022-02-05;42,94;Rohdaten
2022-02-06;41,28;Rohdaten
2022-02-07;41,60;Rohdaten
2022-02-08;41,40;Rohdaten
2022-02-09;40,66;Rohdaten
2022-02-10;41,04;Rohdaten
2022-02-11;42,38;Rohdaten
2022-02-12;44,55;Rohdaten
2022-02-13;45,17;Rohdaten
2022-02-14;46,38;Rohdaten
2022-02-15;46,98;Rohdaten
2022-02-16;46,84;Rohdaten
2022-02-17;48,73;Rohdaten
2022-02-18;51,57;Rohdaten
2022-02-19;56,37;Rohdaten
2022-02-20;60,23;Rohdaten
2022-02-21;62,46;Rohdaten
2022-02-22;61,74;Rohdaten
2022-02-23;61,89;Rohdaten
2022-02-24;61,25;Rohdaten
2022-02-25;62,63;Rohdaten
2022-02-26;63,91;Rohdaten
2022-02-27;63,94;Rohdaten
2022-02-28;63,97;Rohdaten
2022-03-01;63,69;Rohdaten
2022-03-02;62,06;Rohdaten
2022-03-03;61,87;Rohdaten
2022-03-04;63,31;Rohdaten
2022-03-05;62,90;Rohdaten
2022-03-06;60,79;Rohdaten
2022-03-07;60,03;Rohdaten
2022-03-08;59,56;Rohdaten
2022-03-09;59,27;Rohdaten
2022-03-10;60,52;Rohdaten
2022-03-11;60,16;Rohdaten
2022-03-12;59,53;Rohdaten
2022-03-13;57,88;Rohdaten
2022-03-14;56,72;Rohdaten
2022-03-15;55,68;Rohdaten
2022-03-16;54,20;Rohdaten
2022-03-17;53,09;Rohdaten
2022-03-18;52,52;Rohdaten
2022-03-19;51,07;Rohdaten
2022-03-20;49,58;Rohdaten
2022-03-21;48,85;Rohdaten
2022-03-22;48,24;Rohdaten
2022-03-23;49,37;Rohdaten
2022-03-24;48,75;Rohdaten
2022-03-25;49,34;Rohdaten
2022-03-26;50,70;Rohdaten
2022-03-27;54,56;Rohdaten
2022-03-28;56,95;Rohdaten
2022-03-29;55,33;Rohdaten
2022-03-30;50,34;Rohdaten
2022-03-31;46,49;Rohdaten
2022-04-01;42,02;Rohdaten
2022-04-02;41,62;Rohdaten
2022-04-03;42,73;Rohdaten
2022-04-04;44,29;Rohdaten
2022-04-05;44,01;Rohdaten
2022-04-06;45,00;Rohdaten
2022-04-07;47,34;Rohdaten
2022-04-08;47,53;Rohdaten
2022-04-09;45,87;Rohdaten
2022-04-10;45,45;Rohdaten
2022-04-11;44,96;Rohdaten
2022-04-12;44,98;Rohdaten
2022-04-13;45,99;Rohdaten
2022-04-14;46,87;Rohdaten
2022-04-15;47,76;Rohdaten
2022-04-16;47,97;Rohdaten
2022-04-17;47,57;Rohdaten
2022-04-18;47,20;Rohdaten
2022-04-19;47,85;Rohdaten
2022-04-20;47,69;Rohdaten
2022-04-21;47,49;Rohdaten
2022-04-22;47,77;Rohdaten
2022-04-23;47,76;Rohdaten
2022-04-24;47,30;Rohdaten
2022-04-25;47,85;Rohdaten
2022-04-26;47,68;Rohdaten
2022-04-27;47,03;Rohdaten
2022-04-28;47,17;Rohdaten
2022-04-29;47,13;Rohdaten
2022-04-30;47,55;Rohdaten
2022-05-01;48,38;Rohdaten
2022-05-02;50,07;Rohdaten
2022-05-03;52,42;Rohdaten
2022-05-04;55,17;Rohdaten
2022-05-05;56,02;Rohdaten
2022-05-06;57,31;Rohdaten
2022-05-07;59,64;Rohdaten
2022-05-08;60,37;Rohdaten
2022-05-09;60,50;Rohdaten
2022-05-10;61,35;Rohdaten
2022-05-11;60,13;Rohdaten
2022-05-12;60,48;Rohdaten
2022-05-13;60,36;Rohdaten
2022-05-14;60,29;Rohdaten
2022-05-15;61,33;Rohdaten
2022-05-16;60,91;Rohdaten
2022-05-17;59,51;Rohdaten
2022-05-18;60,63;Rohdaten
2022-05-19;61,68;Rohdaten
2022-05-20;60,23;Rohdaten
2022-05-21;61,42;Rohdaten
2022-05-22;61,97;Rohdaten
2022-05-23;62,57;Rohdaten
2022-05-24;64,10;Rohdaten
2022-05-25;64,74;Rohdaten
2022-05-26;63,97;Rohdaten
2022-05-27;62,51;Rohdaten
2022-05-28;58,81;Rohdaten
2022-05-29;53,56;Rohdaten
2022-05-30;48,70;Rohdaten
2022-05-31;44,87;Rohdaten
2022-06-01;44,33;Rohdaten
2022-06-02;44,52;Rohdaten
2022-06-03;44,08;Rohdaten
2022-06-04;43,86;Rohdaten
2022-06-05;44,00;Rohdaten
2022-06-06;44,13;Rohdaten
2022-06-07;43,75;Rohdaten
2022-06-08;43,07;Rohdaten
2022-06-09;43,67;Rohdaten
2022-06-10;43,62;Rohdaten
2022-06-11;42,59;Rohdaten
2022-06-12;41,95;Rohdaten
2022-06-13;41,63;Rohdaten
2022-06-14;41,67;Rohdaten
2022-06-15;41,15;Rohdaten
2022-06-16;41,26;Rohdaten
2022-06-17;41,38;Rohdaten
2022-06-18;40,72;Rohdaten
2022-06-19;40,04;Rohdaten
2022-06-20;40,03;Rohdaten
2022-06-21;39,91;Rohdaten
2022-06-22;39,85;Rohdaten
2022-06-23;40,04;Rohdaten
2022-06-24;39,94;Rohdaten
2022-06-25;40,08;Rohdaten
2022-06-26;39,94;Rohdaten
2022-06-27;39,75;Rohdaten
2022-06-28;39,35;Rohdaten
2022-06-29;37,79;Rohdaten
2022-06-30;36,98;Rohdaten
2022-07-01;37,44;Rohdaten
2022-07-02;36,61;Rohdaten
2022-07-03;36,43;Rohdaten
2022-07-04;36,71;Rohdaten
2022-07-05;36,62;Rohdaten
2022-07-06;36,94;Rohdaten
2022-07-07;37,05;Rohdaten
2022-07-08;37,73;Rohdaten
2022-07-09;37,55;Rohdaten
2022-07-10;37,62;Rohdaten
2022-07-11;37,67;Rohdaten
2022-07-12;38,05;Rohdaten
2022-07-13;38,21;Rohdaten
2022-07-14;38,56;Rohdaten
2022-07-15;38,47;Rohdaten
2022-07-16;38,45;Rohdaten
2022-07-17;38,05;Rohdaten
2022-07-18;37,62;Rohdaten
2022-07-19;35,81;Rohdaten
2022-07-20;34,02;Rohdaten
2022-07-21;34,21;Rohdaten
2022-07-22;33,70;Rohdaten
2022-07-23;33,69;Rohdaten
2022-07-24;33,81;Rohdaten
2022-07-25;33,41;Rohdaten
2022-07-26;34,07;Rohdaten
2022-07-27;34,22;Rohdaten
2022-07-28;34,26;Rohdaten
2022-07-29;34,22;Rohdaten
2022-07-30;33,73;Rohdaten
2022-07-31;33,65;Rohdaten
2022-08-09;32,71;Rohdaten
2022-08-15;33,11;Rohdaten
2022-12-19;24,37;Rohdaten
2022-12-20;24,81;Rohdaten
2022-12-21;25,52;Rohdaten
2022-12-22;27,07;Rohdaten
2022-12-23;32,35;Rohdaten
2022-12-24;75,51;Rohdaten
2022-12-25;45,13;Rohdaten
2022-12-26;36,71;Rohdaten
2022-12-27;36,64;Rohdaten
2022-12-28;37,52;Rohdaten
2022-12-29;37,50;Rohdaten
2022-12-30;37,46;Rohdaten
2022-12-31;37,15;Rohdaten
