﻿Quelle:;"Bayerisches Landesamt für Umwelt, www.gkd.bayern.de"
Datenbankabfrage:;"24.02.2023 16:00"
Zeitbezug:;MEZ
Messstellen-Name:;"Ellernbachquelle Rossdach 3/6"
Messstellen-Nr.:;5502
Ostwert:;649879;Nordwert:;5543368;"ETRS89 / UTM Zone 32N"

Datum;"Quellschüttung [l/s]";Prüfstatus
2023-01-01;58,29;Rohdaten
2023-01-02;56,50;Rohdaten
2023-01-03;54,55;Rohdaten
2023-01-04;53,33;Rohdaten
2023-01-05;53,11;Rohdaten
2023-01-06;54,63;Rohdaten
2023-01-07;60,47;Rohdaten
2023-01-08;64,46;Rohdaten
2023-01-09;65,10;Rohdaten
2023-01-10;62,27;Rohdaten
2023-01-11;61,37;Rohdaten
2023-01-12;61,17;Rohdaten
2023-01-13;62,02;Rohdaten
2023-01-14;66,06;Rohdaten
2023-01-15;78,94;Rohdaten
2023-01-16;105,98;Rohdaten
2023-01-17;112,74;Rohdaten
2023-01-18;107,99;Rohdaten
2023-01-19;99,10;Rohdaten
2023-01-20;90,30;Rohdaten
2023-01-21;82,20;Rohdaten
2023-01-22;76,40;Rohdaten
2023-01-23;71,77;Rohdaten
2023-01-24;68,54;Rohdaten
2023-01-25;64,93;Rohdaten
2023-01-26;61,88;Rohdaten
2023-01-27;60,25;Rohdaten
2023-01-28;58,66;Rohdaten
2023-01-29;57,17;Rohdaten
2023-01-30;56,44;Rohdaten
2023-01-31;55,16;Rohdaten
