﻿Quelle:;"Bayerisches Landesamt für Umwelt, www.gkd.bayern.de"
Datenbankabfrage:;"24.02.2023 15:39"
Zeitbezug:;MEZ
Messstellen-Name:;"Hetzlesquellen 1-5"
Messstellen-Nr.:;5560
Ostwert:;654843;Nordwert:;5501296;"ETRS89 / UTM Zone 32N"

Datum;"Quellschüttung [l/s]";Prüfstatus
2023-02-01;9,41;Rohdaten
2023-02-02;9,40;Rohdaten
2023-02-03;10,04;Rohdaten
2023-02-04;10,74;Rohdaten
2023-02-05;11,13;Rohdaten
2023-02-06;11,79;Rohdaten
2023-02-07;12,52;Rohdaten
2023-02-08;11,13;Rohdaten
2023-02-09;10,01;Rohdaten
2023-02-10;10,05;Rohdaten
2023-02-11;10,06;Rohdaten
2023-02-12;10,06;Rohdaten
2023-02-13;10,09;Rohdaten
2023-02-14;10,10;Rohdaten
2023-02-15;10,10;Rohdaten
2023-02-16;10,07;Rohdaten
2023-02-17;10,07;Rohdaten
2023-02-18;10,07;Rohdaten
2023-02-19;10,00;Rohdaten
2023-02-20;10,00;Rohdaten
2023-02-21;10,06;Rohdaten
2023-02-22;10,10;Rohdaten
2023-02-23;10,10;Rohdaten
