﻿Quelle:;"Bayerisches Landesamt für Umwelt, www.gkd.bayern.de"
Datenbankabfrage:;"24.02.2023 16:00"
Zeitbezug:;MEZ
Messstellen-Name:;"Kleinalfalterbach Quelle 1"
Messstellen-Nr.:;20560
Ostwert:;686476;Nordwert:;5452626;"ETRS89 / UTM Zone 32N"

Datum;"Quellschüttung [l/s]";Prüfstatus
2012-09-12;0,63;Rohdaten
2012-09-13;0,63;Rohdaten
2012-09-14;0,64;Rohdaten
2012-09-15;0,64;Rohdaten
2012-09-16;0,65;Rohdaten
2012-09-17;0,65;Rohdaten
2012-09-18;0,66;Rohdaten
2012-09-19;0,66;Rohdaten
2012-09-20;0,67;Rohdaten
2012-09-21;0,67;Rohdaten
2012-09-22;0,67;Rohdaten
2012-09-23;0,68;Rohdaten
2012-09-24;0,69;Rohdaten
2012-09-25;0,69;Rohdaten
2012-09-26;0,70;Rohdaten
2012-09-27;0,71;Rohdaten
2012-09-28;0,71;Rohdaten
2012-09-29;0,71;Rohdaten
2012-09-30;0,72;Rohdaten
2012-10-01;0,72;Rohdaten
2012-10-02;0,73;Rohdaten
2012-10-03;0,73;Rohdaten
2012-10-04;0,73;Rohdaten
2012-10-05;0,74;Rohdaten
2012-10-06;0,74;Rohdaten
2012-10-07;0,76;Rohdaten
2012-10-08;0,76;Rohdaten
2012-10-09;0,76;Rohdaten
2012-10-10;0,76;Rohdaten
2012-10-11;0,77;Rohdaten
2012-10-12;0,78;Rohdaten
2012-10-13;0,78;Rohdaten
2012-10-14;0,79;Rohdaten
2012-10-15;0,80;Rohdaten
2012-10-16;0,80;Rohdaten
2012-10-17;0,80;Rohdaten
2012-10-18;0,81;Rohdaten
2012-10-19;0,81;Rohdaten
2012-10-20;0,82;Rohdaten
2012-10-21;0,82;Rohdaten
2012-10-22;0,82;Rohdaten
2012-10-23;0,83;Rohdaten
2012-10-24;0,83;Rohdaten
2012-10-25;0,84;Rohdaten
2012-10-26;0,84;Rohdaten
2012-10-27;0,85;Rohdaten
2012-10-28;0,86;Rohdaten
2012-10-29;0,86;Rohdaten
2012-10-30;0,86;Rohdaten
2012-10-31;0,87;Rohdaten
2012-11-01;0,88;Rohdaten
2012-11-02;0,90;Rohdaten
2012-11-03;0,90;Rohdaten
2012-11-04;0,90;Rohdaten
2012-11-05;0,94;Rohdaten
2012-11-06;0,95;Rohdaten
2012-11-07;0,94;Rohdaten
2012-11-08;0,92;Rohdaten
2012-11-09;0,93;Rohdaten
2012-11-10;0,94;Rohdaten
2012-11-11;0,96;Rohdaten
2012-11-12;0,97;Rohdaten
2012-11-13;0,96;Rohdaten
2012-11-14;0,94;Rohdaten
2012-11-15;0,88;Rohdaten
2012-11-16;0,83;Rohdaten
2012-11-17;0,79;Rohdaten
2012-11-18;0,76;Rohdaten
2012-11-19;0,71;Rohdaten
2012-11-20;0,71;Rohdaten
2012-11-21;0,69;Rohdaten
2012-11-22;0,67;Rohdaten
2012-11-23;0,66;Rohdaten
2012-11-24;0,65;Rohdaten
2012-11-25;0,64;Rohdaten
2012-11-26;0,61;Rohdaten
2012-11-27;0,59;Rohdaten
2012-11-28;0,58;Rohdaten
2012-11-29;0,70;Rohdaten
2012-11-30;0,81;Rohdaten
2012-12-01;0,91;Rohdaten
2012-12-02;1,00;Rohdaten
2012-12-03;1,01;Rohdaten
2012-12-04;1,18;Rohdaten
2012-12-05;1,68;Rohdaten
2012-12-06;1,82;Rohdaten
2012-12-07;1,98;Rohdaten
2012-12-08;1,90;Rohdaten
2012-12-09;1,71;Rohdaten
2012-12-10;1,66;Rohdaten
2012-12-11;1,43;Rohdaten
2012-12-12;1,33;Rohdaten
2012-12-13;1,35;Rohdaten
2012-12-14;1,38;Rohdaten
2012-12-15;2,97;Rohdaten
2012-12-16;6,20;Rohdaten
2012-12-17;6,76;Rohdaten
2012-12-18;6,97;Rohdaten
2012-12-19;6,99;Rohdaten
2012-12-20;7,02;Rohdaten
2012-12-21;7,13;Rohdaten
2012-12-22;6,92;Rohdaten
2012-12-23;8,23;Rohdaten
2012-12-24;9,29;Rohdaten
2012-12-25;9,02;Rohdaten
2012-12-26;9,11;Rohdaten
2012-12-27;9,02;Rohdaten
2012-12-28;9,16;Rohdaten
2012-12-29;8,80;Rohdaten
2012-12-30;8,81;Rohdaten
2012-12-31;8,60;Rohdaten
2013-01-01;8,57;Rohdaten
2013-01-02;8,58;Rohdaten
2013-01-03;8,33;Rohdaten
2013-01-04;7,96;Rohdaten
2013-01-05;8,08;Rohdaten
2013-01-06;8,08;Rohdaten
2013-01-07;8,01;Rohdaten
2013-01-08;7,92;Rohdaten
2013-01-09;7,87;Rohdaten
2013-01-10;7,83;Rohdaten
2013-01-11;7,94;Rohdaten
2013-01-12;7,83;Rohdaten
2013-01-13;7,59;Rohdaten
2013-01-14;7,62;Rohdaten
2013-01-15;7,50;Rohdaten
2013-01-16;7,43;Rohdaten
2013-01-17;7,46;Rohdaten
2013-01-18;7,24;Rohdaten
2013-01-19;7,17;Rohdaten
2013-01-20;7,23;Rohdaten
2013-01-21;7,11;Rohdaten
2013-01-22;7,09;Rohdaten
2013-01-23;7,04;Rohdaten
2013-01-24;7,06;Rohdaten
2013-01-25;6,93;Rohdaten
2013-01-26;6,85;Rohdaten
2013-01-27;6,61;Rohdaten
2013-01-28;6,72;Rohdaten
2013-01-29;6,63;Rohdaten
2013-01-30;7,07;Rohdaten
2013-01-31;7,50;Rohdaten
2013-02-01;7,37;Rohdaten
2013-02-02;7,77;Rohdaten
2013-02-03;7,68;Rohdaten
2013-02-04;7,78;Rohdaten
2013-02-05;7,76;Rohdaten
2013-02-06;8,21;Rohdaten
2013-02-07;8,33;Rohdaten
2013-02-08;8,24;Rohdaten
2013-02-09;8,19;Rohdaten
2013-02-10;8,00;Rohdaten
2013-02-11;7,92;Rohdaten
2013-02-12;7,86;Rohdaten
2013-02-13;7,80;Rohdaten
2013-02-14;7,45;Rohdaten
2013-02-15;7,53;Rohdaten
2013-02-16;7,30;Rohdaten
2013-02-17;7,26;Rohdaten
2013-02-18;7,14;Rohdaten
2013-02-19;7,06;Rohdaten
2013-02-20;7,08;Rohdaten
2013-02-21;6,80;Rohdaten
2013-02-22;6,79;Rohdaten
2013-02-23;6,74;Rohdaten
2013-02-24;6,67;Rohdaten
2013-02-25;6,74;Rohdaten
2013-02-26;6,63;Rohdaten
2013-02-27;6,53;Rohdaten
2013-02-28;6,41;Rohdaten
2013-03-01;6,30;Rohdaten
2013-03-02;6,29;Rohdaten
2013-03-03;6,31;Rohdaten
2013-03-04;6,23;Rohdaten
2013-03-05;6,20;Rohdaten
2013-03-06;6,11;Rohdaten
2013-03-07;6,09;Rohdaten
2013-03-08;6,22;Rohdaten
2013-03-09;6,38;Rohdaten
2013-03-10;6,31;Rohdaten
2013-03-11;6,45;Rohdaten
2013-03-12;6,42;Rohdaten
2013-03-13;6,39;Rohdaten
2013-03-14;6,34;Rohdaten
2013-03-15;6,33;Rohdaten
2013-03-16;6,16;Rohdaten
2013-03-17;5,97;Rohdaten
2013-03-18;5,78;Rohdaten
2013-03-19;5,16;Rohdaten
2013-03-20;5,08;Rohdaten
2013-03-21;5,09;Rohdaten
2013-03-22;5,20;Rohdaten
2013-03-23;5,34;Rohdaten
2013-03-24;5,27;Rohdaten
2013-03-25;5,14;Rohdaten
2013-03-26;5,05;Rohdaten
2013-03-27;4,95;Rohdaten
2013-03-28;4,78;Rohdaten
2013-03-29;4,65;Rohdaten
2013-03-30;4,41;Rohdaten
2013-03-31;4,07;Rohdaten
2013-04-01;3,80;Rohdaten
2013-04-02;3,54;Rohdaten
2013-04-03;3,31;Rohdaten
2013-04-04;3,16;Rohdaten
2013-04-05;3,03;Rohdaten
2013-04-06;2,80;Rohdaten
2013-04-07;2,65;Rohdaten
2013-04-08;2,62;Rohdaten
2013-04-09;2,54;Rohdaten
2013-04-10;2,48;Rohdaten
2013-04-11;2,50;Rohdaten
2013-04-12;2,82;Rohdaten
2013-04-13;2,99;Rohdaten
2013-04-14;2,92;Rohdaten
2013-04-15;2,94;Rohdaten
2013-04-16;2,87;Rohdaten
2013-04-17;2,73;Rohdaten
2013-04-18;2,67;Rohdaten
2013-04-19;2,58;Rohdaten
2013-04-20;2,77;Rohdaten
2013-04-21;2,90;Rohdaten
2013-04-22;2,84;Rohdaten
2013-04-23;2,78;Rohdaten
2013-04-24;2,63;Rohdaten
2013-04-25;2,57;Rohdaten
2013-04-26;2,51;Rohdaten
2013-04-27;2,46;Rohdaten
2013-04-28;2,35;Rohdaten
2013-04-29;2,27;Rohdaten
2013-04-30;2,21;Rohdaten
2013-05-01;2,17;Rohdaten
2013-05-02;2,10;Rohdaten
2013-05-03;2,01;Rohdaten
2013-05-04;1,96;Rohdaten
2013-05-05;1,92;Rohdaten
2013-05-06;1,88;Rohdaten
2013-05-07;1,85;Rohdaten
2013-05-08;1,75;Rohdaten
2013-05-09;1,69;Rohdaten
2013-05-10;1,68;Rohdaten
2013-05-11;1,67;Rohdaten
2013-05-12;1,64;Rohdaten
2013-05-13;1,64;Rohdaten
2013-05-14;1,63;Rohdaten
2013-05-15;1,59;Rohdaten
2013-05-16;1,58;Rohdaten
2013-05-17;1,53;Rohdaten
2013-05-18;1,54;Rohdaten
2013-05-19;1,54;Rohdaten
2013-05-20;1,51;Rohdaten
2013-05-21;1,50;Rohdaten
2013-05-22;1,51;Rohdaten
2013-05-23;1,49;Rohdaten
2013-05-24;1,43;Rohdaten
2013-05-25;1,42;Rohdaten
2013-05-26;1,85;Rohdaten
2013-05-27;6,10;Rohdaten
2013-05-28;6,30;Rohdaten
2013-05-29;6,34;Rohdaten
2013-05-30;6,38;Rohdaten
2013-05-31;6,19;Rohdaten
2013-06-01;6,47;Rohdaten
2013-06-02;6,44;Rohdaten
2013-06-03;6,43;Rohdaten
2013-06-04;6,32;Rohdaten
2013-06-05;6,30;Rohdaten
2013-06-06;6,60;Rohdaten
2013-06-07;6,70;Rohdaten
2013-06-08;6,68;Rohdaten
2013-06-09;6,64;Rohdaten
2013-06-10;6,57;Rohdaten
2013-06-11;6,49;Rohdaten
2013-06-12;6,61;Rohdaten
2013-06-13;6,57;Rohdaten
2013-06-14;6,69;Rohdaten
2013-06-15;6,73;Rohdaten
2013-06-16;6,67;Rohdaten
2013-06-17;6,59;Rohdaten
2013-06-18;6,59;Rohdaten
2013-06-19;6,43;Rohdaten
2013-06-20;5,99;Rohdaten
2013-06-21;5,75;Rohdaten
2013-06-22;5,52;Rohdaten
2013-06-23;5,29;Rohdaten
2013-06-24;5,12;Rohdaten
2013-06-25;4,82;Rohdaten
2013-06-26;4,71;Rohdaten
2013-06-27;4,43;Rohdaten
2013-06-28;4,01;Rohdaten
2013-06-29;3,65;Rohdaten
2013-06-30;3,35;Rohdaten
2013-07-01;3,12;Rohdaten
2013-07-02;2,92;Rohdaten
2013-07-03;2,70;Rohdaten
2013-07-04;2,58;Rohdaten
2013-07-05;2,47;Rohdaten
2013-07-06;2,34;Rohdaten
2013-07-07;2,34;Rohdaten
2013-07-08;2,23;Rohdaten
2013-07-09;2,13;Rohdaten
2013-07-10;2,02;Rohdaten
2013-07-11;1,99;Rohdaten
2013-07-12;1,90;Rohdaten
2013-07-13;1,85;Rohdaten
2013-07-14;1,82;Rohdaten
2013-07-15;1,75;Rohdaten
2013-07-16;1,73;Rohdaten
2013-07-17;1,68;Rohdaten
2013-07-18;1,62;Rohdaten
2013-07-19;1,59;Rohdaten
2013-07-20;1,55;Rohdaten
2013-07-21;1,55;Rohdaten
2013-07-22;1,52;Rohdaten
2013-07-23;1,48;Rohdaten
2013-07-24;1,46;Rohdaten
2013-07-25;1,44;Rohdaten
2013-07-26;1,41;Rohdaten
2013-07-27;1,38;Rohdaten
2013-07-28;1,33;Rohdaten
2013-07-29;1,31;Rohdaten
2013-07-30;1,30;Rohdaten
2013-07-31;1,28;Rohdaten
2013-08-01;1,25;Rohdaten
2013-08-02;1,22;Rohdaten
2013-08-03;1,19;Rohdaten
2013-08-04;1,29;Rohdaten
2013-08-05;1,36;Rohdaten
2013-08-06;1,27;Rohdaten
2013-08-07;1,20;Rohdaten
2013-08-08;1,16;Rohdaten
2013-08-09;1,18;Rohdaten
2013-08-10;1,20;Rohdaten
2013-08-11;1,14;Rohdaten
2013-08-12;1,10;Rohdaten
2013-08-13;1,05;Rohdaten
2013-08-14;1,04;Rohdaten
2013-08-15;1,01;Rohdaten
2013-08-16;0,99;Rohdaten
2013-08-17;0,94;Rohdaten
2013-08-18;0,91;Rohdaten
2013-08-19;0,92;Rohdaten
2013-08-20;0,92;Rohdaten
2013-08-21;0,90;Rohdaten
2013-08-22;0,85;Rohdaten
2013-08-23;0,80;Rohdaten
2013-08-24;0,78;Rohdaten
2013-08-25;0,81;Rohdaten
2013-08-26;0,82;Rohdaten
2013-08-27;0,79;Rohdaten
2013-08-28;0,75;Rohdaten
2013-08-29;0,74;Rohdaten
2013-08-30;0,71;Rohdaten
2013-08-31;0,68;Rohdaten
2013-09-01;0,65;Rohdaten
2013-09-02;0,62;Rohdaten
2013-09-03;0,60;Rohdaten
2013-09-04;0,58;Rohdaten
2013-09-05;0,55;Rohdaten
2013-09-06;0,52;Rohdaten
2013-09-07;0,50;Rohdaten
2013-09-08;0,50;Rohdaten
2013-09-09;1,63;Rohdaten
2013-09-10;1,32;Rohdaten
2013-09-11;1,17;Rohdaten
2013-09-12;4,14;Rohdaten
2013-09-13;5,70;Rohdaten
2013-09-14;5,79;Rohdaten
2013-09-15;5,94;Rohdaten
2013-09-16;5,75;Rohdaten
2013-09-17;5,81;Rohdaten
2013-09-18;6,06;Rohdaten
2013-09-19;6,23;Rohdaten
2013-09-20;6,29;Rohdaten
2013-09-21;6,28;Rohdaten
2013-09-22;6,34;Rohdaten
2013-09-23;5,94;Rohdaten
2013-09-24;5,38;Rohdaten
2013-09-25;4,84;Rohdaten
2013-09-26;4,45;Rohdaten
2013-09-27;4,18;Rohdaten
2013-09-28;3,82;Rohdaten
2013-09-29;3,39;Rohdaten
2013-09-30;3,11;Rohdaten
2013-10-01;2,83;Rohdaten
2013-10-02;2,63;Rohdaten
2013-10-03;2,42;Rohdaten
2013-10-04;2,34;Rohdaten
2013-10-05;2,24;Rohdaten
2013-10-06;2,14;Rohdaten
2013-10-07;2,05;Rohdaten
2013-10-08;1,91;Rohdaten
2013-10-09;2,23;Rohdaten
2013-10-10;2,55;Rohdaten
2013-10-11;2,50;Rohdaten
2013-10-12;2,42;Rohdaten
2013-10-13;2,38;Rohdaten
2013-10-14;2,27;Rohdaten
2013-10-15;2,47;Rohdaten
2013-10-16;3,80;Rohdaten
2013-10-17;4,27;Rohdaten
2013-10-18;4,37;Rohdaten
2013-10-19;4,25;Rohdaten
2013-10-20;4,06;Rohdaten
2013-10-21;3,91;Rohdaten
2013-10-22;3,82;Rohdaten
2013-10-23;3,66;Rohdaten
2013-10-24;3,30;Rohdaten
2013-10-25;3,13;Rohdaten
2013-10-26;2,95;Rohdaten
2013-10-27;2,86;Rohdaten
2013-10-28;2,71;Rohdaten
2013-10-29;2,63;Rohdaten
2013-10-30;2,53;Rohdaten
2013-10-31;2,52;Rohdaten
2013-11-01;2,55;Rohdaten
2013-11-02;2,53;Rohdaten
2013-11-03;2,66;Rohdaten
2013-11-04;3,16;Rohdaten
2013-11-05;3,25;Rohdaten
2013-11-06;4,22;Rohdaten
2013-11-07;13,26;Rohdaten
2013-11-08;13,09;Rohdaten
2013-11-09;13,47;Rohdaten
2013-11-10;14,03;Rohdaten
2013-11-11;14,33;Rohdaten
2013-11-12;14,14;Rohdaten
2013-11-13;14,25;Rohdaten
2013-11-14;14,03;Rohdaten
2013-11-15;14,21;Rohdaten
2013-11-16;14,30;Rohdaten
2013-11-17;13,08;Rohdaten
2013-11-18;11,89;Rohdaten
2013-11-19;10,26;Rohdaten
2013-11-20;10,38;Rohdaten
2013-11-21;10,57;Rohdaten
2013-11-22;10,07;Rohdaten
2013-11-23;8,67;Rohdaten
2013-11-24;7,69;Rohdaten
2013-11-25;6,70;Rohdaten
2013-11-26;6,22;Rohdaten
2013-11-27;5,86;Rohdaten
2013-11-28;5,38;Rohdaten
2013-11-29;5,05;Rohdaten
2013-11-30;4,73;Rohdaten
2013-12-01;3,97;Rohdaten
2013-12-02;3,69;Rohdaten
2013-12-03;3,51;Rohdaten
2013-12-04;3,30;Rohdaten
2013-12-05;3,15;Rohdaten
2013-12-06;2,96;Rohdaten
2013-12-07;2,80;Rohdaten
2013-12-08;3,30;Rohdaten
2013-12-09;13,17;Rohdaten
2013-12-10;13,81;Rohdaten
2013-12-11;13,31;Rohdaten
2013-12-12;13,31;Rohdaten
2013-12-13;;Rohdaten
2013-12-14;;Rohdaten
2013-12-15;;Rohdaten
2013-12-16;;Rohdaten
2013-12-17;;Rohdaten
2013-12-18;6,09;Rohdaten
2013-12-19;5,72;Rohdaten
2013-12-20;5,12;Rohdaten
2013-12-21;4,78;Rohdaten
2013-12-22;4,48;Rohdaten
2013-12-23;4,18;Rohdaten
2013-12-24;4,07;Rohdaten
2013-12-25;3,92;Rohdaten
2013-12-26;3,70;Rohdaten
2013-12-27;3,39;Rohdaten
2013-12-28;3,30;Rohdaten
2013-12-29;3,05;Rohdaten
2013-12-30;2,93;Rohdaten
2013-12-31;2,93;Rohdaten
2014-01-01;2,78;Rohdaten
2014-01-02;2,73;Rohdaten
2014-01-03;2,60;Rohdaten
2014-01-04;2,57;Rohdaten
2014-01-05;2,54;Rohdaten
2014-01-06;2,57;Rohdaten
2014-01-07;2,61;Rohdaten
2014-01-08;2,66;Rohdaten
2014-01-09;2,80;Rohdaten
2014-01-10;2,85;Rohdaten
2014-01-11;2,97;Rohdaten
2014-01-12;3,04;Rohdaten
2014-01-13;3,20;Rohdaten
2014-01-14;3,55;Rohdaten
2014-01-15;11,51;Rohdaten
2014-01-16;13,54;Rohdaten
2014-01-17;12,63;Rohdaten
2014-01-18;11,35;Rohdaten
2014-01-19;10,43;Rohdaten
2014-01-20;8,87;Rohdaten
2014-01-21;7,18;Rohdaten
2014-01-22;6,31;Rohdaten
2014-01-23;5,81;Rohdaten
2014-01-24;5,12;Rohdaten
2014-01-25;4,68;Rohdaten
2014-01-26;4,55;Rohdaten
2014-01-27;4,24;Rohdaten
2014-01-28;4,02;Rohdaten
2014-01-29;4,02;Rohdaten
2014-01-30;3,90;Rohdaten
2014-01-31;3,68;Rohdaten
2014-02-01;3,51;Rohdaten
2014-02-02;3,35;Rohdaten
2014-02-03;3,34;Rohdaten
2014-02-04;3,31;Rohdaten
2014-02-05;3,34;Rohdaten
2014-02-06;3,32;Rohdaten
2014-02-07;4,79;Rohdaten
2014-02-08;13,72;Rohdaten
2014-02-09;13,15;Rohdaten
2014-02-10;14,55;Rohdaten
2014-02-11;13,38;Rohdaten
2014-02-12;13,35;Rohdaten
2014-02-13;12,69;Rohdaten
2014-02-14;11,48;Rohdaten
2014-02-15;10,05;Rohdaten
2014-02-16;8,45;Rohdaten
2014-02-17;7,27;Rohdaten
2014-02-18;6,47;Rohdaten
2014-02-19;5,86;Rohdaten
2014-02-20;5,41;Rohdaten
2014-02-21;5,01;Rohdaten
2014-02-22;4,63;Rohdaten
2014-02-23;4,35;Rohdaten
2014-02-24;4,11;Rohdaten
2014-02-25;3,82;Rohdaten
2014-02-26;3,60;Rohdaten
2014-02-27;3,40;Rohdaten
2014-02-28;3,26;Rohdaten
2014-03-01;3,02;Rohdaten
2014-03-02;2,81;Rohdaten
2014-03-03;2,67;Rohdaten
2014-03-04;2,48;Rohdaten
2014-03-05;2,37;Rohdaten
2014-03-06;2,38;Rohdaten
2014-03-07;2,31;Rohdaten
2014-03-08;2,27;Rohdaten
2014-03-09;2,17;Rohdaten
2014-03-10;2,13;Rohdaten
2014-03-11;2,04;Rohdaten
2014-03-12;2,03;Rohdaten
2014-03-13;1,98;Rohdaten
2014-03-14;1,92;Rohdaten
2014-03-15;1,94;Rohdaten
2014-03-16;1,89;Rohdaten
2014-03-17;1,87;Rohdaten
2014-03-18;1,88;Rohdaten
2014-03-19;1,84;Rohdaten
2014-03-20;1,84;Rohdaten
2014-03-21;1,75;Rohdaten
2014-03-22;1,72;Rohdaten
2014-03-23;1,61;Rohdaten
2014-03-24;1,61;Rohdaten
2014-03-25;1,68;Rohdaten
2014-03-26;1,66;Rohdaten
2014-03-27;1,63;Rohdaten
2014-03-28;1,59;Rohdaten
2014-03-29;1,60;Rohdaten
2014-03-30;1,60;Rohdaten
2014-03-31;1,54;Rohdaten
2014-04-01;1,49;Rohdaten
2014-04-02;1,46;Rohdaten
2014-04-03;1,41;Rohdaten
2014-04-04;1,35;Rohdaten
2014-04-05;1,32;Rohdaten
2014-04-06;1,32;Rohdaten
2014-04-07;1,32;Rohdaten
2014-04-08;1,28;Rohdaten
2014-04-09;1,26;Rohdaten
2014-04-10;1,24;Rohdaten
2014-04-11;1,21;Rohdaten
2014-04-12;1,17;Rohdaten
2014-04-13;1,12;Rohdaten
2014-04-14;1,09;Rohdaten
2014-04-15;1,05;Rohdaten
2014-04-16;1,07;Rohdaten
2014-04-17;1,05;Rohdaten
2014-04-18;0,98;Rohdaten
2014-04-19;0,93;Rohdaten
2014-04-20;0,90;Rohdaten
2014-04-21;0,87;Rohdaten
2014-04-22;0,85;Rohdaten
2014-04-23;0,85;Rohdaten
2014-04-24;0,86;Rohdaten
2014-04-25;0,83;Rohdaten
2014-04-26;0,81;Rohdaten
2014-04-27;0,81;Rohdaten
2014-04-28;0,83;Rohdaten
2014-04-29;0,80;Rohdaten
2014-04-30;0,77;Rohdaten
2014-05-01;0,75;Rohdaten
2014-05-02;0,77;Rohdaten
2014-05-03;0,75;Rohdaten
2014-05-04;0,75;Rohdaten
2014-05-05;0,74;Rohdaten
2014-05-06;0,73;Rohdaten
2014-05-07;0,73;Rohdaten
2014-05-08;0,73;Rohdaten
2014-05-09;0,75;Rohdaten
2014-05-10;0,71;Rohdaten
2014-05-11;0,72;Rohdaten
2014-05-12;0,71;Rohdaten
2014-05-13;0,71;Rohdaten
2014-05-14;0,72;Rohdaten
2014-05-15;0,71;Rohdaten
2014-05-16;0,70;Rohdaten
2014-05-17;0,70;Rohdaten
2014-05-18;0,67;Rohdaten
2014-05-19;0,64;Rohdaten
2014-05-20;0,62;Rohdaten
2014-05-21;0,64;Rohdaten
2014-05-22;0,61;Rohdaten
2014-05-23;0,59;Rohdaten
2014-05-24;0,58;Rohdaten
2014-05-25;0,60;Rohdaten
2014-05-26;0,65;Rohdaten
2014-05-27;0,76;Rohdaten
2014-05-28;0,77;Rohdaten
2014-05-29;0,82;Rohdaten
2014-05-30;0,89;Rohdaten
2014-05-31;0,89;Rohdaten
2014-06-01;0,90;Rohdaten
2014-06-02;0,96;Rohdaten
2014-06-03;1,05;Rohdaten
2014-06-04;1,03;Rohdaten
2014-06-05;0,96;Rohdaten
2014-06-06;0,84;Rohdaten
2014-06-07;0,84;Rohdaten
2014-06-08;0,81;Rohdaten
2014-06-09;0,80;Rohdaten
2014-06-10;0,79;Rohdaten
2014-06-11;0,87;Rohdaten
2014-06-12;1,01;Rohdaten
2014-06-13;0,93;Rohdaten
2014-06-14;0,91;Rohdaten
2014-06-15;0,89;Rohdaten
2014-06-16;0,85;Rohdaten
2014-06-17;0,83;Rohdaten
2014-06-18;0,83;Rohdaten
2014-06-19;0,81;Rohdaten
2014-06-20;0,80;Rohdaten
2014-06-21;0,78;Rohdaten
2014-06-22;0,76;Rohdaten
2014-06-23;0,75;Rohdaten
2014-06-24;0,73;Rohdaten
2014-06-25;0,71;Rohdaten
2014-06-26;0,73;Rohdaten
2014-06-27;0,72;Rohdaten
2014-06-28;0,72;Rohdaten
2014-06-29;0,71;Rohdaten
2014-06-30;0,67;Rohdaten
2014-07-01;0,67;Rohdaten
2014-07-02;0,66;Rohdaten
2014-07-03;0,66;Rohdaten
2014-07-04;0,67;Rohdaten
2014-07-05;0,66;Rohdaten
2014-07-06;0,65;Rohdaten
2014-07-07;0,64;Rohdaten
2014-07-08;0,62;Rohdaten
2014-07-09;0,68;Rohdaten
2014-07-10;0,63;Rohdaten
2014-07-11;0,67;Rohdaten
2014-07-12;0,66;Rohdaten
2014-07-13;0,64;Rohdaten
2014-07-14;0,60;Rohdaten
2014-07-15;0,54;Rohdaten
2014-07-16;0,55;Rohdaten
2014-07-17;0,54;Rohdaten
2014-07-18;0,53;Rohdaten
2014-07-19;;Rohdaten
2014-07-20;;Rohdaten
2014-07-21;;Rohdaten
2014-07-22;;Rohdaten
2014-07-23;;Rohdaten
2014-07-24;;Rohdaten
2014-07-25;;Rohdaten
2014-07-26;;Rohdaten
2014-07-27;;Rohdaten
2014-07-28;;Rohdaten
2014-07-29;;Rohdaten
2014-07-30;;Rohdaten
2014-07-31;;Rohdaten
2014-08-01;;Rohdaten
2014-08-02;;Rohdaten
2014-08-03;;Rohdaten
2014-08-04;;Rohdaten
2014-08-05;;Rohdaten
2014-08-06;;Rohdaten
2014-08-07;;Rohdaten
2014-08-08;;Rohdaten
2014-08-09;;Rohdaten
2014-08-10;;Rohdaten
2014-08-11;;Rohdaten
2014-08-12;1,80;Rohdaten
2014-08-13;1,69;Rohdaten
2014-08-14;1,57;Rohdaten
2014-08-15;1,44;Rohdaten
2014-08-16;1,39;Rohdaten
2014-08-17;1,36;Rohdaten
2014-08-18;1,31;Rohdaten
2014-08-19;1,22;Rohdaten
2014-08-20;1,14;Rohdaten
2014-08-21;1,07;Rohdaten
2014-08-22;1,02;Rohdaten
2014-08-23;;Rohdaten
2014-08-24;;Rohdaten
2014-08-25;;Rohdaten
2014-08-26;;Rohdaten
2014-08-27;;Rohdaten
2014-08-28;;Rohdaten
2014-08-29;;Rohdaten
2014-08-30;;Rohdaten
2014-08-31;;Rohdaten
2014-09-01;;Rohdaten
2014-09-02;;Rohdaten
2014-09-03;;Rohdaten
2014-09-04;;Rohdaten
2014-09-05;;Rohdaten
2014-09-06;;Rohdaten
2014-09-07;;Rohdaten
2014-09-08;18,53;Rohdaten
2014-09-09;15,58;Rohdaten
2014-09-10;13,08;Rohdaten
2014-09-11;12,55;Rohdaten
2014-09-12;20,77;Rohdaten
2014-09-13;22,35;Rohdaten
2014-09-14;20,00;Rohdaten
2014-09-15;18,98;Rohdaten
2014-09-16;16,80;Rohdaten
2014-09-17;15,60;Rohdaten
2014-09-18;14,55;Rohdaten
2014-09-19;13,54;Rohdaten
2014-09-20;13,06;Rohdaten
2014-09-21;12,31;Rohdaten
2014-09-22;11,29;Rohdaten
2014-09-23;10,15;Rohdaten
2014-09-24;10,10;Rohdaten
2014-09-25;8,96;Rohdaten
2014-09-26;8,82;Rohdaten
2014-09-27;7,84;Rohdaten
2014-09-28;7,30;Rohdaten
2014-09-29;6,57;Rohdaten
2014-09-30;5,71;Rohdaten
2014-10-01;4,83;Rohdaten
2014-10-02;4,40;Rohdaten
2014-10-03;4,62;Rohdaten
2014-10-04;4,40;Rohdaten
2014-10-05;4,01;Rohdaten
2014-10-06;3,80;Rohdaten
2014-10-07;3,47;Rohdaten
2014-10-08;3,16;Rohdaten
2014-10-09;2,69;Rohdaten
2014-10-10;2,18;Rohdaten
2014-10-11;2,33;Rohdaten
2014-10-12;2,40;Rohdaten
2014-10-13;2,63;Rohdaten
2014-10-14;2,55;Rohdaten
2014-10-15;2,51;Rohdaten
2014-10-16;2,50;Rohdaten
2014-10-17;2,64;Rohdaten
2014-10-18;2,11;Rohdaten
2014-10-19;2,46;Rohdaten
2014-10-20;2,57;Rohdaten
2014-10-21;3,11;Rohdaten
2014-10-22;6,08;Rohdaten
2014-10-23;19,44;Rohdaten
2014-10-24;20,13;Rohdaten
2014-10-25;18,77;Rohdaten
2014-10-26;17,02;Rohdaten
2014-10-27;15,00;Rohdaten
2014-10-28;13,51;Rohdaten
2014-10-29;11,25;Rohdaten
2014-10-30;9,22;Rohdaten
2014-10-31;7,29;Rohdaten
2014-11-01;6,42;Rohdaten
2014-11-02;5,58;Rohdaten
2014-11-03;4,95;Rohdaten
2014-11-04;4,62;Rohdaten
2014-11-05;4,07;Rohdaten
2014-11-06;3,82;Rohdaten
2014-11-07;3,62;Rohdaten
2014-11-08;3,34;Rohdaten
2014-11-09;3,18;Rohdaten
2014-11-10;2,99;Rohdaten
2014-11-11;2,89;Rohdaten
2014-11-12;2,58;Rohdaten
2014-11-13;2,46;Rohdaten
2014-11-14;2,31;Rohdaten
2014-11-15;2,28;Rohdaten
2014-11-16;2,21;Rohdaten
2014-11-17;2,24;Rohdaten
2014-11-18;3,94;Rohdaten
2014-11-19;15,83;Rohdaten
2014-11-20;17,45;Rohdaten
2014-11-21;14,94;Rohdaten
2014-11-22;13,25;Rohdaten
2014-11-23;10,58;Rohdaten
2014-11-24;8,21;Rohdaten
2014-11-25;7,26;Rohdaten
2014-11-26;6,75;Rohdaten
2014-11-27;5,88;Rohdaten
2014-11-28;5,10;Rohdaten
2014-11-29;4,56;Rohdaten
2014-11-30;4,52;Rohdaten
2014-12-01;4,14;Rohdaten
2014-12-02;3,92;Rohdaten
2014-12-03;3,70;Rohdaten
2014-12-04;3,45;Rohdaten
2014-12-05;3,26;Rohdaten
2014-12-06;3,07;Rohdaten
2014-12-07;2,84;Rohdaten
2014-12-08;2,67;Rohdaten
2014-12-09;2,49;Rohdaten
2014-12-10;2,37;Rohdaten
2014-12-11;2,33;Rohdaten
2014-12-12;2,73;Rohdaten
2014-12-13;2,67;Rohdaten
2014-12-14;2,57;Rohdaten
2014-12-15;2,57;Rohdaten
2014-12-16;2,68;Rohdaten
2014-12-17;3,16;Rohdaten
2014-12-18;11,32;Rohdaten
2014-12-19;14,73;Rohdaten
2014-12-20;17,42;Rohdaten
2014-12-21;17,65;Rohdaten
2014-12-22;17,56;Rohdaten
2014-12-23;16,14;Rohdaten
2014-12-24;14,65;Rohdaten
2014-12-25;13,85;Rohdaten
2014-12-26;12,45;Rohdaten
2014-12-27;12,58;Rohdaten
2014-12-28;11,46;Rohdaten
2014-12-29;9,68;Rohdaten
2014-12-30;9,22;Rohdaten
2014-12-31;8,73;Rohdaten
2015-01-01;8,30;Rohdaten
2015-01-02;7,92;Rohdaten
2015-01-03;8,41;Rohdaten
2015-01-04;11,25;Rohdaten
2015-01-05;13,23;Rohdaten
2015-01-06;13,43;Rohdaten
2015-01-07;12,62;Rohdaten
2015-01-08;12,71;Rohdaten
2015-01-09;23,60;Rohdaten
2015-01-10;21,57;Rohdaten
2015-01-11;21,08;Rohdaten
2015-01-12;20,69;Rohdaten
2015-01-13;20,42;Rohdaten
2015-01-14;19,92;Rohdaten
2015-01-15;19,19;Rohdaten
2015-01-16;18,36;Rohdaten
2015-01-17;17,07;Rohdaten
2015-01-18;16,05;Rohdaten
2015-01-19;15,12;Rohdaten
2015-01-20;14,59;Rohdaten
2015-01-21;13,67;Rohdaten
2015-01-22;12,52;Rohdaten
2015-01-23;11,26;Rohdaten
2015-01-24;10,34;Rohdaten
2015-01-25;9,05;Rohdaten
2015-01-26;8,33;Rohdaten
2015-01-27;7,26;Rohdaten
2015-01-28;6,72;Rohdaten
2015-01-29;6,36;Rohdaten
2015-01-30;6,10;Rohdaten
2015-01-31;5,35;Rohdaten
2015-02-01;4,99;Rohdaten
2015-02-02;4,66;Rohdaten
2015-02-03;4,37;Rohdaten
2015-02-04;4,24;Rohdaten
2015-02-05;4,12;Rohdaten
2015-02-06;4,03;Rohdaten
2015-02-07;3,86;Rohdaten
2015-02-08;3,74;Rohdaten
2015-02-09;3,67;Rohdaten
2015-02-10;3,55;Rohdaten
2015-02-11;3,48;Rohdaten
2015-02-12;3,41;Rohdaten
2015-02-13;3,36;Rohdaten
2015-02-14;3,28;Rohdaten
2015-02-15;3,22;Rohdaten
2015-02-16;3,05;Rohdaten
2015-02-17;2,95;Rohdaten
2015-02-18;2,97;Rohdaten
2015-02-19;2,99;Rohdaten
2015-02-20;2,89;Rohdaten
2015-02-21;2,90;Rohdaten
2015-02-22;2,80;Rohdaten
2015-02-23;3,01;Rohdaten
2015-02-24;3,03;Rohdaten
2015-02-25;3,35;Rohdaten
2015-02-26;3,96;Rohdaten
2015-02-27;5,09;Rohdaten
2015-02-28;6,23;Rohdaten
2015-03-01;10,09;Rohdaten
2015-03-02;21,85;Rohdaten
2015-03-03;21,65;Rohdaten
2015-03-04;21,22;Rohdaten
2015-03-05;20,78;Rohdaten
2015-03-06;19,71;Rohdaten
2015-03-07;18,83;Rohdaten
2015-03-08;18,22;Rohdaten
2015-03-09;16,64;Rohdaten
2015-03-10;14,88;Rohdaten
2015-03-11;13,51;Rohdaten
2015-03-12;12,94;Rohdaten
2015-03-13;11,95;Rohdaten
2015-03-14;10,95;Rohdaten
2015-03-15;9,70;Rohdaten
2015-03-16;8,61;Rohdaten
2015-03-17;7,35;Rohdaten
2015-03-18;6,72;Rohdaten
2015-03-19;5,77;Rohdaten
2015-03-20;5,20;Rohdaten
2015-03-21;4,72;Rohdaten
2015-03-22;4,23;Rohdaten
2015-03-23;3,83;Rohdaten
2015-03-24;3,54;Rohdaten
2015-03-25;3,26;Rohdaten
2015-03-26;3,02;Rohdaten
2015-03-27;2,82;Rohdaten
2015-03-28;2,75;Rohdaten
2015-03-29;2,61;Rohdaten
2015-03-30;3,12;Rohdaten
2015-03-31;3,45;Rohdaten
2015-04-01;4,23;Rohdaten
2015-04-02;12,80;Rohdaten
2015-04-03;19,77;Rohdaten
2015-04-04;18,62;Rohdaten
2015-04-05;16,40;Rohdaten
2015-04-06;13,97;Rohdaten
2015-04-07;12,01;Rohdaten
2015-04-08;11,10;Rohdaten
2015-04-09;10,13;Rohdaten
2015-04-10;8,33;Rohdaten
2015-04-11;6,98;Rohdaten
2015-04-12;6,24;Rohdaten
2015-04-13;5,57;Rohdaten
2015-04-14;4,97;Rohdaten
2015-04-15;4,51;Rohdaten
2015-04-16;4,11;Rohdaten
2015-04-17;3,74;Rohdaten
2015-04-18;3,49;Rohdaten
2015-04-19;3,28;Rohdaten
2015-04-20;3,03;Rohdaten
2015-04-21;2,82;Rohdaten
2015-04-22;2,66;Rohdaten
2015-04-23;2,50;Rohdaten
2015-04-24;2,36;Rohdaten
2015-04-25;2,27;Rohdaten
2015-04-26;2,17;Rohdaten
2015-04-27;2,14;Rohdaten
2015-04-28;12,68;Rohdaten
2015-04-29;12,47;Rohdaten
2015-04-30;9,52;Rohdaten
2015-05-01;7,82;Rohdaten
2015-05-02;6,52;Rohdaten
2015-05-03;5,97;Rohdaten
2015-05-04;6,18;Rohdaten
2015-05-05;6,36;Rohdaten
2015-05-06;16,12;Rohdaten
2015-05-07;17,93;Rohdaten
2015-05-08;15,50;Rohdaten
2015-05-09;13,59;Rohdaten
2015-05-10;11,63;Rohdaten
2015-05-11;10,46;Rohdaten
2015-05-12;9,33;Rohdaten
2015-05-13;7,86;Rohdaten
2015-05-14;6,74;Rohdaten
2015-05-15;5,90;Rohdaten
2015-05-16;5,00;Rohdaten
2015-05-17;4,59;Rohdaten
2015-05-18;4,15;Rohdaten
2015-05-19;3,72;Rohdaten
2015-05-20;3,35;Rohdaten
2015-05-21;3,20;Rohdaten
2015-05-22;3,07;Rohdaten
2015-05-23;3,02;Rohdaten
2015-05-24;2,94;Rohdaten
2015-05-25;2,95;Rohdaten
2015-05-26;2,80;Rohdaten
2015-05-27;2,62;Rohdaten
2015-05-28;2,59;Rohdaten
2015-05-29;2,54;Rohdaten
2015-05-30;2,39;Rohdaten
2015-05-31;2,29;Rohdaten
2015-06-01;2,17;Rohdaten
2015-06-02;2,08;Rohdaten
2015-06-03;1,95;Rohdaten
2015-06-04;1,85;Rohdaten
2015-06-05;1,81;Rohdaten
2015-06-06;1,75;Rohdaten
2015-06-07;1,71;Rohdaten
2015-06-08;1,73;Rohdaten
2015-06-09;1,68;Rohdaten
2015-06-10;1,62;Rohdaten
2015-06-11;1,62;Rohdaten
2015-06-12;1,60;Rohdaten
2015-06-13;1,56;Rohdaten
2015-06-14;1,56;Rohdaten
2015-06-15;1,41;Rohdaten
2015-06-16;1,38;Rohdaten
2015-06-17;1,31;Rohdaten
2015-06-18;1,34;Rohdaten
2015-06-19;1,28;Rohdaten
2015-06-20;1,22;Rohdaten
2015-06-21;1,23;Rohdaten
2015-06-22;1,30;Rohdaten
2015-06-23;1,34;Rohdaten
2015-06-24;1,32;Rohdaten
2015-06-25;1,32;Rohdaten
2015-06-26;1,30;Rohdaten
2015-06-27;1,29;Rohdaten
2015-06-28;1,25;Rohdaten
2015-06-29;1,23;Rohdaten
2015-06-30;1,20;Rohdaten
2015-07-01;1,14;Rohdaten
2015-07-02;1,12;Rohdaten
2015-07-03;1,04;Rohdaten
2015-07-04;1,04;Rohdaten
2015-07-05;1,08;Rohdaten
2015-07-06;1,00;Rohdaten
2015-07-07;1,04;Rohdaten
2015-07-08;0,95;Rohdaten
2015-07-09;0,91;Rohdaten
2015-07-10;0,85;Rohdaten
2015-07-11;0,92;Rohdaten
2015-07-12;0,91;Rohdaten
2015-07-13;0,82;Rohdaten
2015-07-14;0,84;Rohdaten
2015-07-15;0,82;Rohdaten
2015-07-16;0,85;Rohdaten
2015-07-17;0,84;Rohdaten
2015-07-18;0,83;Rohdaten
2015-07-19;0,85;Rohdaten
2015-07-20;0,74;Rohdaten
2015-07-21;0,67;Rohdaten
2015-07-22;0,67;Rohdaten
2015-07-23;;Rohdaten
2015-07-24;;Rohdaten
2015-07-25;;Rohdaten
2015-07-26;;Rohdaten
2015-07-27;;Rohdaten
2015-07-28;;Rohdaten
2015-07-29;;Rohdaten
2015-07-30;;Rohdaten
2015-07-31;;Rohdaten
2015-08-01;;Rohdaten
2015-08-02;;Rohdaten
2015-08-03;;Rohdaten
2015-08-04;;Rohdaten
2015-08-05;;Rohdaten
2015-08-06;;Rohdaten
2015-08-07;;Rohdaten
2015-08-08;;Rohdaten
2015-08-09;;Rohdaten
2015-08-10;;Rohdaten
2015-08-11;;Rohdaten
2015-08-12;;Rohdaten
2015-08-13;;Rohdaten
2015-08-14;;Rohdaten
2015-08-15;;Rohdaten
2015-08-16;;Rohdaten
2015-08-17;;Rohdaten
2015-08-18;;Rohdaten
2015-08-19;;Rohdaten
2015-08-20;;Rohdaten
2015-08-21;;Rohdaten
2015-08-22;;Rohdaten
2015-08-23;;Rohdaten
2015-08-24;;Rohdaten
2015-08-25;;Rohdaten
2015-08-26;;Rohdaten
2015-08-27;;Rohdaten
2015-08-28;;Rohdaten
2015-08-29;;Rohdaten
2015-08-30;;Rohdaten
2015-08-31;;Rohdaten
2015-09-01;;Rohdaten
2015-09-02;;Rohdaten
2015-09-03;;Rohdaten
2015-09-04;;Rohdaten
2015-09-05;;Rohdaten
2015-09-06;;Rohdaten
2015-09-07;;Rohdaten
2015-09-08;;Rohdaten
2015-09-09;;Rohdaten
2015-09-10;;Rohdaten
2015-09-11;;Rohdaten
2015-09-12;;Rohdaten
2015-09-13;;Rohdaten
2015-09-14;;Rohdaten
2015-09-15;;Rohdaten
2015-09-16;;Rohdaten
2015-09-17;;Rohdaten
2015-09-18;;Rohdaten
2015-09-19;;Rohdaten
2015-09-20;;Rohdaten
2015-09-21;;Rohdaten
2015-09-22;;Rohdaten
2015-09-23;;Rohdaten
2015-09-24;;Rohdaten
2015-09-25;;Rohdaten
2015-09-26;;Rohdaten
2015-09-27;;Rohdaten
2015-09-28;;Rohdaten
2015-09-29;;Rohdaten
2015-09-30;;Rohdaten
2015-10-01;;Rohdaten
2015-10-02;;Rohdaten
2015-10-03;;Rohdaten
2015-10-04;;Rohdaten
2015-10-05;;Rohdaten
2015-10-06;;Rohdaten
2015-10-07;;Rohdaten
2015-10-08;;Rohdaten
2015-10-09;;Rohdaten
2015-10-10;;Rohdaten
2015-10-11;;Rohdaten
2015-10-12;;Rohdaten
2015-10-13;;Rohdaten
2015-10-14;;Rohdaten
2015-10-15;;Rohdaten
2015-10-16;;Rohdaten
2015-10-17;;Rohdaten
2015-10-18;;Rohdaten
2015-10-19;;Rohdaten
2015-10-20;;Rohdaten
2015-10-21;;Rohdaten
2015-10-22;;Rohdaten
2015-10-23;;Rohdaten
2015-10-24;;Rohdaten
2015-10-25;;Rohdaten
2015-10-26;;Rohdaten
2015-10-27;;Rohdaten
2015-10-28;;Rohdaten
2015-10-29;;Rohdaten
2015-10-30;;Rohdaten
2015-10-31;;Rohdaten
2015-11-01;;Rohdaten
2015-11-02;;Rohdaten
2015-11-03;;Rohdaten
2015-11-04;;Rohdaten
2015-11-05;;Rohdaten
2015-11-06;;Rohdaten
2015-11-07;;Rohdaten
2015-11-08;;Rohdaten
2015-11-09;;Rohdaten
2015-11-10;;Rohdaten
2015-11-11;;Rohdaten
2015-11-12;;Rohdaten
2015-11-13;;Rohdaten
2015-11-14;;Rohdaten
2015-11-15;;Rohdaten
2015-11-16;;Rohdaten
2015-11-17;;Rohdaten
2015-11-18;;Rohdaten
2015-11-19;;Rohdaten
2015-11-20;;Rohdaten
2015-11-21;;Rohdaten
2015-11-22;;Rohdaten
2015-11-23;;Rohdaten
2015-11-24;;Rohdaten
2015-11-25;;Rohdaten
2015-11-26;;Rohdaten
2015-11-27;;Rohdaten
2015-11-28;;Rohdaten
2015-11-29;;Rohdaten
2015-11-30;;Rohdaten
2015-12-01;;Rohdaten
2015-12-02;20,16;Rohdaten
2015-12-03;20,26;Rohdaten
2015-12-04;18,68;Rohdaten
2015-12-05;16,53;Rohdaten
2015-12-06;14,25;Rohdaten
2015-12-07;13,24;Rohdaten
2015-12-08;11,61;Rohdaten
2015-12-09;9,98;Rohdaten
2015-12-10;8,80;Rohdaten
2015-12-11;7,62;Rohdaten
2015-12-12;6,53;Rohdaten
2015-12-13;5,54;Rohdaten
2015-12-14;4,77;Rohdaten
2015-12-15;4,04;Rohdaten
2015-12-16;3,65;Rohdaten
2015-12-17;3,39;Rohdaten
2015-12-18;3,37;Rohdaten
2015-12-19;3,39;Rohdaten
2015-12-20;3,43;Rohdaten
2015-12-21;3,40;Rohdaten
2015-12-22;3,32;Rohdaten
2015-12-23;3,38;Rohdaten
2015-12-24;3,35;Rohdaten
2015-12-25;3,24;Rohdaten
2015-12-26;3,14;Rohdaten
2015-12-27;3,02;Rohdaten
2015-12-28;2,83;Rohdaten
2015-12-29;2,69;Rohdaten
2015-12-30;2,53;Rohdaten
2015-12-31;2,45;Rohdaten
2016-01-01;2,30;Rohdaten
2016-01-02;2,27;Rohdaten
2016-01-03;2,24;Rohdaten
2016-01-04;2,26;Rohdaten
2016-01-05;2,30;Rohdaten
2016-01-06;4,43;Rohdaten
2016-01-07;7,53;Rohdaten
2016-01-08;13,92;Rohdaten
2016-01-09;15,83;Rohdaten
2016-01-10;16,81;Rohdaten
2016-01-11;19,33;Rohdaten
2016-01-12;20,09;Rohdaten
2016-01-13;20,55;Rohdaten
2016-01-14;19,67;Rohdaten
2016-01-15;18,25;Rohdaten
2016-01-16;16,69;Rohdaten
2016-01-17;14,81;Rohdaten
2016-01-18;12,78;Rohdaten
2016-01-19;12,76;Rohdaten
2016-01-20;11,57;Rohdaten
2016-01-21;10,42;Rohdaten
2016-01-22;8,97;Rohdaten
2016-01-23;7,64;Rohdaten
2016-01-24;6,68;Rohdaten
2016-01-25;12,93;Rohdaten
2016-01-26;19,23;Rohdaten
2016-01-27;18,26;Rohdaten
2016-01-28;16,72;Rohdaten
2016-01-29;15,00;Rohdaten
2016-01-30;14,12;Rohdaten
2016-01-31;14,98;Rohdaten
2016-02-01;22,44;Rohdaten
2016-02-02;21,22;Rohdaten
2016-02-03;20,33;Rohdaten
2016-02-04;20,70;Rohdaten
2016-02-05;20,75;Rohdaten
2016-02-06;20,36;Rohdaten
2016-02-07;20,56;Rohdaten
2016-02-08;18,64;Rohdaten
2016-02-09;18,00;Rohdaten
2016-02-10;18,27;Rohdaten
2016-02-11;18,32;Rohdaten
2016-02-12;18,70;Rohdaten
2016-02-13;18,51;Rohdaten
2016-02-14;18,26;Rohdaten
2016-02-15;17,31;Rohdaten
2016-02-16;15,93;Rohdaten
2016-02-17;15,31;Rohdaten
2016-02-18;14,38;Rohdaten
2016-02-19;12,73;Rohdaten
2016-02-20;13,03;Rohdaten
2016-02-21;17,46;Rohdaten
2016-02-22;18,23;Rohdaten
2016-02-23;17,43;Rohdaten
2016-02-24;16,61;Rohdaten
2016-02-25;16,52;Rohdaten
2016-02-26;15,46;Rohdaten
2016-02-27;14,41;Rohdaten
2016-02-28;13,06;Rohdaten
2016-02-29;14,34;Rohdaten
2016-03-01;14,03;Rohdaten
2016-03-02;15,82;Rohdaten
2016-03-03;21,76;Rohdaten
2016-03-04;20,47;Rohdaten
2016-03-05;19,13;Rohdaten
2016-03-06;18,03;Rohdaten
2016-03-07;18,61;Rohdaten
2016-03-08;18,16;Rohdaten
2016-03-09;16,90;Rohdaten
2016-03-10;15,92;Rohdaten
2016-03-11;15,93;Rohdaten
2016-03-12;14,44;Rohdaten
2016-03-13;13,17;Rohdaten
2016-03-14;12,54;Rohdaten
2016-03-15;11,65;Rohdaten
2016-03-16;9,88;Rohdaten
2016-03-17;8,90;Rohdaten
2016-03-18;8,25;Rohdaten
2016-03-19;7,54;Rohdaten
2016-03-20;6,89;Rohdaten
2016-03-21;6,51;Rohdaten
2016-03-22;6,09;Rohdaten
2016-03-23;5,76;Rohdaten
2016-03-24;5,36;Rohdaten
2016-03-25;5,23;Rohdaten
2016-03-26;5,14;Rohdaten
2016-03-27;4,93;Rohdaten
2016-03-28;4,74;Rohdaten
2016-03-29;4,53;Rohdaten
2016-03-30;4,61;Rohdaten
2016-03-31;5,16;Rohdaten
2016-04-01;5,17;Rohdaten
2016-04-02;5,19;Rohdaten
2016-04-03;5,10;Rohdaten
2016-04-04;4,93;Rohdaten
2016-04-05;4,78;Rohdaten
2016-04-06;4,49;Rohdaten
2016-04-07;4,39;Rohdaten
2016-04-08;4,15;Rohdaten
2016-04-09;4,01;Rohdaten
2016-04-10;3,82;Rohdaten
2016-04-11;3,62;Rohdaten
2016-04-12;3,50;Rohdaten
2016-04-13;3,31;Rohdaten
2016-04-14;3,20;Rohdaten
2016-04-15;3,15;Rohdaten
2016-04-16;3,09;Rohdaten
2016-04-17;3,71;Rohdaten
2016-04-18;3,56;Rohdaten
2016-04-19;3,45;Rohdaten
2016-04-20;3,36;Rohdaten
2016-04-21;3,21;Rohdaten
2016-04-22;3,06;Rohdaten
2016-04-23;2,96;Rohdaten
2016-04-24;2,79;Rohdaten
2016-04-25;2,69;Rohdaten
2016-04-26;2,58;Rohdaten
2016-04-27;2,41;Rohdaten
2016-04-28;2,34;Rohdaten
2016-04-29;2,29;Rohdaten
2016-04-30;2,23;Rohdaten
2016-05-01;2,14;Rohdaten
2016-05-02;2,11;Rohdaten
2016-05-03;2,15;Rohdaten
2016-05-04;2,16;Rohdaten
2016-05-05;2,22;Rohdaten
2016-05-06;2,21;Rohdaten
2016-05-07;2,17;Rohdaten
2016-05-08;2,11;Rohdaten
2016-05-09;2,04;Rohdaten
2016-05-10;2,01;Rohdaten
2016-05-11;1,96;Rohdaten
2016-05-12;1,93;Rohdaten
2016-05-13;1,81;Rohdaten
2016-05-14;1,84;Rohdaten
2016-05-15;1,87;Rohdaten
2016-05-16;1,86;Rohdaten
2016-05-17;1,87;Rohdaten
2016-05-18;1,84;Rohdaten
2016-05-19;1,80;Rohdaten
2016-05-20;1,80;Rohdaten
2016-05-21;1,82;Rohdaten
2016-05-22;1,79;Rohdaten
2016-05-23;1,74;Rohdaten
2016-05-24;1,74;Rohdaten
2016-05-25;1,73;Rohdaten
2016-05-26;1,71;Rohdaten
2016-05-27;1,69;Rohdaten
2016-05-28;1,65;Rohdaten
2016-05-29;1,80;Rohdaten
2016-05-30;3,63;Rohdaten
2016-05-31;3,86;Rohdaten
2016-06-01;3,09;Rohdaten
2016-06-02;2,62;Rohdaten
2016-06-03;2,43;Rohdaten
2016-06-04;2,27;Rohdaten
2016-06-05;2,15;Rohdaten
2016-06-06;2,03;Rohdaten
2016-06-07;1,96;Rohdaten
2016-06-08;1,90;Rohdaten
2016-06-09;1,81;Rohdaten
2016-06-10;1,77;Rohdaten
2016-06-11;1,76;Rohdaten
2016-06-12;1,76;Rohdaten
2016-06-13;1,76;Rohdaten
2016-06-14;1,69;Rohdaten
2016-06-15;1,64;Rohdaten
2016-06-16;1,60;Rohdaten
2016-06-17;3,37;Rohdaten
2016-06-18;3,70;Rohdaten
2016-06-19;2,94;Rohdaten
2016-06-20;2,59;Rohdaten
2016-06-21;2,45;Rohdaten
2016-06-22;2,31;Rohdaten
2016-06-23;2,18;Rohdaten
2016-06-24;2,04;Rohdaten
2016-06-25;1,93;Rohdaten
2016-06-26;1,83;Rohdaten
2016-06-27;1,81;Rohdaten
2016-06-28;1,76;Rohdaten
2016-06-29;1,73;Rohdaten
2016-06-30;1,69;Rohdaten
2016-07-01;1,66;Rohdaten
2016-07-02;1,78;Rohdaten
2016-07-03;1,77;Rohdaten
2016-07-04;1,70;Rohdaten
2016-07-05;1,63;Rohdaten
2016-07-06;1,55;Rohdaten
2016-07-07;1,52;Rohdaten
2016-07-08;1,49;Rohdaten
2016-07-09;1,44;Rohdaten
2016-07-10;1,42;Rohdaten
2016-07-11;1,34;Rohdaten
2016-07-12;1,31;Rohdaten
2016-07-13;1,26;Rohdaten
2016-07-14;1,32;Rohdaten
2016-07-15;1,33;Rohdaten
2016-07-16;1,31;Rohdaten
2016-07-17;1,24;Rohdaten
2016-07-18;1,20;Rohdaten
2016-07-19;1,17;Rohdaten
2016-07-20;1,13;Rohdaten
2016-07-21;1,08;Rohdaten
2016-07-22;1,06;Rohdaten
2016-07-23;1,03;Rohdaten
2016-07-24;1,06;Rohdaten
2016-07-25;1,28;Rohdaten
2016-07-26;1,25;Rohdaten
2016-07-27;1,21;Rohdaten
2016-07-28;1,21;Rohdaten
2016-07-29;1,29;Rohdaten
2016-07-30;1,29;Rohdaten
2016-07-31;1,60;Rohdaten
2016-08-01;1,84;Rohdaten
2016-08-02;1,68;Rohdaten
2016-08-03;1,62;Rohdaten
2016-08-04;1,55;Rohdaten
2016-08-05;2,57;Rohdaten
2016-08-06;2,62;Rohdaten
2016-08-07;2,42;Rohdaten
2016-08-08;2,26;Rohdaten
2016-08-09;2,02;Rohdaten
2016-08-10;1,89;Rohdaten
2016-08-11;1,77;Rohdaten
2016-08-12;1,71;Rohdaten
2016-08-13;1,64;Rohdaten
2016-08-14;1,56;Rohdaten
2016-08-15;1,50;Rohdaten
2016-08-16;1,42;Rohdaten
2016-08-17;1,34;Rohdaten
2016-08-18;1,30;Rohdaten
2016-08-19;1,22;Rohdaten
2016-08-20;1,19;Rohdaten
2016-08-21;1,14;Rohdaten
2016-08-22;1,15;Rohdaten
2016-08-23;1,14;Rohdaten
2016-08-24;1,13;Rohdaten
2016-08-25;1,08;Rohdaten
2016-08-26;1,04;Rohdaten
2016-08-27;1,00;Rohdaten
2016-08-28;0,97;Rohdaten
2016-08-29;0,96;Rohdaten
2016-08-30;0,95;Rohdaten
2016-08-31;0,94;Rohdaten
2016-09-01;0,90;Rohdaten
2016-09-02;0,90;Rohdaten
2016-09-03;0,86;Rohdaten
2016-09-04;0,83;Rohdaten
2016-09-05;0,79;Rohdaten
2016-09-06;0,79;Rohdaten
2016-09-07;0,78;Rohdaten
2016-09-08;0,74;Rohdaten
2016-09-09;0,71;Rohdaten
2016-09-10;0,69;Rohdaten
2016-09-11;0,68;Rohdaten
2016-09-12;0,67;Rohdaten
2016-09-13;0,65;Rohdaten
2016-09-14;0,61;Rohdaten
2016-09-15;0,61;Rohdaten
2016-09-16;0,60;Rohdaten
2016-09-17;0,71;Rohdaten
2016-09-18;2,28;Rohdaten
2016-09-19;2,76;Rohdaten
2016-09-20;2,11;Rohdaten
2016-09-21;1,94;Rohdaten
2016-09-22;1,71;Rohdaten
2016-09-23;1,58;Rohdaten
2016-09-24;1,51;Rohdaten
2016-09-25;1,47;Rohdaten
2016-09-26;1,40;Rohdaten
2016-09-27;1,35;Rohdaten
2016-09-28;1,30;Rohdaten
2016-09-29;1,30;Rohdaten
2016-09-30;1,21;Rohdaten
2016-10-01;1,15;Rohdaten
2016-10-02;1,11;Rohdaten
2016-10-03;1,08;Rohdaten
2016-10-04;1,10;Rohdaten
2016-10-05;1,08;Rohdaten
2016-10-06;1,03;Rohdaten
2016-10-07;1,00;Rohdaten
2016-10-08;0,96;Rohdaten
2016-10-09;0,94;Rohdaten
2016-10-10;0,92;Rohdaten
2016-10-11;0,90;Rohdaten
2016-10-12;0,86;Rohdaten
2016-10-13;0,83;Rohdaten
2016-10-14;0,79;Rohdaten
2016-10-15;0,78;Rohdaten
2016-10-16;0,76;Rohdaten
2016-10-17;0,76;Rohdaten
2016-10-18;0,75;Rohdaten
2016-10-19;0,74;Rohdaten
2016-10-20;0,78;Rohdaten
2016-10-21;1,03;Rohdaten
2016-10-22;1,12;Rohdaten
2016-10-23;1,22;Rohdaten
2016-10-24;1,22;Rohdaten
2016-10-25;1,31;Rohdaten
2016-10-26;1,53;Rohdaten
2016-10-27;1,60;Rohdaten
2016-10-28;1,63;Rohdaten
2016-10-29;1,61;Rohdaten
2016-10-30;1,56;Rohdaten
2016-10-31;1,49;Rohdaten
2016-11-01;1,44;Rohdaten
2016-11-02;1,40;Rohdaten
2016-11-03;1,33;Rohdaten
2016-11-04;1,30;Rohdaten
2016-11-05;1,28;Rohdaten
2016-11-06;1,24;Rohdaten
2016-11-07;1,18;Rohdaten
2016-11-08;1,17;Rohdaten
2016-11-09;1,16;Rohdaten
2016-11-10;1,35;Rohdaten
2016-11-11;3,37;Rohdaten
2016-11-12;5,94;Rohdaten
2016-11-13;4,90;Rohdaten
2016-11-14;3,99;Rohdaten
2016-11-15;3,55;Rohdaten
2016-11-16;8,99;Rohdaten
2016-11-17;16,15;Rohdaten
2016-11-18;14,65;Rohdaten
2016-11-19;15,98;Rohdaten
2016-11-20;17,98;Rohdaten
2016-11-21;15,56;Rohdaten
2016-11-22;14,25;Rohdaten
2016-11-23;12,05;Rohdaten
2016-11-24;10,08;Rohdaten
2016-11-25;8,47;Rohdaten
2016-11-26;7,27;Rohdaten
2016-11-27;5,93;Rohdaten
2016-11-28;5,16;Rohdaten
2016-11-29;4,53;Rohdaten
2016-11-30;4,06;Rohdaten
2016-12-01;3,61;Rohdaten
2016-12-02;3,24;Rohdaten
2016-12-03;2,91;Rohdaten
2016-12-04;2,68;Rohdaten
2016-12-05;2,58;Rohdaten
2016-12-06;2,57;Rohdaten
2016-12-07;2,51;Rohdaten
2016-12-08;2,42;Rohdaten
2016-12-09;2,33;Rohdaten
2016-12-10;2,25;Rohdaten
2016-12-11;2,16;Rohdaten
2016-12-12;2,18;Rohdaten
2016-12-13;2,18;Rohdaten
2016-12-14;2,20;Rohdaten
2016-12-15;2,25;Rohdaten
2016-12-16;2,27;Rohdaten
2016-12-17;2,24;Rohdaten
2016-12-18;2,28;Rohdaten
2016-12-19;2,24;Rohdaten
2016-12-20;2,17;Rohdaten
2016-12-21;2,11;Rohdaten
2016-12-22;2,09;Rohdaten
2016-12-23;2,08;Rohdaten
2016-12-24;2,04;Rohdaten
2016-12-25;2,26;Rohdaten
2016-12-26;2,78;Rohdaten
2016-12-27;2,98;Rohdaten
2016-12-28;3,04;Rohdaten
2016-12-29;3,20;Rohdaten
2016-12-30;3,25;Rohdaten
2016-12-31;3,25;Rohdaten
2017-01-01;;Rohdaten
2017-01-02;3,04;Rohdaten
2017-01-03;2,82;Rohdaten
2017-01-04;2,74;Rohdaten
2017-01-05;2,59;Rohdaten
2017-01-06;2,65;Rohdaten
2017-01-07;2,71;Rohdaten
2017-01-08;2,60;Rohdaten
2017-01-09;2,49;Rohdaten
2017-01-10;2,38;Rohdaten
2017-01-11;2,26;Rohdaten
2017-01-12;2,17;Rohdaten
2017-01-13;2,12;Rohdaten
2017-01-14;2,04;Rohdaten
2017-01-15;2,00;Rohdaten
2017-01-16;1,97;Rohdaten
2017-01-17;1,91;Rohdaten
2017-01-18;1,93;Rohdaten
2017-01-19;1,91;Rohdaten
2017-01-20;1,88;Rohdaten
2017-01-21;1,85;Rohdaten
2017-01-22;1,80;Rohdaten
2017-01-23;1,73;Rohdaten
2017-01-24;1,65;Rohdaten
2017-01-25;1,66;Rohdaten
2017-01-26;1,62;Rohdaten
2017-01-27;1,57;Rohdaten
2017-01-28;1,50;Rohdaten
2017-01-29;1,45;Rohdaten
2017-01-30;1,42;Rohdaten
2017-01-31;1,92;Rohdaten
2017-02-01;2,53;Rohdaten
2017-02-02;2,41;Rohdaten
2017-02-03;2,95;Rohdaten
2017-02-04;4,68;Rohdaten
2017-02-05;14,06;Rohdaten
2017-02-06;12,92;Rohdaten
2017-02-07;11,12;Rohdaten
2017-02-08;10,59;Rohdaten
2017-02-09;8,33;Rohdaten
2017-02-10;7,07;Rohdaten
2017-02-11;5,78;Rohdaten
2017-02-12;4,84;Rohdaten
2017-02-13;4,35;Rohdaten
2017-02-14;4,43;Rohdaten
2017-02-15;4,92;Rohdaten
2017-02-16;6,56;Rohdaten
2017-02-17;15,75;Rohdaten
2017-02-18;20,06;Rohdaten
2017-02-19;19,59;Rohdaten
2017-02-20;19,22;Rohdaten
2017-02-21;23,51;Rohdaten
2017-02-22;25,32;Rohdaten
2017-02-23;21,54;Rohdaten
2017-02-24;20,93;Rohdaten
2017-02-25;19,55;Rohdaten
2017-02-26;18,45;Rohdaten
2017-02-27;16,47;Rohdaten
2017-02-28;14,89;Rohdaten
2017-03-01;11,93;Rohdaten
2017-03-02;10,64;Rohdaten
2017-03-03;10,09;Rohdaten
2017-03-04;9,81;Rohdaten
2017-03-05;8,26;Rohdaten
2017-03-06;7,24;Rohdaten
2017-03-07;6,11;Rohdaten
2017-03-08;5,63;Rohdaten
2017-03-09;17,29;Rohdaten
2017-03-10;20,67;Rohdaten
2017-03-11;21,16;Rohdaten
2017-03-12;20,22;Rohdaten
2017-03-13;18,55;Rohdaten
2017-03-14;16,48;Rohdaten
2017-03-15;14,52;Rohdaten
2017-03-16;12,34;Rohdaten
2017-03-17;10,79;Rohdaten
2017-03-18;11,11;Rohdaten
2017-03-19;24,85;Rohdaten
2017-03-20;23,76;Rohdaten
2017-03-21;20,50;Rohdaten
2017-03-22;21,11;Rohdaten
2017-03-23;20,40;Rohdaten
2017-03-24;19,20;Rohdaten
2017-03-25;17,77;Rohdaten
2017-03-26;16,43;Rohdaten
2017-03-27;14,06;Rohdaten
2017-03-28;12,25;Rohdaten
2017-03-29;10,39;Rohdaten
2017-03-30;8,72;Rohdaten
2017-03-31;7,71;Rohdaten
2017-04-01;6,69;Rohdaten
2017-04-02;5,87;Rohdaten
2017-04-03;5,22;Rohdaten
2017-04-04;4,83;Rohdaten
2017-04-05;4,40;Rohdaten
2017-04-06;4,00;Rohdaten
2017-04-07;3,71;Rohdaten
2017-04-08;3,33;Rohdaten
2017-04-09;3,16;Rohdaten
2017-04-10;3,04;Rohdaten
2017-04-11;2,85;Rohdaten
2017-04-12;2,79;Rohdaten
2017-04-13;2,60;Rohdaten
2017-04-14;2,40;Rohdaten
2017-04-15;2,27;Rohdaten
2017-04-16;2,20;Rohdaten
2017-04-17;2,19;Rohdaten
2017-04-18;2,29;Rohdaten
2017-04-19;2,37;Rohdaten
2017-04-20;2,29;Rohdaten
2017-04-21;2,23;Rohdaten
2017-04-22;2,10;Rohdaten
2017-04-23;2,03;Rohdaten
2017-04-24;2,00;Rohdaten
2017-04-25;1,93;Rohdaten
2017-04-26;1,99;Rohdaten
2017-04-27;2,06;Rohdaten
2017-04-28;2,10;Rohdaten
2017-04-29;2,21;Rohdaten
2017-04-30;2,26;Rohdaten
2017-05-01;2,23;Rohdaten
2017-05-02;11,03;Rohdaten
2017-05-03;18,98;Rohdaten
2017-05-04;15,82;Rohdaten
2017-05-05;12,43;Rohdaten
2017-05-06;10,70;Rohdaten
2017-05-07;8,78;Rohdaten
2017-05-08;7,44;Rohdaten
2017-05-09;6,43;Rohdaten
2017-05-10;5,78;Rohdaten
2017-05-11;5,21;Rohdaten
2017-05-12;4,63;Rohdaten
2017-05-13;4,15;Rohdaten
2017-05-14;3,79;Rohdaten
2017-05-15;3,54;Rohdaten
2017-05-16;3,27;Rohdaten
2017-05-17;3,13;Rohdaten
2017-05-18;2,86;Rohdaten
2017-05-19;2,63;Rohdaten
2017-05-20;2,47;Rohdaten
2017-05-21;2,40;Rohdaten
2017-05-22;2,31;Rohdaten
2017-05-23;2,23;Rohdaten
2017-05-24;2,11;Rohdaten
2017-05-25;2,07;Rohdaten
2017-05-26;2,01;Rohdaten
2017-05-27;1,94;Rohdaten
2017-05-28;1,88;Rohdaten
2017-05-29;1,80;Rohdaten
2017-05-30;1,74;Rohdaten
2017-05-31;1,70;Rohdaten
2017-06-01;1,68;Rohdaten
2017-06-02;1,65;Rohdaten
2017-06-03;1,61;Rohdaten
2017-06-04;1,54;Rohdaten
2017-06-05;1,53;Rohdaten
2017-06-06;1,47;Rohdaten
2017-06-07;1,47;Rohdaten
2017-06-08;1,49;Rohdaten
2017-06-09;1,44;Rohdaten
2017-06-10;1,42;Rohdaten
2017-06-11;1,40;Rohdaten
2017-06-12;1,35;Rohdaten
2017-06-13;1,32;Rohdaten
2017-06-14;1,30;Rohdaten
2017-06-15;1,27;Rohdaten
2017-06-16;1,21;Rohdaten
2017-06-17;1,21;Rohdaten
2017-06-18;1,20;Rohdaten
2017-06-19;1,17;Rohdaten
2017-06-20;1,14;Rohdaten
2017-06-21;1,10;Rohdaten
2017-06-22;1,06;Rohdaten
2017-06-23;1,02;Rohdaten
2017-06-24;1,02;Rohdaten
2017-06-25;1,01;Rohdaten
2017-06-26;1,00;Rohdaten
2017-06-27;0,95;Rohdaten
2017-06-28;0,92;Rohdaten
2017-06-29;1,72;Rohdaten
2017-06-30;1,93;Rohdaten
2017-07-01;1,74;Rohdaten
2017-07-02;1,59;Rohdaten
2017-07-03;1,50;Rohdaten
2017-07-04;1,41;Rohdaten
2017-07-05;1,35;Rohdaten
2017-07-06;1,26;Rohdaten
2017-07-07;1,22;Rohdaten
2017-07-08;1,17;Rohdaten
2017-07-09;1,10;Rohdaten
2017-07-10;1,06;Rohdaten
2017-07-11;1,04;Rohdaten
2017-07-12;1,03;Rohdaten
2017-07-13;1,00;Rohdaten
2017-07-14;0,98;Rohdaten
2017-07-15;0,96;Rohdaten
2017-07-16;0,98;Rohdaten
2017-07-17;0,95;Rohdaten
2017-07-18;0,92;Rohdaten
2017-07-19;0,89;Rohdaten
2017-07-20;0,86;Rohdaten
2017-07-21;0,84;Rohdaten
2017-07-22;0,82;Rohdaten
2017-07-23;0,82;Rohdaten
2017-07-24;0,81;Rohdaten
2017-07-25;0,79;Rohdaten
2017-07-26;0,87;Rohdaten
2017-07-27;0,96;Rohdaten
2017-07-28;0,99;Rohdaten
2017-07-29;0,95;Rohdaten
2017-07-30;0,89;Rohdaten
2017-07-31;0,84;Rohdaten
2017-08-01;0,83;Rohdaten
2017-08-02;0,81;Rohdaten
2017-08-03;0,80;Rohdaten
2017-08-04;0,78;Rohdaten
2017-08-05;0,76;Rohdaten
2017-08-06;0,76;Rohdaten
2017-08-07;0,75;Rohdaten
2017-08-08;0,72;Rohdaten
2017-08-09;0,72;Rohdaten
2017-08-10;0,71;Rohdaten
2017-08-11;0,74;Rohdaten
2017-08-12;0,76;Rohdaten
2017-08-13;0,75;Rohdaten
2017-08-14;0,73;Rohdaten
2017-08-15;0,71;Rohdaten
2017-08-16;0,71;Rohdaten
2017-08-17;0,72;Rohdaten
2017-08-18;0,72;Rohdaten
2017-08-19;0,98;Rohdaten
2017-08-20;0,92;Rohdaten
2017-08-21;0,87;Rohdaten
2017-08-22;0,81;Rohdaten
2017-08-23;0,76;Rohdaten
2017-08-24;0,72;Rohdaten
2017-08-25;0,69;Rohdaten
2017-08-26;0,68;Rohdaten
2017-08-27;0,66;Rohdaten
2017-08-28;0,65;Rohdaten
2017-08-29;0,63;Rohdaten
2017-08-30;0,63;Rohdaten
2017-08-31;0,61;Rohdaten
2017-09-01;0,83;Rohdaten
2017-09-02;0,88;Rohdaten
2017-09-03;0,83;Rohdaten
2017-09-04;0,79;Rohdaten
2017-09-05;0,77;Rohdaten
2017-09-06;0,75;Rohdaten
2017-09-07;0,71;Rohdaten
2017-09-08;0,69;Rohdaten
2017-09-09;0,65;Rohdaten
2017-09-10;0,64;Rohdaten
2017-09-11;0,61;Rohdaten
2017-09-12;0,59;Rohdaten
2017-09-13;0,60;Rohdaten
2017-09-14;0,65;Rohdaten
2017-09-15;0,71;Rohdaten
2017-09-16;0,68;Rohdaten
2017-09-17;0,67;Rohdaten
2017-09-18;0,80;Rohdaten
2017-09-19;0,87;Rohdaten
2017-09-20;0,83;Rohdaten
2017-09-21;0,81;Rohdaten
2017-09-22;0,77;Rohdaten
2017-09-23;0,75;Rohdaten
2017-09-24;0,70;Rohdaten
2017-09-25;0,69;Rohdaten
2017-09-26;0,66;Rohdaten
2017-09-27;0,64;Rohdaten
2017-09-28;0,63;Rohdaten
2017-09-29;0,62;Rohdaten
2017-09-30;0,60;Rohdaten
2017-10-01;0,57;Rohdaten
2017-10-02;0,58;Rohdaten
2017-10-03;0,92;Rohdaten
2017-10-04;1,21;Rohdaten
2017-10-05;1,13;Rohdaten
2017-10-06;1,01;Rohdaten
2017-10-07;0,94;Rohdaten
2017-10-08;1,79;Rohdaten
2017-10-09;2,99;Rohdaten
2017-10-10;2,50;Rohdaten
2017-10-11;2,21;Rohdaten
2017-10-12;1,91;Rohdaten
2017-10-13;1,71;Rohdaten
2017-10-14;1,55;Rohdaten
2017-10-15;1,44;Rohdaten
2017-10-16;1,31;Rohdaten
2017-10-17;1,22;Rohdaten
2017-10-18;1,14;Rohdaten
2017-10-19;1,07;Rohdaten
2017-10-20;0,99;Rohdaten
2017-10-21;0,95;Rohdaten
2017-10-22;2,53;Rohdaten
2017-10-23;2,74;Rohdaten
2017-10-24;2,42;Rohdaten
2017-10-25;2,32;Rohdaten
2017-10-26;2,10;Rohdaten
2017-10-27;2,22;Rohdaten
2017-10-28;2,70;Rohdaten
2017-10-29;17,54;Rohdaten
2017-10-30;20,69;Rohdaten
2017-10-31;18,10;Rohdaten
2017-11-01;14,92;Rohdaten
2017-11-02;11,59;Rohdaten
2017-11-03;8,85;Rohdaten
2017-11-04;7,06;Rohdaten
2017-11-05;5,90;Rohdaten
2017-11-06;5,57;Rohdaten
2017-11-07;5,20;Rohdaten
2017-11-08;4,92;Rohdaten
2017-11-09;4,67;Rohdaten
2017-11-10;4,62;Rohdaten
2017-11-11;6,78;Rohdaten
2017-11-12;21,80;Rohdaten
2017-11-13;22,44;Rohdaten
2017-11-14;21,06;Rohdaten
2017-11-15;19,60;Rohdaten
2017-11-16;17,91;Rohdaten
2017-11-17;16,14;Rohdaten
2017-11-18;14,44;Rohdaten
2017-11-19;12,64;Rohdaten
2017-11-20;15,10;Rohdaten
2017-11-21;23,66;Rohdaten
2017-11-22;23,28;Rohdaten
2017-11-23;22,20;Rohdaten
2017-11-24;20,87;Rohdaten
2017-11-25;20,15;Rohdaten
2017-11-26;20,41;Rohdaten
2017-11-27;19,88;Rohdaten
2017-11-28;20,04;Rohdaten
2017-11-29;21,04;Rohdaten
2017-11-30;21,29;Rohdaten
2017-12-01;20,63;Rohdaten
2017-12-02;19,28;Rohdaten
2017-12-03;17,90;Rohdaten
2017-12-04;16,16;Rohdaten
2017-12-05;13,04;Rohdaten
2017-12-06;13,26;Rohdaten
2017-12-07;14,82;Rohdaten
2017-12-08;18,29;Rohdaten
2017-12-09;20,34;Rohdaten
2017-12-10;19,90;Rohdaten
2017-12-11;19,86;Rohdaten
2017-12-12;20,07;Rohdaten
2017-12-13;20,26;Rohdaten
2017-12-14;19,58;Rohdaten
2017-12-15;18,41;Rohdaten
2017-12-16;16,82;Rohdaten
2017-12-17;15,45;Rohdaten
2017-12-18;15,85;Rohdaten
2017-12-19;14,55;Rohdaten
2017-12-20;13,06;Rohdaten
2017-12-21;12,98;Rohdaten
2017-12-22;16,50;Rohdaten
2017-12-23;16,73;Rohdaten
2017-12-24;16,10;Rohdaten
2017-12-25;15,71;Rohdaten
2017-12-26;15,77;Rohdaten
2017-12-27;15,98;Rohdaten
2017-12-28;13,85;Rohdaten
2017-12-29;11,35;Rohdaten
2017-12-30;11,03;Rohdaten
2017-12-31;24,15;Rohdaten
2018-01-01;24,04;Rohdaten
2018-01-02;23,86;Rohdaten
2018-01-03;22,44;Rohdaten
2018-01-04;24,35;Rohdaten
2018-01-05;25,34;Rohdaten
2018-01-06;24,35;Rohdaten
2018-01-07;22,36;Rohdaten
2018-01-08;21,73;Rohdaten
2018-01-09;21,88;Rohdaten
2018-01-10;21,47;Rohdaten
2018-01-11;20,72;Rohdaten
2018-01-12;19,98;Rohdaten
2018-01-13;18,89;Rohdaten
2018-01-14;17,12;Rohdaten
2018-01-15;15,06;Rohdaten
2018-01-16;18,33;Rohdaten
2018-01-17;21,42;Rohdaten
2018-01-18;21,52;Rohdaten
2018-01-19;22,44;Rohdaten
2018-01-20;22,21;Rohdaten
2018-01-21;22,29;Rohdaten
2018-01-22;21,55;Rohdaten
2018-01-23;20,99;Rohdaten
2018-01-24;22,76;Rohdaten
2018-01-25;24,21;Rohdaten
2018-01-26;23,07;Rohdaten
2018-01-27;22,67;Rohdaten
2018-01-28;21,82;Rohdaten
2018-01-29;21,37;Rohdaten
2018-01-30;20,56;Rohdaten
2018-01-31;19,55;Rohdaten
2018-02-01;20,51;Rohdaten
2018-02-02;20,99;Rohdaten
2018-02-03;20,62;Rohdaten
2018-02-04;19,43;Rohdaten
2018-02-05;17,69;Rohdaten
2018-02-06;16,82;Rohdaten
2018-02-07;15,63;Rohdaten
2018-02-08;14,09;Rohdaten
2018-02-09;12,52;Rohdaten
2018-02-10;11,24;Rohdaten
2018-02-11;10,08;Rohdaten
2018-02-12;8,45;Rohdaten
2018-02-13;7,47;Rohdaten
2018-02-14;6,66;Rohdaten
2018-02-15;6,09;Rohdaten
2018-02-16;5,82;Rohdaten
2018-02-17;5,81;Rohdaten
2018-02-18;5,28;Rohdaten
2018-02-19;4,96;Rohdaten
2018-02-20;4,67;Rohdaten
2018-02-21;4,30;Rohdaten
2018-02-22;4,09;Rohdaten
2018-02-23;3,86;Rohdaten
2018-02-24;3,66;Rohdaten
2018-02-25;3,49;Rohdaten
2018-02-26;3,35;Rohdaten
2018-02-27;3,20;Rohdaten
2018-02-28;3,03;Rohdaten
2018-03-01;2,95;Rohdaten
2018-03-02;2,78;Rohdaten
2018-03-03;2,59;Rohdaten
2018-03-04;2,55;Rohdaten
2018-03-05;2,71;Rohdaten
2018-03-06;3,27;Rohdaten
2018-03-07;11,04;Rohdaten
2018-03-08;7,88;Rohdaten
2018-03-09;6,98;Rohdaten
2018-03-10;12,31;Rohdaten
2018-03-11;18,45;Rohdaten
2018-03-12;19,41;Rohdaten
2018-03-13;19,25;Rohdaten
2018-03-14;18,55;Rohdaten
2018-03-15;18,76;Rohdaten
2018-03-16;16,93;Rohdaten
2018-03-17;15,46;Rohdaten
2018-03-18;13,26;Rohdaten
2018-03-19;11,20;Rohdaten
2018-03-20;9,46;Rohdaten
2018-03-21;7,91;Rohdaten
2018-03-22;7,30;Rohdaten
2018-03-23;6,81;Rohdaten
2018-03-24;6,48;Rohdaten
2018-03-25;6,21;Rohdaten
2018-03-26;5,79;Rohdaten
2018-03-27;5,49;Rohdaten
2018-03-28;8,21;Rohdaten
2018-03-29;19,33;Rohdaten
2018-03-30;18,65;Rohdaten
2018-03-31;17,33;Rohdaten
2018-04-01;15,09;Rohdaten
2018-04-02;13,52;Rohdaten
2018-04-03;12,61;Rohdaten
2018-04-04;11,35;Rohdaten
2018-04-05;10,03;Rohdaten
2018-04-06;8,64;Rohdaten
2018-04-07;7,91;Rohdaten
2018-04-08;7,08;Rohdaten
2018-04-09;6,49;Rohdaten
2018-04-10;6,04;Rohdaten
2018-04-11;5,48;Rohdaten
2018-04-12;5,07;Rohdaten
2018-04-13;4,57;Rohdaten
2018-04-14;4,26;Rohdaten
2018-04-15;4,12;Rohdaten
2018-04-16;3,85;Rohdaten
2018-04-17;3,67;Rohdaten
2018-04-18;3,52;Rohdaten
2018-04-19;3,37;Rohdaten
2018-04-20;3,23;Rohdaten
2018-04-21;3,00;Rohdaten
2018-04-22;2,89;Rohdaten
2018-04-23;2,82;Rohdaten
2018-04-24;2,78;Rohdaten
2018-04-25;2,71;Rohdaten
2018-04-26;2,58;Rohdaten
2018-04-27;2,49;Rohdaten
2018-04-28;2,41;Rohdaten
2018-04-29;2,35;Rohdaten
2018-04-30;2,21;Rohdaten
2018-05-01;2,12;Rohdaten
2018-05-02;2,10;Rohdaten
2018-05-03;1,99;Rohdaten
2018-05-04;1,94;Rohdaten
2018-05-05;1,91;Rohdaten
2018-05-06;1,85;Rohdaten
2018-05-07;1,81;Rohdaten
2018-05-08;1,74;Rohdaten
2018-05-09;1,66;Rohdaten
2018-05-10;1,60;Rohdaten
2018-05-11;1,60;Rohdaten
2018-05-12;1,59;Rohdaten
2018-05-13;1,53;Rohdaten
2018-05-14;1,47;Rohdaten
2018-05-15;1,45;Rohdaten
2018-05-16;1,43;Rohdaten
2018-05-17;1,42;Rohdaten
2018-05-18;1,40;Rohdaten
2018-05-19;1,40;Rohdaten
2018-05-20;1,38;Rohdaten
2018-05-21;1,35;Rohdaten
2018-05-22;1,28;Rohdaten
2018-05-23;1,26;Rohdaten
2018-05-24;1,26;Rohdaten
2018-05-25;1,25;Rohdaten
2018-05-26;1,24;Rohdaten
2018-05-27;1,22;Rohdaten
2018-05-28;1,20;Rohdaten
2018-05-29;1,16;Rohdaten
2018-05-30;1,14;Rohdaten
2018-05-31;1,11;Rohdaten
2018-06-01;1,11;Rohdaten
2018-06-02;1,10;Rohdaten
2018-06-03;1,10;Rohdaten
2018-06-04;1,08;Rohdaten
2018-06-05;1,04;Rohdaten
2018-06-06;1,03;Rohdaten
2018-06-07;1,02;Rohdaten
2018-06-08;1,02;Rohdaten
2018-06-09;1,02;Rohdaten
2018-06-10;1,01;Rohdaten
2018-06-11;0,98;Rohdaten
2018-06-12;0,99;Rohdaten
2018-06-13;0,99;Rohdaten
2018-06-14;0,98;Rohdaten
2018-06-15;0,96;Rohdaten
2018-06-16;0,96;Rohdaten
2018-06-17;0,94;Rohdaten
2018-06-18;0,94;Rohdaten
2018-06-19;0,92;Rohdaten
2018-06-20;0,92;Rohdaten
2018-06-21;0,90;Rohdaten
2018-06-22;0,88;Rohdaten
2018-06-23;0,90;Rohdaten
2018-06-24;0,89;Rohdaten
2018-06-25;0,87;Rohdaten
2018-06-26;0,86;Rohdaten
2018-06-27;0,86;Rohdaten
2018-06-28;0,85;Rohdaten
2018-06-29;0,83;Rohdaten
2018-06-30;0,81;Rohdaten
2018-07-01;0,80;Rohdaten
2018-07-02;0,79;Rohdaten
2018-07-03;0,79;Rohdaten
2018-07-04;0,77;Rohdaten
2018-07-05;0,77;Rohdaten
2018-07-06;0,75;Rohdaten
2018-07-07;0,77;Rohdaten
2018-07-08;0,76;Rohdaten
2018-07-09;0,75;Rohdaten
2018-07-10;0,75;Rohdaten
2018-07-11;0,73;Rohdaten
2018-07-12;0,73;Rohdaten
2018-07-13;0,73;Rohdaten
2018-07-14;0,71;Rohdaten
2018-07-15;0,71;Rohdaten
2018-07-16;0,70;Rohdaten
2018-07-17;0,73;Rohdaten
2018-07-18;0,70;Rohdaten
2018-07-19;0,69;Rohdaten
2018-07-20;0,68;Rohdaten
2018-07-21;0,67;Rohdaten
2018-07-22;0,66;Rohdaten
2018-07-23;0,67;Rohdaten
2018-07-24;0,67;Rohdaten
2018-07-25;0,65;Rohdaten
2018-07-26;0,64;Rohdaten
2018-07-27;0,64;Rohdaten
2018-07-28;0,63;Rohdaten
2018-07-29;0,63;Rohdaten
2018-07-30;0,63;Rohdaten
2018-07-31;0,62;Rohdaten
2018-08-01;0,62;Rohdaten
2018-08-02;0,62;Rohdaten
2018-08-03;0,63;Rohdaten
2018-08-04;0,61;Rohdaten
2018-08-05;0,61;Rohdaten
2018-08-06;0,60;Rohdaten
2018-08-07;0,59;Rohdaten
2018-08-08;0,58;Rohdaten
2018-08-09;0,57;Rohdaten
2018-08-10;0,59;Rohdaten
2018-08-11;0,59;Rohdaten
2018-08-12;0,60;Rohdaten
2018-08-13;0,55;Rohdaten
2018-08-14;0,56;Rohdaten
2018-08-15;0,56;Rohdaten
2018-08-16;0,56;Rohdaten
2018-08-17;0,55;Rohdaten
2018-08-18;0,54;Rohdaten
2018-08-19;0,55;Rohdaten
2018-08-20;0,55;Rohdaten
2018-08-21;0,55;Rohdaten
2018-08-22;0,53;Rohdaten
2018-08-23;0,53;Rohdaten
2018-08-24;0,52;Rohdaten
2018-08-25;0,54;Rohdaten
2018-08-26;0,52;Rohdaten
2018-08-27;0,53;Rohdaten
2018-08-28;0,52;Rohdaten
2018-08-29;0,52;Rohdaten
2018-08-30;0,53;Rohdaten
2018-08-31;0,53;Rohdaten
2018-09-01;0,51;Rohdaten
2018-09-02;0,53;Rohdaten
2018-09-03;0,53;Rohdaten
2018-09-04;0,52;Rohdaten
2018-09-05;0,50;Rohdaten
2018-09-06;0,49;Rohdaten
2018-09-07;0,48;Rohdaten
2018-09-08;0,50;Rohdaten
2018-09-09;0,50;Rohdaten
2018-09-10;0,48;Rohdaten
2018-09-11;0,49;Rohdaten
2018-09-12;0,49;Rohdaten
2018-09-13;0,47;Rohdaten
2018-09-14;0,47;Rohdaten
2018-09-15;0,47;Rohdaten
2018-09-16;0,47;Rohdaten
2018-09-17;0,47;Rohdaten
2018-09-18;0,46;Rohdaten
2018-09-19;0,47;Rohdaten
2018-09-20;0,48;Rohdaten
2018-09-21;0,45;Rohdaten
2018-09-22;0,45;Rohdaten
2018-09-23;0,47;Rohdaten
2018-09-24;0,56;Rohdaten
2018-09-25;0,53;Rohdaten
2018-09-26;0,50;Rohdaten
2018-09-27;0,49;Rohdaten
2018-09-28;0,46;Rohdaten
2018-09-29;0,46;Rohdaten
2018-09-30;0,45;Rohdaten
2018-10-01;0,42;Rohdaten
2018-10-02;0,43;Rohdaten
2018-10-03;0,43;Rohdaten
2018-10-04;0,44;Rohdaten
2018-10-05;0,44;Rohdaten
2018-10-06;0,42;Rohdaten
2018-10-07;0,40;Rohdaten
2018-10-08;0,41;Rohdaten
2018-10-09;0,42;Rohdaten
2018-10-10;0,42;Rohdaten
2018-10-11;0,40;Rohdaten
2018-10-12;0,41;Rohdaten
2018-10-13;0,42;Rohdaten
2018-10-14;0,40;Rohdaten
2018-10-15;0,39;Rohdaten
2018-10-16;0,38;Rohdaten
2018-10-17;0,39;Rohdaten
2018-10-18;0,39;Rohdaten
2018-10-19;0,39;Rohdaten
2018-10-20;0,40;Rohdaten
2018-10-21;0,39;Rohdaten
2018-10-22;0,40;Rohdaten
2018-10-23;0,40;Rohdaten
2018-10-24;0,39;Rohdaten
2018-10-25;0,42;Rohdaten
2018-10-26;0,38;Rohdaten
2018-10-27;0,36;Rohdaten
2018-10-28;0,44;Rohdaten
2018-10-29;0,43;Rohdaten
2018-10-30;0,37;Rohdaten
2018-10-31;0,38;Rohdaten
2018-11-01;0,38;Rohdaten
2018-11-02;0,37;Rohdaten
2018-11-03;0,39;Rohdaten
2018-11-04;0,39;Rohdaten
2018-11-05;0,37;Rohdaten
2018-11-06;0,36;Rohdaten
2018-11-07;0,35;Rohdaten
2018-11-08;0,36;Rohdaten
2018-11-09;0,36;Rohdaten
2018-11-10;0,36;Rohdaten
2018-11-11;0,34;Rohdaten
2018-11-12;0,35;Rohdaten
2018-11-13;0,36;Rohdaten
2018-11-14;0,37;Rohdaten
2018-11-15;0,37;Rohdaten
2018-11-16;0,37;Rohdaten
2018-11-17;0,37;Rohdaten
2018-11-18;0,36;Rohdaten
2018-11-19;0,35;Rohdaten
2018-11-20;0,33;Rohdaten
2018-11-21;0,33;Rohdaten
2018-11-22;0,33;Rohdaten
2018-11-23;0,35;Rohdaten
2018-11-24;0,34;Rohdaten
2018-11-25;0,33;Rohdaten
2018-11-26;0,32;Rohdaten
2018-11-27;0,34;Rohdaten
2018-11-28;0,35;Rohdaten
2018-11-29;0,36;Rohdaten
2018-11-30;0,34;Rohdaten
2018-12-01;0,34;Rohdaten
2018-12-02;0,38;Rohdaten
2018-12-03;3,00;Rohdaten
2018-12-04;19,20;Rohdaten
2018-12-05;11,07;Rohdaten
2018-12-06;6,05;Rohdaten
2018-12-07;3,58;Rohdaten
2018-12-08;2,73;Rohdaten
2018-12-09;2,40;Rohdaten
2018-12-10;2,78;Rohdaten
2018-12-11;5,35;Rohdaten
2018-12-12;6,86;Rohdaten
2018-12-13;6,31;Rohdaten
2018-12-14;4,46;Rohdaten
2018-12-15;3,08;Rohdaten
2018-12-16;2,78;Rohdaten
2018-12-17;2,38;Rohdaten
2018-12-18;2,15;Rohdaten
2018-12-19;2,00;Rohdaten
2018-12-20;2,43;Rohdaten
2018-12-21;5,48;Rohdaten
2018-12-22;16,62;Rohdaten
2018-12-23;19,96;Rohdaten
2018-12-24;23,39;Rohdaten
2018-12-25;24,17;Rohdaten
2018-12-26;23,15;Rohdaten
2018-12-27;21,96;Rohdaten
2018-12-28;20,84;Rohdaten
2018-12-29;18,51;Rohdaten
2018-12-30;16,68;Rohdaten
2018-12-31;17,22;Rohdaten
2019-01-01;17,98;Rohdaten
2019-01-02;19,58;Rohdaten
2019-01-03;19,38;Rohdaten
2019-01-04;18,01;Rohdaten
2019-01-05;16,14;Rohdaten
2019-01-06;22,92;Rohdaten
2019-01-07;24,85;Rohdaten
2019-01-08;26,02;Rohdaten
2019-01-09;27,27;Rohdaten
2019-01-10;25,89;Rohdaten
2019-01-11;22,17;Rohdaten
2019-01-12;21,61;Rohdaten
2019-01-13;22,30;Rohdaten
2019-01-14;23,67;Rohdaten
2019-01-15;23,78;Rohdaten
2019-01-16;24,71;Rohdaten
2019-01-17;24,72;Rohdaten
2019-01-18;23,99;Rohdaten
2019-01-19;22,99;Rohdaten
2019-01-20;21,71;Rohdaten
2019-01-21;21,44;Rohdaten
2019-01-22;20,69;Rohdaten
2019-01-23;19,46;Rohdaten
2019-01-24;17,03;Rohdaten
2019-01-25;14,49;Rohdaten
2019-01-26;12,55;Rohdaten
2019-01-27;11,56;Rohdaten
2019-01-28;10,70;Rohdaten
2019-01-29;9,36;Rohdaten
2019-01-30;8,56;Rohdaten
2019-01-31;7,69;Rohdaten
2019-02-01;6,95;Rohdaten
2019-02-02;5,92;Rohdaten
2019-02-03;5,06;Rohdaten
2019-02-04;4,39;Rohdaten
2019-02-05;4,21;Rohdaten
2019-02-06;4,04;Rohdaten
2019-02-07;3,80;Rohdaten
2019-02-08;3,71;Rohdaten
2019-02-09;4,44;Rohdaten
2019-02-10;11,28;Rohdaten
2019-02-11;24,14;Rohdaten
2019-02-12;22,78;Rohdaten
2019-02-13;21,84;Rohdaten
2019-02-14;21,12;Rohdaten
2019-02-15;20,06;Rohdaten
2019-02-16;19,99;Rohdaten
2019-02-17;20,92;Rohdaten
2019-02-18;21,28;Rohdaten
2019-02-19;21,17;Rohdaten
2019-02-20;21,20;Rohdaten
2019-02-21;21,59;Rohdaten
2019-02-22;22,65;Rohdaten
2019-02-23;22,00;Rohdaten
2019-02-24;21,18;Rohdaten
2019-02-25;20,21;Rohdaten
2019-02-26;18,79;Rohdaten
2019-02-27;17,23;Rohdaten
2019-02-28;16,11;Rohdaten
2019-03-01;14,79;Rohdaten
2019-03-02;14,48;Rohdaten
2019-03-03;15,05;Rohdaten
2019-03-04;14,93;Rohdaten
2019-03-05;12,81;Rohdaten
2019-03-06;10,94;Rohdaten
2019-03-07;9,87;Rohdaten
2019-03-08;7,89;Rohdaten
2019-03-09;7,00;Rohdaten
2019-03-10;7,17;Rohdaten
2019-03-11;10,57;Rohdaten
2019-03-12;16,85;Rohdaten
2019-03-13;18,12;Rohdaten
2019-03-14;17,45;Rohdaten
2019-03-15;19,14;Rohdaten
2019-03-16;24,04;Rohdaten
2019-03-17;23,66;Rohdaten
2019-03-18;23,21;Rohdaten
2019-03-19;21,87;Rohdaten
2019-03-20;21,29;Rohdaten
2019-03-21;20,00;Rohdaten
2019-03-22;18,51;Rohdaten
2019-03-23;16,93;Rohdaten
2019-03-24;15,14;Rohdaten
2019-03-25;13,12;Rohdaten
2019-03-26;11,11;Rohdaten
2019-03-27;9,93;Rohdaten
2019-03-28;8,85;Rohdaten
2019-03-29;7,38;Rohdaten
2019-03-30;6,55;Rohdaten
2019-03-31;5,79;Rohdaten
2019-04-01;5,25;Rohdaten
2019-04-02;4,91;Rohdaten
2019-04-03;4,64;Rohdaten
2019-04-04;4,34;Rohdaten
2019-04-05;3,97;Rohdaten
2019-04-06;3,70;Rohdaten
2019-04-07;3,52;Rohdaten
2019-04-08;3,22;Rohdaten
2019-04-09;3,34;Rohdaten
2019-04-10;3,21;Rohdaten
2019-04-11;3,11;Rohdaten
2019-04-12;3,17;Rohdaten
2019-04-13;3,19;Rohdaten
2019-04-14;3,00;Rohdaten
2019-04-15;3,01;Rohdaten
2019-04-16;2,96;Rohdaten
2019-04-17;2,99;Rohdaten
2019-04-18;2,88;Rohdaten
2019-04-19;2,88;Rohdaten
2019-04-20;2,82;Rohdaten
2019-04-21;2,77;Rohdaten
2019-04-22;2,74;Rohdaten
2019-04-23;2,71;Rohdaten
2019-04-24;2,53;Rohdaten
2019-04-25;2,15;Rohdaten
2019-04-26;1,99;Rohdaten
2019-04-27;1,94;Rohdaten
2019-04-28;1,89;Rohdaten
2019-04-29;1,85;Rohdaten
2019-04-30;1,81;Rohdaten
2019-05-01;1,79;Rohdaten
2019-05-02;2,14;Rohdaten
2019-05-03;1,89;Rohdaten
2019-05-04;2,06;Rohdaten
2019-05-05;1,95;Rohdaten
2019-05-06;2,04;Rohdaten
2019-05-07;2,05;Rohdaten
2019-05-08;1,91;Rohdaten
2019-05-09;1,93;Rohdaten
2019-05-10;1,68;Rohdaten
2019-05-11;1,79;Rohdaten
2019-05-12;1,60;Rohdaten
2019-05-13;1,56;Rohdaten
2019-05-14;1,61;Rohdaten
2019-05-15;1,62;Rohdaten
2019-05-16;1,74;Rohdaten
2019-05-17;1,76;Rohdaten
2019-05-18;1,68;Rohdaten
2019-05-19;1,62;Rohdaten
2019-05-20;1,57;Rohdaten
2019-05-21;2,22;Rohdaten
2019-05-22;2,50;Rohdaten
2019-05-23;2,50;Rohdaten
2019-05-24;2,45;Rohdaten
2019-05-25;2,13;Rohdaten
2019-05-26;2,06;Rohdaten
2019-05-27;2,19;Rohdaten
2019-05-28;2,14;Rohdaten
2019-05-29;1,86;Rohdaten
2019-05-30;1,59;Rohdaten
2019-05-31;1,44;Rohdaten
2019-06-01;1,41;Rohdaten
2019-06-02;1,43;Rohdaten
2019-06-03;1,42;Rohdaten
2019-06-04;1,46;Rohdaten
2019-06-05;1,47;Rohdaten
2019-06-06;1,40;Rohdaten
2019-06-07;1,38;Rohdaten
2019-06-08;1,37;Rohdaten
2019-06-09;1,38;Rohdaten
2019-06-10;1,41;Rohdaten
2019-06-11;1,40;Rohdaten
2019-06-12;1,40;Rohdaten
2019-06-13;1,44;Rohdaten
2019-06-14;1,43;Rohdaten
2019-06-15;1,38;Rohdaten
2019-06-16;1,44;Rohdaten
2019-06-17;1,40;Rohdaten
2019-06-18;1,37;Rohdaten
2019-06-19;1,37;Rohdaten
2019-06-20;1,41;Rohdaten
2019-06-21;1,50;Rohdaten
2019-06-22;1,51;Rohdaten
2019-06-23;1,37;Rohdaten
2019-06-24;1,32;Rohdaten
2019-06-25;1,31;Rohdaten
2019-06-26;1,32;Rohdaten
2019-06-27;1,36;Rohdaten
2019-06-28;1,33;Rohdaten
2019-06-29;1,35;Rohdaten
2019-06-30;1,38;Rohdaten
2019-07-01;1,40;Rohdaten
2019-07-02;1,34;Rohdaten
2019-07-03;1,31;Rohdaten
2019-07-04;1,31;Rohdaten
2019-07-05;1,25;Rohdaten
2019-07-06;1,21;Rohdaten
2019-07-07;1,20;Rohdaten
2019-07-08;1,15;Rohdaten
2019-07-09;1,21;Rohdaten
2019-07-10;1,35;Rohdaten
2019-07-11;1,45;Rohdaten
2019-07-12;1,33;Rohdaten
2019-07-13;1,26;Rohdaten
2019-07-14;1,24;Rohdaten
2019-07-15;1,17;Rohdaten
2019-07-16;1,15;Rohdaten
2019-07-17;1,19;Rohdaten
2019-07-18;1,14;Rohdaten
2019-07-19;1,09;Rohdaten
2019-07-20;1,15;Rohdaten
2019-07-21;1,22;Rohdaten
2019-07-22;1,23;Rohdaten
2019-07-23;1,13;Rohdaten
2019-07-24;1,10;Rohdaten
2019-07-25;1,13;Rohdaten
2019-07-26;1,13;Rohdaten
2019-07-27;1,12;Rohdaten
2019-07-28;1,53;Rohdaten
2019-07-29;1,35;Rohdaten
2019-07-30;1,29;Rohdaten
2019-07-31;1,24;Rohdaten
2019-08-01;1,20;Rohdaten
2019-08-02;1,11;Rohdaten
2019-08-03;1,14;Rohdaten
2019-08-04;1,10;Rohdaten
2019-08-05;1,12;Rohdaten
2019-08-06;1,15;Rohdaten
2019-08-07;1,36;Rohdaten
2019-08-08;1,46;Rohdaten
2019-08-09;1,29;Rohdaten
2019-08-10;1,27;Rohdaten
2019-08-11;1,29;Rohdaten
2019-08-12;1,38;Rohdaten
2019-08-13;1,27;Rohdaten
2019-08-14;1,22;Rohdaten
2019-08-15;1,20;Rohdaten
2019-08-16;1,18;Rohdaten
2019-08-17;1,08;Rohdaten
2019-08-18;1,06;Rohdaten
2019-08-19;1,26;Rohdaten
2019-08-20;12,04;Rohdaten
2019-08-21;26,46;Rohdaten
2019-08-22;16,84;Rohdaten
2019-08-23;10,28;Rohdaten
2019-08-24;7,29;Rohdaten
2019-08-25;5,29;Rohdaten
2019-08-26;4,35;Rohdaten
2019-08-27;3,69;Rohdaten
2019-08-28;3,17;Rohdaten
2019-08-29;2,64;Rohdaten
2019-08-30;2,43;Rohdaten
2019-08-31;2,32;Rohdaten
2019-09-01;2,23;Rohdaten
2019-09-02;2,11;Rohdaten
2019-09-03;2,03;Rohdaten
2019-09-04;1,87;Rohdaten
2019-09-05;1,81;Rohdaten
2019-09-06;1,72;Rohdaten
2019-09-07;1,69;Rohdaten
2019-09-08;1,66;Rohdaten
2019-09-09;1,66;Rohdaten
2019-09-10;1,58;Rohdaten
2019-09-11;1,55;Rohdaten
2019-09-12;1,50;Rohdaten
2019-09-13;1,47;Rohdaten
2019-09-14;1,47;Rohdaten
2019-09-15;1,44;Rohdaten
2019-09-16;1,40;Rohdaten
2019-09-17;1,38;Rohdaten
2019-09-18;1,36;Rohdaten
2019-09-19;1,34;Rohdaten
2019-09-20;1,33;Rohdaten
2019-09-21;1,27;Rohdaten
2019-09-22;1,25;Rohdaten
2019-09-23;1,23;Rohdaten
2019-09-24;1,23;Rohdaten
2019-09-25;1,19;Rohdaten
2019-09-26;1,16;Rohdaten
2019-09-27;1,16;Rohdaten
2019-09-28;1,16;Rohdaten
2019-09-29;1,19;Rohdaten
2019-09-30;1,12;Rohdaten
2019-10-01;1,10;Rohdaten
2019-10-02;1,11;Rohdaten
2019-10-03;1,12;Rohdaten
2019-10-04;1,12;Rohdaten
2019-10-05;1,32;Rohdaten
2019-10-06;1,36;Rohdaten
2019-10-07;1,32;Rohdaten
2019-10-08;1,44;Rohdaten
2019-10-09;2,28;Rohdaten
2019-10-10;3,42;Rohdaten
2019-10-11;3,72;Rohdaten
2019-10-12;3,27;Rohdaten
2019-10-13;2,76;Rohdaten
2019-10-14;2,50;Rohdaten
2019-10-15;2,37;Rohdaten
2019-10-16;2,21;Rohdaten
2019-10-17;2,11;Rohdaten
2019-10-18;1,98;Rohdaten
2019-10-19;1,85;Rohdaten
2019-10-20;1,74;Rohdaten
2019-10-21;1,66;Rohdaten
2019-10-22;1,62;Rohdaten
2019-10-23;1,59;Rohdaten
2019-10-24;1,50;Rohdaten
2019-10-25;1,45;Rohdaten
2019-10-26;1,44;Rohdaten
2019-10-27;1,40;Rohdaten
2019-10-28;1,43;Rohdaten
2019-10-29;1,47;Rohdaten
2019-10-30;1,49;Rohdaten
2019-10-31;1,48;Rohdaten
2019-11-01;1,47;Rohdaten
2019-11-02;1,48;Rohdaten
2019-11-03;1,48;Rohdaten
2019-11-04;1,52;Rohdaten
2019-11-05;1,59;Rohdaten
2019-11-06;1,64;Rohdaten
2019-11-07;1,65;Rohdaten
2019-11-08;1,70;Rohdaten
2019-11-09;1,68;Rohdaten
2019-11-10;1,69;Rohdaten
2019-11-11;1,73;Rohdaten
2019-11-12;1,75;Rohdaten
2019-11-13;1,71;Rohdaten
2019-11-14;1,67;Rohdaten
2019-11-15;1,64;Rohdaten
2019-11-16;1,57;Rohdaten
2019-11-17;1,55;Rohdaten
2019-11-18;1,48;Rohdaten
2019-11-19;1,46;Rohdaten
2019-11-20;1,48;Rohdaten
2019-11-21;1,45;Rohdaten
2019-11-22;1,40;Rohdaten
2019-11-23;1,40;Rohdaten
2019-11-24;1,33;Rohdaten
2019-11-25;1,31;Rohdaten
2019-11-26;1,31;Rohdaten
2019-11-27;1,31;Rohdaten
2019-11-28;1,29;Rohdaten
2019-11-29;1,57;Rohdaten
2019-11-30;2,26;Rohdaten
2019-12-01;2,48;Rohdaten
2019-12-02;2,37;Rohdaten
2019-12-03;2,19;Rohdaten
2019-12-04;2,09;Rohdaten
2019-12-05;2,06;Rohdaten
2019-12-06;2,07;Rohdaten
2019-12-07;2,04;Rohdaten
2019-12-08;2,05;Rohdaten
2019-12-09;2,04;Rohdaten
2019-12-10;2,40;Rohdaten
2019-12-11;3,38;Rohdaten
2019-12-12;3,56;Rohdaten
2019-12-13;3,98;Rohdaten
2019-12-14;8,84;Rohdaten
2019-12-15;16,61;Rohdaten
2019-12-16;17,29;Rohdaten
2019-12-17;15,90;Rohdaten
2019-12-18;11,79;Rohdaten
2019-12-19;10,09;Rohdaten
2019-12-20;9,48;Rohdaten
2019-12-21;7,87;Rohdaten
2019-12-22;6,82;Rohdaten
2019-12-23;6,20;Rohdaten
2019-12-24;8,99;Rohdaten
2019-12-25;19,47;Rohdaten
2019-12-26;27,94;Rohdaten
2019-12-27;25,13;Rohdaten
2019-12-28;20,16;Rohdaten
2019-12-29;16,61;Rohdaten
2019-12-30;14,00;Rohdaten
2019-12-31;11,68;Rohdaten
2020-01-01;9,44;Rohdaten
2020-01-02;8,01;Rohdaten
2020-01-03;6,98;Rohdaten
2020-01-04;6,16;Rohdaten
2020-01-05;5,61;Rohdaten
2020-01-06;5,27;Rohdaten
2020-01-07;4,74;Rohdaten
2020-01-08;4,59;Rohdaten
2020-01-09;4,63;Rohdaten
2020-01-10;4,70;Rohdaten
2020-01-11;4,78;Rohdaten
2020-01-12;5,07;Rohdaten
2020-01-13;5,11;Rohdaten
2020-01-14;5,29;Rohdaten
2020-01-15;5,17;Rohdaten
2020-01-16;4,76;Rohdaten
2020-01-17;4,73;Rohdaten
2020-01-18;4,63;Rohdaten
2020-01-19;4,34;Rohdaten
2020-01-20;4,08;Rohdaten
2020-01-21;4,16;Rohdaten
2020-01-22;4,06;Rohdaten
2020-01-23;3,91;Rohdaten
2020-01-24;4,00;Rohdaten
2020-01-25;3,87;Rohdaten
2020-01-26;3,56;Rohdaten
2020-01-27;3,69;Rohdaten
2020-01-28;3,83;Rohdaten
2020-01-29;3,66;Rohdaten
2020-01-30;4,21;Rohdaten
2020-01-31;16,43;Rohdaten
2020-02-01;25,63;Rohdaten
2020-02-02;28,67;Rohdaten
2020-02-03;28,99;Rohdaten
2020-02-04;28,84;Rohdaten
2020-02-05;28,86;Rohdaten
2020-02-06;29,12;Rohdaten
2020-02-07;29,06;Rohdaten
2020-02-08;27,97;Rohdaten
2020-02-09;25,19;Rohdaten
2020-02-10;22,78;Rohdaten
2020-02-11;20,14;Rohdaten
2020-02-12;17,62;Rohdaten
2020-02-13;17,36;Rohdaten
2020-02-14;27,63;Rohdaten
2020-02-15;28,88;Rohdaten
2020-02-16;27,90;Rohdaten
2020-02-17;25,94;Rohdaten
2020-02-18;26,70;Rohdaten
2020-02-19;27,15;Rohdaten
2020-02-20;26,72;Rohdaten
2020-02-21;25,90;Rohdaten
2020-02-22;24,92;Rohdaten
2020-02-23;23,72;Rohdaten
2020-02-24;21,23;Rohdaten
2020-02-25;20,35;Rohdaten
2020-02-26;25,57;Rohdaten
2020-02-27;25,07;Rohdaten
2020-02-28;22,44;Rohdaten
2020-02-29;25,72;Rohdaten
2020-03-01;29,04;Rohdaten
2020-03-02;28,96;Rohdaten
2020-03-03;29,18;Rohdaten
2020-03-04;28,99;Rohdaten
2020-03-05;28,61;Rohdaten
2020-03-06;28,86;Rohdaten
2020-03-07;27,97;Rohdaten
2020-03-08;27,07;Rohdaten
2020-03-09;26,22;Rohdaten
2020-03-10;26,27;Rohdaten
2020-03-11;29,00;Rohdaten
2020-03-12;29,04;Rohdaten
2020-03-13;29,07;Rohdaten
2020-03-14;28,27;Rohdaten
2020-03-15;26,11;Rohdaten
2020-03-16;23,28;Rohdaten
2020-03-17;19,57;Rohdaten
2020-03-18;16,82;Rohdaten
2020-03-19;14,67;Rohdaten
2020-03-20;13,24;Rohdaten
2020-03-21;11,68;Rohdaten
2020-03-22;10,16;Rohdaten
2020-03-23;8,77;Rohdaten
2020-03-24;7,97;Rohdaten
2020-03-25;7,45;Rohdaten
2020-03-26;6,83;Rohdaten
2020-03-27;6,21;Rohdaten
2020-03-28;5,66;Rohdaten
2020-03-29;5,32;Rohdaten
2020-03-30;4,95;Rohdaten
2020-03-31;4,86;Rohdaten
2020-04-01;4,54;Rohdaten
2020-04-02;4,34;Rohdaten
2020-04-03;4,13;Rohdaten
2020-04-04;3,94;Rohdaten
2020-04-05;3,92;Rohdaten
2020-04-06;3,67;Rohdaten
2020-04-07;3,65;Rohdaten
2020-04-08;3,43;Rohdaten
2020-04-09;3,42;Rohdaten
2020-04-10;3,20;Rohdaten
2020-04-11;3,20;Rohdaten
2020-04-12;3,17;Rohdaten
2020-04-13;2,90;Rohdaten
2020-04-14;2,93;Rohdaten
2020-04-15;2,92;Rohdaten
2020-04-16;2,73;Rohdaten
2020-04-17;2,72;Rohdaten
2020-04-18;2,66;Rohdaten
2020-04-19;2,46;Rohdaten
2020-04-20;2,46;Rohdaten
2020-04-21;2,50;Rohdaten
2020-04-22;2,50;Rohdaten
2020-04-23;2,47;Rohdaten
2020-04-24;2,31;Rohdaten
2020-04-25;2,22;Rohdaten
2020-04-26;2,26;Rohdaten
2020-04-27;2,24;Rohdaten
2020-04-28;2,21;Rohdaten
2020-04-29;2,11;Rohdaten
2020-04-30;2,01;Rohdaten
2020-05-01;2,07;Rohdaten
2020-05-02;2,06;Rohdaten
2020-05-03;2,04;Rohdaten
2020-05-04;2,06;Rohdaten
2020-05-05;2,03;Rohdaten
2020-05-06;2,01;Rohdaten
2020-05-07;1,93;Rohdaten
2020-05-08;1,89;Rohdaten
2020-05-09;1,91;Rohdaten
2020-05-10;1,87;Rohdaten
2020-05-11;1,84;Rohdaten
2020-05-12;1,88;Rohdaten
2020-05-13;1,88;Rohdaten
2020-05-14;1,95;Rohdaten
2020-05-15;1,89;Rohdaten
2020-05-16;1,86;Rohdaten
2020-05-17;1,82;Rohdaten
2020-05-18;1,81;Rohdaten
2020-05-19;1,70;Rohdaten
2020-05-20;1,71;Rohdaten
2020-05-21;1,72;Rohdaten
2020-05-22;1,71;Rohdaten
2020-05-23;1,69;Rohdaten
2020-05-24;1,70;Rohdaten
2020-05-25;1,69;Rohdaten
2020-05-26;1,68;Rohdaten
2020-05-27;1,64;Rohdaten
2020-05-28;1,62;Rohdaten
2020-05-29;1,56;Rohdaten
2020-05-30;1,54;Rohdaten
2020-05-31;1,51;Rohdaten
2020-06-01;1,46;Rohdaten
2020-06-02;1,37;Rohdaten
2020-06-03;1,39;Rohdaten
2020-06-04;1,39;Rohdaten
2020-06-05;1,40;Rohdaten
2020-06-06;1,39;Rohdaten
2020-06-07;1,50;Rohdaten
2020-06-08;1,54;Rohdaten
2020-06-09;1,60;Rohdaten
2020-06-10;1,67;Rohdaten
2020-06-11;1,64;Rohdaten
2020-06-12;1,63;Rohdaten
2020-06-13;1,58;Rohdaten
2020-06-14;1,57;Rohdaten
2020-06-15;1,92;Rohdaten
2020-06-16;2,51;Rohdaten
2020-06-17;2,25;Rohdaten
2020-06-18;4,28;Rohdaten
2020-06-19;3,75;Rohdaten
2020-06-20;3,18;Rohdaten
2020-06-21;3,40;Rohdaten
2020-06-22;3,13;Rohdaten
2020-06-23;2,90;Rohdaten
2020-06-24;2,70;Rohdaten
2020-06-25;2,44;Rohdaten
2020-06-26;2,26;Rohdaten
2020-06-27;2,15;Rohdaten
2020-06-28;2,05;Rohdaten
2020-06-29;1,97;Rohdaten
2020-06-30;1,88;Rohdaten
2020-07-01;1,78;Rohdaten
2020-07-02;1,80;Rohdaten
2020-07-03;1,92;Rohdaten
2020-07-04;1,87;Rohdaten
2020-07-05;1,80;Rohdaten
2020-07-06;1,72;Rohdaten
2020-07-07;1,66;Rohdaten
2020-07-08;1,61;Rohdaten
2020-07-09;1,56;Rohdaten
2020-07-10;1,51;Rohdaten
2020-07-11;1,47;Rohdaten
2020-07-12;1,49;Rohdaten
2020-07-13;1,47;Rohdaten
2020-07-14;1,31;Rohdaten
2020-07-15;1,33;Rohdaten
2020-07-16;1,36;Rohdaten
2020-07-17;1,40;Rohdaten
2020-07-18;1,38;Rohdaten
2020-07-19;1,35;Rohdaten
2020-07-20;1,30;Rohdaten
2020-07-21;1,19;Rohdaten
2020-07-22;1,23;Rohdaten
2020-07-23;1,25;Rohdaten
2020-07-24;1,22;Rohdaten
2020-07-25;1,19;Rohdaten
2020-07-26;1,08;Rohdaten
2020-07-27;1,16;Rohdaten
2020-07-28;1,18;Rohdaten
2020-07-29;1,16;Rohdaten
2020-07-30;1,16;Rohdaten
2020-07-31;1,11;Rohdaten
2020-08-01;1,02;Rohdaten
2020-08-02;1,07;Rohdaten
2020-08-03;1,13;Rohdaten
2020-08-04;1,15;Rohdaten
2020-08-05;1,14;Rohdaten
2020-08-06;1,03;Rohdaten
2020-08-07;1,10;Rohdaten
2020-08-08;1,11;Rohdaten
2020-08-09;1,03;Rohdaten
2020-08-10;1,01;Rohdaten
2020-08-11;1,05;Rohdaten
2020-08-12;1,02;Rohdaten
2020-08-13;0,96;Rohdaten
2020-08-14;1,04;Rohdaten
2020-08-15;1,00;Rohdaten
2020-08-16;0,95;Rohdaten
2020-08-17;1,01;Rohdaten
2020-08-18;0,94;Rohdaten
2020-08-19;0,92;Rohdaten
2020-08-20;0,99;Rohdaten
2020-08-21;0,95;Rohdaten
2020-08-22;0,91;Rohdaten
2020-08-23;0,99;Rohdaten
2020-08-24;0,96;Rohdaten
2020-08-25;0,92;Rohdaten
2020-08-26;0,96;Rohdaten
2020-08-27;0,91;Rohdaten
2020-08-28;0,89;Rohdaten
2020-08-29;0,96;Rohdaten
2020-08-30;1,01;Rohdaten
2020-08-31;1,31;Rohdaten
2020-09-01;1,27;Rohdaten
2020-09-02;1,17;Rohdaten
2020-09-03;1,02;Rohdaten
2020-09-04;1,03;Rohdaten
2020-09-05;0,93;Rohdaten
2020-09-06;0,97;Rohdaten
2020-09-07;0,95;Rohdaten
2020-09-08;0,90;Rohdaten
2020-09-09;0,96;Rohdaten
2020-09-10;0,87;Rohdaten
2020-09-11;0,90;Rohdaten
2020-09-12;0,91;Rohdaten
2020-09-13;0,84;Rohdaten
2020-09-14;0,91;Rohdaten
2020-09-15;0,86;Rohdaten
2020-09-16;0,84;Rohdaten
2020-09-17;0,86;Rohdaten
2020-09-18;0,81;Rohdaten
2020-09-19;0,84;Rohdaten
2020-09-20;0,84;Rohdaten
2020-09-21;0,76;Rohdaten
2020-09-22;0,80;Rohdaten
2020-09-23;0,80;Rohdaten
2020-09-24;0,70;Rohdaten
2020-09-25;0,88;Rohdaten
2020-09-26;0,94;Rohdaten
2020-09-27;1,28;Rohdaten
2020-09-28;1,03;Rohdaten
2020-09-29;0,89;Rohdaten
2020-09-30;0,92;Rohdaten
2020-10-01;0,86;Rohdaten
2020-10-02;0,87;Rohdaten
2020-10-03;0,77;Rohdaten
2020-10-04;0,79;Rohdaten
2020-10-05;0,81;Rohdaten
2020-10-06;0,75;Rohdaten
2020-10-07;0,87;Rohdaten
2020-10-08;0,82;Rohdaten
2020-10-09;0,85;Rohdaten
2020-10-10;0,84;Rohdaten
2020-10-11;0,89;Rohdaten
2020-10-12;0,83;Rohdaten
2020-10-13;0,82;Rohdaten
2020-10-14;0,85;Rohdaten
2020-10-15;0,84;Rohdaten
2020-10-16;0,88;Rohdaten
2020-10-17;0,83;Rohdaten
2020-10-18;0,88;Rohdaten
2020-10-19;0,81;Rohdaten
2020-10-20;0,84;Rohdaten
2020-10-21;0,82;Rohdaten
2020-10-22;0,74;Rohdaten
2020-10-23;0,81;Rohdaten
2020-10-24;0,87;Rohdaten
2020-10-25;0,87;Rohdaten
2020-10-26;0,82;Rohdaten
2020-10-27;0,89;Rohdaten
2020-10-28;0,88;Rohdaten
2020-10-29;1,27;Rohdaten
2020-10-30;3,64;Rohdaten
2020-10-31;2,73;Rohdaten
2020-11-01;2,44;Rohdaten
2020-11-02;2,98;Rohdaten
2020-11-03;2,61;Rohdaten
2020-11-04;2,16;Rohdaten
2020-11-05;1,93;Rohdaten
2020-11-06;1,79;Rohdaten
2020-11-07;1,65;Rohdaten
2020-11-08;1,43;Rohdaten
2020-11-09;1,38;Rohdaten
2020-11-10;1,35;Rohdaten
2020-11-11;1,30;Rohdaten
2020-11-12;1,24;Rohdaten
2020-11-13;1,13;Rohdaten
2020-11-14;1,09;Rohdaten
2020-11-15;1,12;Rohdaten
2020-11-16;1,03;Rohdaten
2020-11-17;1,04;Rohdaten
2020-11-18;1,07;Rohdaten
2020-11-19;0,97;Rohdaten
2020-11-20;1,03;Rohdaten
2020-11-21;0,97;Rohdaten
2020-11-22;1,02;Rohdaten
2020-11-23;0,93;Rohdaten
2020-11-24;0,99;Rohdaten
2020-11-25;0,88;Rohdaten
2020-11-26;0,91;Rohdaten
2020-11-27;0,86;Rohdaten
2020-11-28;0,89;Rohdaten
2020-11-29;0,83;Rohdaten
2020-11-30;0,90;Rohdaten
2020-12-01;0,82;Rohdaten
2020-12-02;0,85;Rohdaten
2020-12-03;0,78;Rohdaten
2020-12-04;0,82;Rohdaten
2020-12-05;0,74;Rohdaten
2020-12-06;0,77;Rohdaten
2020-12-07;0,78;Rohdaten
2020-12-08;0,74;Rohdaten
2020-12-09;0,80;Rohdaten
2020-12-10;0,79;Rohdaten
2020-12-11;0,84;Rohdaten
2020-12-12;0,76;Rohdaten
2020-12-13;0,82;Rohdaten
2020-12-14;0,82;Rohdaten
2020-12-15;0,88;Rohdaten
2020-12-16;0,84;Rohdaten
2020-12-17;0,90;Rohdaten
2020-12-18;0,85;Rohdaten
2020-12-19;0,91;Rohdaten
2020-12-20;0,85;Rohdaten
2020-12-21;0,89;Rohdaten
2020-12-22;1,21;Rohdaten
2020-12-23;1,63;Rohdaten
2020-12-24;4,57;Rohdaten
2020-12-25;7,72;Rohdaten
2020-12-26;9,34;Rohdaten
2020-12-27;7,70;Rohdaten
2020-12-28;6,50;Rohdaten
2020-12-29;4,92;Rohdaten
2020-12-30;3,96;Rohdaten
2020-12-31;3,37;Rohdaten
2021-01-01;2,93;Rohdaten
2021-01-02;2,66;Rohdaten
2021-01-03;2,50;Rohdaten
2021-01-04;2,31;Rohdaten
2021-01-05;2,17;Rohdaten
2021-01-06;1,96;Rohdaten
2021-01-07;1,89;Rohdaten
2021-01-08;1,89;Rohdaten
2021-01-09;1,78;Rohdaten
2021-01-10;1,71;Rohdaten
2021-01-11;1,78;Rohdaten
2021-01-12;1,80;Rohdaten
2021-01-13;1,65;Rohdaten
2021-01-14;1,67;Rohdaten
2021-01-15;1,64;Rohdaten
2021-01-16;1,63;Rohdaten
2021-01-17;1,53;Rohdaten
2021-01-18;1,51;Rohdaten
2021-01-19;1,55;Rohdaten
2021-01-20;1,54;Rohdaten
2021-01-21;1,52;Rohdaten
2021-01-22;3,10;Rohdaten
2021-01-23;19,67;Rohdaten
2021-01-24;19,53;Rohdaten
2021-01-25;14,27;Rohdaten
2021-01-26;10,51;Rohdaten
2021-01-27;8,53;Rohdaten
2021-01-28;13,72;Rohdaten
2021-01-29;28,23;Rohdaten
2021-01-30;28,35;Rohdaten
2021-01-31;28,54;Rohdaten
2021-02-01;28,77;Rohdaten
2021-02-02;28,91;Rohdaten
2021-02-03;28,45;Rohdaten
2021-02-04;28,51;Rohdaten
2021-02-05;28,62;Rohdaten
2021-02-06;29,01;Rohdaten
2021-02-07;29,05;Rohdaten
2021-02-08;29,10;Rohdaten
2021-02-09;28,94;Rohdaten
2021-02-10;28,06;Rohdaten
2021-02-11;25,20;Rohdaten
2021-02-12;22,31;Rohdaten
2021-02-13;18,97;Rohdaten
2021-02-14;16,49;Rohdaten
2021-02-15;14,68;Rohdaten
2021-02-16;13,40;Rohdaten
2021-02-17;19,69;Rohdaten
2021-02-18;28,42;Rohdaten
2021-02-19;26,39;Rohdaten
2021-02-20;23,19;Rohdaten
2021-02-21;19,97;Rohdaten
2021-02-22;16,91;Rohdaten
2021-02-23;14,29;Rohdaten
2021-02-24;12,77;Rohdaten
2021-02-25;11,39;Rohdaten
2021-02-26;9,88;Rohdaten
2021-02-27;8,42;Rohdaten
2021-02-28;7,53;Rohdaten
2021-03-01;6,98;Rohdaten
2021-03-02;6,37;Rohdaten
2021-03-03;5,89;Rohdaten
2021-03-04;5,50;Rohdaten
2021-03-05;5,03;Rohdaten
2021-03-06;4,85;Rohdaten
2021-03-07;4,69;Rohdaten
2021-03-08;4,37;Rohdaten
2021-03-09;4,13;Rohdaten
2021-03-10;3,83;Rohdaten
2021-03-11;3,73;Rohdaten
2021-03-12;3,48;Rohdaten
2021-03-13;3,38;Rohdaten
2021-03-14;3,30;Rohdaten
2021-03-15;3,25;Rohdaten
2021-03-16;3,52;Rohdaten
2021-03-17;3,86;Rohdaten
2021-03-18;3,98;Rohdaten
2021-03-19;4,06;Rohdaten
2021-03-20;3,90;Rohdaten
2021-03-21;3,88;Rohdaten
2021-03-22;3,68;Rohdaten
2021-03-23;3,47;Rohdaten
2021-03-24;3,35;Rohdaten
2021-03-25;3,23;Rohdaten
2021-03-26;3,07;Rohdaten
2021-03-27;2,93;Rohdaten
2021-03-28;2,78;Rohdaten
2021-03-29;2,69;Rohdaten
2021-03-30;2,59;Rohdaten
2021-03-31;2,52;Rohdaten
2021-04-01;2,38;Rohdaten
2021-04-02;2,27;Rohdaten
2021-04-03;2,16;Rohdaten
2021-04-04;2,13;Rohdaten
2021-04-05;2,08;Rohdaten
2021-04-06;2,02;Rohdaten
2021-04-07;1,97;Rohdaten
2021-04-08;1,99;Rohdaten
2021-04-09;2,05;Rohdaten
2021-04-10;2,00;Rohdaten
2021-04-11;1,97;Rohdaten
2021-04-12;1,92;Rohdaten
2021-04-13;2,00;Rohdaten
2021-04-14;1,96;Rohdaten
2021-04-15;1,95;Rohdaten
2021-04-16;1,95;Rohdaten
2021-04-17;1,91;Rohdaten
2021-04-18;1,89;Rohdaten
2021-04-19;1,89;Rohdaten
2021-04-20;2,03;Rohdaten
2021-04-21;2,19;Rohdaten
2021-04-22;2,17;Rohdaten
2021-04-23;2,16;Rohdaten
2021-04-24;2,16;Rohdaten
2021-04-25;2,14;Rohdaten
2021-04-26;2,11;Rohdaten
2021-04-27;2,07;Rohdaten
2021-04-28;2,04;Rohdaten
2021-04-29;1,96;Rohdaten
2021-04-30;1,93;Rohdaten
2021-05-01;1,91;Rohdaten
2021-05-02;6,53;Rohdaten
2021-05-03;7,98;Rohdaten
2021-05-04;7,18;Rohdaten
2021-05-05;6,61;Rohdaten
2021-05-06;6,11;Rohdaten
2021-05-07;6,44;Rohdaten
2021-05-08;6,65;Rohdaten
2021-05-09;6,78;Rohdaten
2021-05-10;6,48;Rohdaten
2021-05-11;6,08;Rohdaten
2021-05-12;6,58;Rohdaten
2021-05-13;10,28;Rohdaten
2021-05-14;10,70;Rohdaten
2021-05-15;9,73;Rohdaten
2021-05-16;9,04;Rohdaten
2021-05-17;7,99;Rohdaten
2021-05-18;7,26;Rohdaten
2021-05-19;6,62;Rohdaten
2021-05-20;6,08;Rohdaten
2021-05-21;5,60;Rohdaten
2021-05-22;5,14;Rohdaten
2021-05-23;4,74;Rohdaten
2021-05-24;4,50;Rohdaten
2021-05-25;4,16;Rohdaten
2021-05-26;3,99;Rohdaten
2021-05-27;3,76;Rohdaten
2021-05-28;3,52;Rohdaten
2021-05-29;3,29;Rohdaten
2021-05-30;3,11;Rohdaten
2021-05-31;2,95;Rohdaten
2021-06-01;2,76;Rohdaten
2021-06-02;2,62;Rohdaten
2021-06-03;2,50;Rohdaten
2021-06-04;2,42;Rohdaten
2021-06-05;4,69;Rohdaten
2021-06-06;28,50;Rohdaten
2021-06-07;28,33;Rohdaten
2021-06-08;28,97;Rohdaten
2021-06-09;28,33;Rohdaten
2021-06-10;25,06;Rohdaten
2021-06-11;20,42;Rohdaten
2021-06-12;16,61;Rohdaten
2021-06-13;13,90;Rohdaten
2021-06-14;12,11;Rohdaten
2021-06-15;10,58;Rohdaten
2021-06-16;9,45;Rohdaten
2021-06-17;8,43;Rohdaten
2021-06-18;7,59;Rohdaten
2021-06-19;6,76;Rohdaten
2021-06-20;5,83;Rohdaten
2021-06-21;6,00;Rohdaten
2021-06-22;5,47;Rohdaten
2021-06-23;5,01;Rohdaten
2021-06-24;4,75;Rohdaten
2021-06-25;4,53;Rohdaten
2021-06-26;4,46;Rohdaten
2021-06-27;4,21;Rohdaten
2021-06-28;3,92;Rohdaten
2021-06-29;8,21;Rohdaten
2021-06-30;17,90;Rohdaten
2021-07-01;10,61;Rohdaten
2021-07-02;8,71;Rohdaten
2021-07-03;7,66;Rohdaten
2021-07-04;6,91;Rohdaten
2021-07-05;6,16;Rohdaten
2021-07-06;5,65;Rohdaten
2021-07-07;6,67;Rohdaten
2021-07-08;16,91;Rohdaten
2021-07-09;27,78;Rohdaten
2021-07-10;28,95;Rohdaten
2021-07-11;27,23;Rohdaten
2021-07-12;23,29;Rohdaten
2021-07-13;19,51;Rohdaten
2021-07-14;18,36;Rohdaten
2021-07-15;15,71;Rohdaten
2021-07-16;13,41;Rohdaten
2021-07-17;11,55;Rohdaten
2021-07-18;10,16;Rohdaten
2021-07-19;8,57;Rohdaten
2021-07-20;7,40;Rohdaten
2021-07-21;6,73;Rohdaten
2021-07-22;6,07;Rohdaten
2021-07-23;5,63;Rohdaten
2021-07-24;5,19;Rohdaten
2021-07-25;4,81;Rohdaten
2021-07-26;4,54;Rohdaten
2021-07-27;4,26;Rohdaten
2021-07-28;4,00;Rohdaten
2021-07-29;3,74;Rohdaten
2021-07-30;3,55;Rohdaten
2021-07-31;3,39;Rohdaten
2021-08-01;3,84;Rohdaten
2021-08-02;3,96;Rohdaten
2021-08-03;3,75;Rohdaten
2021-08-04;3,52;Rohdaten
2021-08-05;3,31;Rohdaten
2021-08-06;3,15;Rohdaten
2021-08-07;3,00;Rohdaten
2021-08-08;2,92;Rohdaten
2021-08-09;2,85;Rohdaten
2021-08-10;2,79;Rohdaten
2021-08-11;2,69;Rohdaten
2021-08-12;2,58;Rohdaten
2021-08-13;2,48;Rohdaten
2021-08-14;2,42;Rohdaten
2021-08-15;2,35;Rohdaten
2021-08-16;2,22;Rohdaten
2021-08-17;2,15;Rohdaten
2021-08-18;2,15;Rohdaten
2021-08-19;2,17;Rohdaten
2021-08-20;2,12;Rohdaten
2021-08-21;2,10;Rohdaten
2021-08-22;2,07;Rohdaten
2021-08-23;2,05;Rohdaten
2021-08-24;2,07;Rohdaten
2021-08-25;2,04;Rohdaten
2021-08-26;1,98;Rohdaten
2021-08-27;2,07;Rohdaten
2021-08-28;2,12;Rohdaten
2021-08-29;2,16;Rohdaten
2021-08-30;9,73;Rohdaten
2021-08-31;11,59;Rohdaten
2021-09-01;9,51;Rohdaten
2021-09-02;7,67;Rohdaten
2021-09-03;6,45;Rohdaten
2021-09-04;5,42;Rohdaten
2021-09-05;4,78;Rohdaten
2021-09-06;4,33;Rohdaten
2021-09-07;3,95;Rohdaten
2021-09-08;3,65;Rohdaten
2021-09-09;3,33;Rohdaten
2021-09-10;3,13;Rohdaten
2021-09-11;3,80;Rohdaten
2021-09-12;4,66;Rohdaten
2021-09-13;4,24;Rohdaten
2021-09-14;3,87;Rohdaten
2021-09-15;3,55;Rohdaten
2021-09-16;3,31;Rohdaten
2021-09-17;3,10;Rohdaten
2021-09-18;2,91;Rohdaten
2021-09-19;2,75;Rohdaten
2021-09-20;2,62;Rohdaten
2021-09-21;2,52;Rohdaten
2021-09-22;2,44;Rohdaten
2021-09-23;2,36;Rohdaten
2021-09-24;2,25;Rohdaten
2021-09-25;2,16;Rohdaten
2021-09-26;2,11;Rohdaten
2021-09-27;4,27;Rohdaten
2021-09-28;3,54;Rohdaten
2021-09-29;3,24;Rohdaten
2021-09-30;3,01;Rohdaten
2021-10-01;2,89;Rohdaten
2021-10-02;2,72;Rohdaten
2021-10-03;2,56;Rohdaten
2021-10-04;2,44;Rohdaten
2021-10-05;2,38;Rohdaten
2021-10-06;2,33;Rohdaten
2021-10-07;2,28;Rohdaten
2021-10-08;2,22;Rohdaten
2021-10-09;2,16;Rohdaten
2021-10-10;2,09;Rohdaten
2021-10-11;2,02;Rohdaten
2021-10-12;1,97;Rohdaten
2021-10-13;1,98;Rohdaten
2021-10-14;1,95;Rohdaten
2021-10-15;1,90;Rohdaten
2021-10-16;1,83;Rohdaten
2021-10-17;1,80;Rohdaten
2021-10-18;1,78;Rohdaten
2021-10-19;1,78;Rohdaten
2021-10-20;1,77;Rohdaten
2021-10-21;1,77;Rohdaten
2021-10-22;1,77;Rohdaten
2021-10-23;1,80;Rohdaten
2021-10-24;1,82;Rohdaten
2021-10-25;1,82;Rohdaten
2021-10-26;1,79;Rohdaten
2021-10-27;1,81;Rohdaten
2021-10-28;1,80;Rohdaten
2021-10-29;1,77;Rohdaten
2021-10-30;1,72;Rohdaten
2021-10-31;1,69;Rohdaten
2021-11-01;1,66;Rohdaten
2021-11-02;1,56;Rohdaten
2021-11-03;1,58;Rohdaten
2021-11-04;2,41;Rohdaten
2021-11-05;2,65;Rohdaten
2021-11-06;2,55;Rohdaten
2021-11-07;2,52;Rohdaten
2021-11-08;2,39;Rohdaten
2021-11-09;2,29;Rohdaten
2021-11-10;2,24;Rohdaten
2021-11-11;2,15;Rohdaten
2021-11-12;2,10;Rohdaten
2021-11-13;2,03;Rohdaten
2021-11-14;1,97;Rohdaten
2021-11-15;1,96;Rohdaten
2021-11-16;1,91;Rohdaten
2021-11-17;1,86;Rohdaten
2021-11-18;1,91;Rohdaten
2021-11-19;1,92;Rohdaten
2021-11-20;1,92;Rohdaten
2021-11-21;1,86;Rohdaten
2021-11-22;1,79;Rohdaten
2021-11-23;1,82;Rohdaten
2021-11-24;1,85;Rohdaten
2021-11-25;1,76;Rohdaten
2021-11-26;1,72;Rohdaten
2021-11-27;1,65;Rohdaten
2021-11-28;1,60;Rohdaten
2021-11-29;1,47;Rohdaten
2021-11-30;1,59;Rohdaten
2021-12-01;7,86;Rohdaten
2021-12-02;23,47;Rohdaten
2021-12-03;16,97;Rohdaten
2021-12-04;16,46;Rohdaten
2021-12-05;28,51;Rohdaten
2021-12-06;27,57;Rohdaten
2021-12-07;23,95;Rohdaten
2021-12-08;20,22;Rohdaten
2021-12-09;15,93;Rohdaten
2021-12-10;13,10;Rohdaten
2021-12-11;10,07;Rohdaten
2021-12-12;8,05;Rohdaten
2021-12-13;11,08;Rohdaten
2021-12-14;22,99;Rohdaten
2021-12-15;25,99;Rohdaten
2021-12-16;23,49;Rohdaten
2021-12-17;20,57;Rohdaten
2021-12-18;17,61;Rohdaten
2021-12-19;15,60;Rohdaten
2021-12-20;13,43;Rohdaten
2021-12-21;11,62;Rohdaten
2021-12-22;10,04;Rohdaten
2021-12-23;8,89;Rohdaten
2021-12-24;8,13;Rohdaten
2021-12-25;19,32;Rohdaten
2021-12-26;26,62;Rohdaten
2021-12-27;23,21;Rohdaten
2021-12-28;23,94;Rohdaten
2021-12-29;27,85;Rohdaten
2021-12-30;27,83;Rohdaten
2021-12-31;28,03;Rohdaten
2022-01-01;28,31;Rohdaten
2022-01-02;28,53;Rohdaten
2022-01-03;28,08;Rohdaten
2022-01-04;28,10;Rohdaten
2022-01-05;28,13;Rohdaten
2022-01-06;28,33;Rohdaten
2022-01-07;28,60;Rohdaten
2022-01-08;27,92;Rohdaten
2022-01-09;26,01;Rohdaten
2022-01-10;22,65;Rohdaten
2022-01-11;19,34;Rohdaten
2022-01-12;16,93;Rohdaten
2022-01-13;15,14;Rohdaten
2022-01-14;13,79;Rohdaten
2022-01-15;12,71;Rohdaten
2022-01-16;11,44;Rohdaten
2022-01-17;10,18;Rohdaten
2022-01-18;11,16;Rohdaten
2022-01-19;15,18;Rohdaten
2022-01-20;14,98;Rohdaten
2022-01-21;13,21;Rohdaten
2022-01-22;12,40;Rohdaten
2022-01-23;22,16;Rohdaten
2022-01-24;26,40;Rohdaten
2022-01-25;25,77;Rohdaten
2022-01-26;24,36;Rohdaten
2022-01-27;22,47;Rohdaten
2022-01-28;19,58;Rohdaten
2022-01-29;17,83;Rohdaten
2022-01-30;28,16;Rohdaten
2022-01-31;28,34;Rohdaten
2022-02-01;28,49;Rohdaten
2022-02-02;28,06;Rohdaten
2022-02-03;28,15;Rohdaten
2022-02-04;28,29;Rohdaten
2022-02-05;28,63;Rohdaten
2022-02-06;28,28;Rohdaten
2022-02-07;28,61;Rohdaten
2022-02-08;28,35;Rohdaten
2022-02-09;27,85;Rohdaten
2022-02-10;26,50;Rohdaten
2022-02-11;24,16;Rohdaten
2022-02-12;21,77;Rohdaten
2022-02-13;19,78;Rohdaten
2022-02-14;17,86;Rohdaten
2022-02-15;15,92;Rohdaten
2022-02-16;14,48;Rohdaten
2022-02-17;16,72;Rohdaten
2022-02-18;18,92;Rohdaten
2022-02-19;18,35;Rohdaten
2022-02-20;17,13;Rohdaten
2022-02-21;16,98;Rohdaten
2022-02-22;15,12;Rohdaten
2022-02-23;14,93;Rohdaten
2022-02-24;15,68;Rohdaten
2022-02-25;14,98;Rohdaten
2022-02-26;13,54;Rohdaten
2022-02-27;12,58;Rohdaten
2022-02-28;11,52;Rohdaten
2022-03-01;10,65;Rohdaten
2022-03-02;9,75;Rohdaten
2022-03-03;8,74;Rohdaten
2022-03-04;7,76;Rohdaten
2022-03-05;7,14;Rohdaten
2022-03-06;6,73;Rohdaten
2022-03-07;6,36;Rohdaten
2022-03-08;6,03;Rohdaten
2022-03-09;5,65;Rohdaten
2022-03-10;5,48;Rohdaten
2022-03-11;5,29;Rohdaten
2022-03-12;4,95;Rohdaten
2022-03-13;4,84;Rohdaten
2022-03-14;4,57;Rohdaten
2022-03-15;4,46;Rohdaten
2022-03-16;4,27;Rohdaten
2022-03-17;4,07;Rohdaten
2022-03-18;3,90;Rohdaten
2022-03-19;3,83;Rohdaten
2022-03-20;3,63;Rohdaten
2022-03-21;3,44;Rohdaten
2022-03-22;3,31;Rohdaten
2022-03-23;3,21;Rohdaten
2022-03-24;3,07;Rohdaten
2022-03-25;2,93;Rohdaten
2022-03-26;2,81;Rohdaten
2022-03-27;2,71;Rohdaten
2022-03-28;2,64;Rohdaten
2022-03-29;2,53;Rohdaten
2022-03-30;2,39;Rohdaten
2022-03-31;2,28;Rohdaten
2022-04-01;2,23;Rohdaten
2022-04-02;2,24;Rohdaten
2022-04-03;2,27;Rohdaten
2022-04-04;2,27;Rohdaten
2022-04-05;2,37;Rohdaten
2022-04-06;2,79;Rohdaten
2022-04-07;2,85;Rohdaten
2022-04-08;6,69;Rohdaten
2022-04-09;26,96;Rohdaten
2022-04-10;22,49;Rohdaten
2022-04-11;18,38;Rohdaten
2022-04-12;15,38;Rohdaten
2022-04-13;13,07;Rohdaten
2022-04-14;11,14;Rohdaten
2022-04-15;9,54;Rohdaten
2022-04-16;8,10;Rohdaten
2022-04-17;7,27;Rohdaten
2022-04-18;6,62;Rohdaten
2022-04-19;6,17;Rohdaten
2022-04-20;5,54;Rohdaten
2022-04-21;5,26;Rohdaten
2022-04-22;4,93;Rohdaten
2022-04-23;4,67;Rohdaten
2022-04-24;4,38;Rohdaten
2022-04-25;4,09;Rohdaten
2022-04-26;4,07;Rohdaten
2022-04-27;4,02;Rohdaten
2022-04-28;3,85;Rohdaten
2022-04-29;3,68;Rohdaten
2022-04-30;3,49;Rohdaten
2022-05-01;3,29;Rohdaten
2022-05-02;3,13;Rohdaten
2022-05-03;2,97;Rohdaten
2022-05-04;2,84;Rohdaten
2022-05-05;2,75;Rohdaten
2022-05-06;2,65;Rohdaten
2022-05-07;2,55;Rohdaten
2022-05-08;2,46;Rohdaten
2022-05-09;2,41;Rohdaten
2022-05-10;2,33;Rohdaten
2022-05-11;2,22;Rohdaten
2022-05-12;2,12;Rohdaten
2022-05-13;2,08;Rohdaten
2022-05-14;2,04;Rohdaten
2022-05-15;1,99;Rohdaten
2022-05-16;1,94;Rohdaten
2022-05-17;1,91;Rohdaten
2022-05-18;1,88;Rohdaten
2022-05-19;1,87;Rohdaten
2022-05-20;1,84;Rohdaten
2022-05-21;1,79;Rohdaten
2022-05-22;1,77;Rohdaten
2022-05-23;1,73;Rohdaten
2022-05-24;1,73;Rohdaten
2022-05-25;1,74;Rohdaten
2022-05-26;1,76;Rohdaten
2022-05-27;1,78;Rohdaten
2022-05-28;1,77;Rohdaten
2022-05-29;1,77;Rohdaten
2022-05-30;1,76;Rohdaten
2022-05-31;1,79;Rohdaten
2022-06-01;1,82;Rohdaten
2022-06-02;1,86;Rohdaten
2022-06-03;2,43;Rohdaten
2022-06-04;2,78;Rohdaten
2022-06-05;2,71;Rohdaten
2022-06-06;2,52;Rohdaten
2022-06-07;2,28;Rohdaten
2022-06-08;2,19;Rohdaten
2022-06-09;2,12;Rohdaten
2022-06-10;2,12;Rohdaten
2022-06-11;2,11;Rohdaten
2022-06-12;2,09;Rohdaten
2022-06-13;2,04;Rohdaten
2022-06-14;1,97;Rohdaten
2022-06-15;2,00;Rohdaten
2022-06-16;1,94;Rohdaten
2022-06-17;1,90;Rohdaten
2022-06-18;1,86;Rohdaten
2022-06-19;1,85;Rohdaten
2022-06-20;1,73;Rohdaten
2022-06-21;1,77;Rohdaten
2022-06-22;1,75;Rohdaten
2022-06-23;1,70;Rohdaten
2022-06-24;1,72;Rohdaten
2022-06-25;1,70;Rohdaten
2022-06-26;1,65;Rohdaten
2022-06-27;1,68;Rohdaten
2022-06-28;1,67;Rohdaten
2022-06-29;1,67;Rohdaten
2022-06-30;1,65;Rohdaten
2022-07-01;1,62;Rohdaten
2022-07-02;1,63;Rohdaten
2022-07-03;1,63;Rohdaten
2022-07-04;1,60;Rohdaten
2022-07-05;1,55;Rohdaten
2022-07-06;1,56;Rohdaten
2022-07-07;1,59;Rohdaten
2022-07-08;1,61;Rohdaten
2022-07-09;1,56;Rohdaten
2022-07-10;1,56;Rohdaten
2022-07-11;1,54;Rohdaten
2022-07-12;1,50;Rohdaten
2022-07-13;1,50;Rohdaten
2022-07-14;1,50;Rohdaten
2022-07-15;1,45;Rohdaten
2022-07-16;1,41;Rohdaten
2022-07-17;1,45;Rohdaten
2022-07-18;1,47;Rohdaten
2022-07-19;1,47;Rohdaten
2022-07-20;1,42;Rohdaten
2022-07-21;1,40;Rohdaten
2022-07-22;1,37;Rohdaten
2022-07-23;1,38;Rohdaten
2022-07-24;1,39;Rohdaten
2022-07-25;1,36;Rohdaten
2022-07-26;1,32;Rohdaten
2022-07-27;1,31;Rohdaten
2022-07-28;1,35;Rohdaten
2022-07-29;1,37;Rohdaten
2022-07-30;1,40;Rohdaten
2022-07-31;1,38;Rohdaten
2022-08-01;1,34;Rohdaten
2022-08-02;1,28;Rohdaten
2022-08-03;1,28;Rohdaten
2022-08-04;1,28;Rohdaten
2022-08-05;1,29;Rohdaten
2022-08-06;1,32;Rohdaten
2022-08-07;1,34;Rohdaten
2022-08-08;1,26;Rohdaten
2022-08-09;1,29;Rohdaten
2022-08-10;1,30;Rohdaten
2022-08-11;1,28;Rohdaten
2022-08-12;1,27;Rohdaten
2022-08-13;1,24;Rohdaten
2022-08-14;1,19;Rohdaten
2022-08-15;1,11;Rohdaten
2022-08-16;1,16;Rohdaten
2022-08-17;1,18;Rohdaten
2022-08-18;1,17;Rohdaten
2022-08-19;1,18;Rohdaten
2022-08-20;1,19;Rohdaten
2022-08-21;1,21;Rohdaten
2022-08-22;1,19;Rohdaten
2022-08-23;1,18;Rohdaten
2022-08-24;1,17;Rohdaten
2022-08-25;1,18;Rohdaten
2022-08-26;1,15;Rohdaten
2022-08-27;1,10;Rohdaten
2022-08-28;1,13;Rohdaten
2022-08-29;1,16;Rohdaten
2022-08-30;1,16;Rohdaten
2022-08-31;1,12;Rohdaten
2022-09-01;1,11;Rohdaten
2022-09-02;1,14;Rohdaten
2022-09-03;1,14;Rohdaten
2022-09-04;1,13;Rohdaten
2022-09-05;1,10;Rohdaten
2022-09-06;1,14;Rohdaten
2022-09-07;1,11;Rohdaten
2022-09-08;1,09;Rohdaten
2022-09-09;1,12;Rohdaten
2022-09-10;1,16;Rohdaten
2022-09-11;1,24;Rohdaten
2022-09-12;1,18;Rohdaten
2022-09-13;1,14;Rohdaten
2022-09-14;1,41;Rohdaten
2022-09-15;1,62;Rohdaten
2022-09-16;1,50;Rohdaten
2022-09-17;1,37;Rohdaten
2022-09-18;1,46;Rohdaten
2022-09-19;1,82;Rohdaten
2022-09-20;1,82;Rohdaten
2022-09-21;1,62;Rohdaten
2022-09-22;1,47;Rohdaten
2022-09-23;1,37;Rohdaten
2022-09-24;1,31;Rohdaten
2022-09-25;1,22;Rohdaten
2022-09-26;6,48;Rohdaten
2022-09-27;6,72;Rohdaten
2022-09-28;1,66;Rohdaten
2022-09-29;1,62;Rohdaten
2022-09-30;1,58;Rohdaten
2022-10-01;1,61;Rohdaten
2022-10-02;1,94;Rohdaten
2022-10-03;2,41;Rohdaten
2022-10-04;2,21;Rohdaten
2022-10-05;2,09;Rohdaten
2022-10-06;1,94;Rohdaten
2022-10-07;1,90;Rohdaten
2022-10-08;1,85;Rohdaten
2022-10-09;1,81;Rohdaten
2022-10-10;1,76;Rohdaten
2022-10-11;1,72;Rohdaten
2022-10-12;1,70;Rohdaten
2022-10-13;1,67;Rohdaten
2022-10-14;1,67;Rohdaten
2022-10-15;2,09;Rohdaten
2022-10-16;2,21;Rohdaten
2022-10-17;2,11;Rohdaten
2022-10-18;2,05;Rohdaten
2022-10-19;1,94;Rohdaten
2022-10-20;1,92;Rohdaten
2022-10-21;1,85;Rohdaten
2022-10-22;1,81;Rohdaten
2022-10-23;1,78;Rohdaten
2022-10-24;1,81;Rohdaten
2022-10-25;1,83;Rohdaten
2022-10-26;1,78;Rohdaten
2022-10-27;1,75;Rohdaten
2022-10-28;1,74;Rohdaten
2022-10-29;1,73;Rohdaten
2022-10-30;1,70;Rohdaten
2022-10-31;1,68;Rohdaten
2022-11-01;1,65;Rohdaten
2022-11-02;1,65;Rohdaten
2022-11-03;1,63;Rohdaten
2022-11-04;1,55;Rohdaten
2022-11-05;1,54;Rohdaten
2022-11-06;1,59;Rohdaten
2022-11-07;1,52;Rohdaten
2022-11-08;1,53;Rohdaten
2022-11-09;1,43;Rohdaten
2022-11-10;1,67;Rohdaten
2022-11-11;1,59;Rohdaten
2022-11-12;1,59;Rohdaten
2022-11-13;1,65;Rohdaten
2022-11-14;1,47;Rohdaten
2022-11-15;1,56;Rohdaten
2022-11-16;1,46;Rohdaten
2022-11-17;1,49;Rohdaten
2022-11-18;2,06;Rohdaten
2022-11-19;11,73;Rohdaten
2022-11-20;15,38;Rohdaten
2022-11-21;27,40;Rohdaten
2022-11-22;23,98;Rohdaten
2022-11-23;16,95;Rohdaten
2022-11-24;12,92;Rohdaten
2022-11-25;11,80;Rohdaten
2022-11-26;10,33;Rohdaten
2022-11-27;9,77;Rohdaten
2022-11-28;9,40;Rohdaten
2022-11-29;8,23;Rohdaten
2022-11-30;6,85;Rohdaten
2022-12-01;6,20;Rohdaten
2022-12-02;5,63;Rohdaten
2022-12-03;5,31;Rohdaten
2022-12-04;4,94;Rohdaten
2022-12-05;4,69;Rohdaten
2022-12-06;4,93;Rohdaten
2022-12-07;5,32;Rohdaten
2022-12-08;5,55;Rohdaten
2022-12-09;5,64;Rohdaten
2022-12-10;5,38;Rohdaten
2022-12-11;5,08;Rohdaten
2022-12-12;4,82;Rohdaten
2022-12-13;4,48;Rohdaten
2022-12-14;4,45;Rohdaten
2022-12-15;4,23;Rohdaten
2022-12-16;4,02;Rohdaten
2022-12-17;3,80;Rohdaten
2022-12-18;3,71;Rohdaten
2022-12-19;3,64;Rohdaten
2022-12-20;3,54;Rohdaten
2022-12-21;3,61;Rohdaten
2022-12-22;9,40;Rohdaten
2022-12-23;27,28;Rohdaten
2022-12-24;29,66;Rohdaten
2022-12-25;28,57;Rohdaten
2022-12-26;26,44;Rohdaten
2022-12-27;27,28;Rohdaten
2022-12-28;26,83;Rohdaten
2022-12-29;25,65;Rohdaten
2022-12-30;23,45;Rohdaten
2022-12-31;23,89;Rohdaten
