﻿Quelle:;"Bayerisches Landesamt für Umwelt, www.gkd.bayern.de"
Datenbankabfrage:;"24.02.2023 16:00"
Zeitbezug:;MEZ
Messstellen-Name:;"Schwalbquelle Gosheim"
Messstellen-Nr.:;8501
Ostwert:;626502;Nordwert:;5411797;"ETRS89 / UTM Zone 32N"

Datum;"Quellschüttung [l/s]";Prüfstatus
2015-08-05;19,30;Rohdaten
2015-08-06;19,36;Rohdaten
2015-08-07;19,81;Rohdaten
2015-08-08;19,77;Rohdaten
2015-08-09;19,95;Rohdaten
2015-08-10;19,77;Rohdaten
2015-08-11;19,47;Rohdaten
2015-08-12;19,28;Rohdaten
2015-08-13;19,77;Rohdaten
2015-08-14;19,46;Rohdaten
2015-08-15;19,76;Rohdaten
2015-08-16;20,04;Rohdaten
2015-08-17;19,88;Rohdaten
2015-08-18;19,92;Rohdaten
2015-08-19;19,82;Rohdaten
2015-08-20;19,72;Rohdaten
2015-08-21;19,67;Rohdaten
2015-08-22;18,86;Rohdaten
2015-08-23;18,80;Rohdaten
2015-08-24;19,11;Rohdaten
2015-08-25;18,94;Rohdaten
2015-08-26;18,92;Rohdaten
2015-08-27;18,94;Rohdaten
2015-08-28;18,90;Rohdaten
2015-08-29;18,85;Rohdaten
2015-08-30;18,87;Rohdaten
2015-08-31;18,87;Rohdaten
2015-09-01;18,89;Rohdaten
2015-09-02;18,87;Rohdaten
2015-09-03;18,83;Rohdaten
2015-09-04;18,83;Rohdaten
2015-09-05;18,83;Rohdaten
2015-09-06;18,74;Rohdaten
2015-09-07;18,63;Rohdaten
2015-09-08;18,60;Rohdaten
2015-09-09;18,58;Rohdaten
2015-09-10;18,68;Rohdaten
2015-09-11;18,63;Rohdaten
2015-09-12;18,58;Rohdaten
2015-09-13;18,67;Rohdaten
2015-09-14;18,64;Rohdaten
2015-09-15;18,61;Rohdaten
2015-09-16;18,69;Rohdaten
2015-09-17;18,68;Rohdaten
2015-09-18;18,54;Rohdaten
2015-09-19;18,48;Rohdaten
2015-09-20;18,43;Rohdaten
2015-09-21;18,43;Rohdaten
2015-09-22;18,64;Rohdaten
2015-09-23;18,59;Rohdaten
2015-09-24;18,48;Rohdaten
2015-09-25;18,46;Rohdaten
2015-09-26;18,42;Rohdaten
2015-09-27;18,36;Rohdaten
2015-09-28;18,34;Rohdaten
2015-09-29;18,59;Rohdaten
2015-09-30;19,31;Rohdaten
2015-10-01;18,84;Rohdaten
2015-10-02;18,36;Rohdaten
2015-10-03;18,39;Rohdaten
2015-10-04;18,38;Rohdaten
2015-10-05;19,22;Rohdaten
2015-10-06;19,96;Rohdaten
2015-10-07;19,79;Rohdaten
2015-10-08;19,68;Rohdaten
2015-10-09;19,60;Rohdaten
2015-10-10;19,68;Rohdaten
2015-10-11;19,70;Rohdaten
2015-10-12;19,70;Rohdaten
2015-10-13;19,65;Rohdaten
2015-10-14;19,67;Rohdaten
2015-10-15;19,68;Rohdaten
2015-10-16;19,65;Rohdaten
2015-10-17;19,60;Rohdaten
2015-10-18;19,65;Rohdaten
2015-10-19;19,66;Rohdaten
2015-10-20;;Rohdaten
2015-10-21;19,55;Rohdaten
2015-10-22;19,56;Rohdaten
2015-10-23;19,55;Rohdaten
2015-10-24;19,58;Rohdaten
2015-10-25;19,55;Rohdaten
2015-10-26;19,56;Rohdaten
2015-10-27;19,56;Rohdaten
2015-10-28;19,55;Rohdaten
2015-10-29;19,40;Rohdaten
2015-10-30;19,37;Rohdaten
2015-10-31;19,37;Rohdaten
2015-11-01;19,38;Rohdaten
2015-11-02;19,41;Rohdaten
2015-11-03;19,46;Rohdaten
2015-11-04;19,44;Rohdaten
2015-11-05;19,43;Rohdaten
2015-11-06;19,40;Rohdaten
2015-11-07;19,29;Rohdaten
2015-11-08;19,31;Rohdaten
2015-11-09;19,27;Rohdaten
2015-11-10;19,22;Rohdaten
2015-11-11;19,20;Rohdaten
2015-11-12;19,45;Rohdaten
2015-11-13;19,55;Rohdaten
2015-11-14;19,54;Rohdaten
2015-11-15;19,66;Rohdaten
2015-11-16;19,65;Rohdaten
2015-11-17;19,58;Rohdaten
2015-11-18;19,50;Rohdaten
2015-11-19;19,54;Rohdaten
2015-11-20;19,82;Rohdaten
2015-11-21;19,89;Rohdaten
2015-11-22;19,74;Rohdaten
2015-11-23;19,84;Rohdaten
2015-11-24;19,74;Rohdaten
2015-11-25;19,74;Rohdaten
2015-11-26;19,81;Rohdaten
2015-11-27;19,92;Rohdaten
2015-11-28;19,80;Rohdaten
2015-11-29;19,68;Rohdaten
2015-11-30;17,48;Rohdaten
2015-12-01;16,63;Rohdaten
2015-12-02;17,16;Rohdaten
2015-12-03;18,63;Rohdaten
2015-12-04;19,11;Rohdaten
2015-12-05;19,26;Rohdaten
2015-12-06;19,28;Rohdaten
2015-12-07;19,29;Rohdaten
2015-12-08;19,33;Rohdaten
2015-12-09;19,31;Rohdaten
2015-12-10;19,34;Rohdaten
2015-12-11;19,38;Rohdaten
2015-12-12;19,42;Rohdaten
2015-12-13;19,40;Rohdaten
2015-12-14;19,40;Rohdaten
2015-12-15;19,37;Rohdaten
2015-12-16;19,29;Rohdaten
2015-12-17;18,92;Rohdaten
2015-12-18;18,67;Rohdaten
2015-12-19;18,78;Rohdaten
2015-12-20;18,80;Rohdaten
2015-12-21;18,83;Rohdaten
2015-12-22;18,75;Rohdaten
2015-12-23;18,58;Rohdaten
2015-12-24;18,99;Rohdaten
2015-12-25;19,16;Rohdaten
2015-12-26;19,34;Rohdaten
2015-12-27;19,33;Rohdaten
2015-12-28;19,61;Rohdaten
2015-12-29;19,15;Rohdaten
2015-12-30;19,14;Rohdaten
2015-12-31;19,15;Rohdaten
2016-01-01;19,27;Rohdaten
2016-01-02;19,30;Rohdaten
2016-01-03;19,49;Rohdaten
2016-01-04;19,41;Rohdaten
2016-01-05;19,34;Rohdaten
2016-01-06;19,46;Rohdaten
2016-01-07;19,53;Rohdaten
2016-01-08;19,68;Rohdaten
2016-01-09;19,59;Rohdaten
2016-01-10;19,51;Rohdaten
2016-01-11;19,85;Rohdaten
2016-01-12;19,80;Rohdaten
2016-01-13;19,36;Rohdaten
2016-01-14;20,10;Rohdaten
2016-01-15;19,61;Rohdaten
2016-01-16;19,20;Rohdaten
2016-01-17;19,32;Rohdaten
2016-01-18;19,62;Rohdaten
2016-01-19;19,63;Rohdaten
2016-01-20;19,52;Rohdaten
2016-01-21;19,36;Rohdaten
2016-01-22;19,45;Rohdaten
2016-01-23;19,44;Rohdaten
2016-01-24;19,63;Rohdaten
2016-01-25;19,76;Rohdaten
2016-01-26;19,89;Rohdaten
2016-01-27;19,83;Rohdaten
2016-01-28;19,62;Rohdaten
2016-01-29;19,58;Rohdaten
2016-01-30;19,96;Rohdaten
2016-01-31;19,81;Rohdaten
2016-02-01;19,37;Rohdaten
2016-02-02;20,03;Rohdaten
2016-02-03;19,75;Rohdaten
2016-02-04;19,98;Rohdaten
2016-02-05;19,85;Rohdaten
2016-02-06;20,34;Rohdaten
2016-02-07;19,99;Rohdaten
2016-02-08;20,53;Rohdaten
2016-02-09;20,87;Rohdaten
2016-02-10;19,96;Rohdaten
2016-02-11;20,03;Rohdaten
2016-02-12;20,72;Rohdaten
2016-02-13;20,52;Rohdaten
2016-02-14;19,94;Rohdaten
2016-02-15;19,31;Rohdaten
2016-02-16;19,59;Rohdaten
2016-02-17;21,04;Rohdaten
2016-02-18;22,11;Rohdaten
2016-02-19;21,56;Rohdaten
2016-02-20;22,20;Rohdaten
2016-02-21;22,79;Rohdaten
2016-02-22;22,77;Rohdaten
2016-02-23;22,16;Rohdaten
2016-02-24;22,67;Rohdaten
2016-02-25;22,50;Rohdaten
2016-02-26;21,30;Rohdaten
2016-02-27;20,16;Rohdaten
2016-02-28;20,06;Rohdaten
2016-02-29;20,28;Rohdaten
2016-03-01;20,51;Rohdaten
2016-03-02;21,20;Rohdaten
2016-03-03;20,94;Rohdaten
2016-03-04;21,05;Rohdaten
2016-03-05;21,11;Rohdaten
2016-03-06;21,11;Rohdaten
2016-03-07;21,06;Rohdaten
2016-03-08;21,01;Rohdaten
2016-03-09;21,13;Rohdaten
2016-03-10;21,02;Rohdaten
2016-03-11;20,82;Rohdaten
2016-03-12;20,74;Rohdaten
2016-03-13;20,67;Rohdaten
2016-03-14;20,76;Rohdaten
2016-03-15;20,66;Rohdaten
2016-03-16;20,35;Rohdaten
2016-03-17;20,33;Rohdaten
2016-03-18;20,51;Rohdaten
2016-03-19;20,51;Rohdaten
2016-03-20;20,63;Rohdaten
2016-03-21;20,55;Rohdaten
2016-03-22;20,50;Rohdaten
2016-03-23;20,53;Rohdaten
2016-03-24;20,44;Rohdaten
2016-03-25;20,48;Rohdaten
2016-03-26;20,74;Rohdaten
2016-03-27;20,80;Rohdaten
2016-03-28;21,07;Rohdaten
2016-03-29;20,83;Rohdaten
2016-03-30;20,79;Rohdaten
2016-03-31;21,20;Rohdaten
2016-04-01;20,26;Rohdaten
2016-04-02;21,09;Rohdaten
2016-04-03;21,05;Rohdaten
2016-04-04;20,65;Rohdaten
2016-04-05;19,82;Rohdaten
2016-04-06;20,58;Rohdaten
2016-04-07;20,56;Rohdaten
2016-04-08;21,02;Rohdaten
2016-04-09;21,02;Rohdaten
2016-04-10;20,54;Rohdaten
2016-04-11;22,09;Rohdaten
2016-04-12;21,99;Rohdaten
2016-04-13;21,90;Rohdaten
2016-04-14;21,72;Rohdaten
2016-04-15;21,70;Rohdaten
2016-04-16;21,79;Rohdaten
2016-04-17;21,65;Rohdaten
2016-04-18;20,53;Rohdaten
2016-04-19;20,79;Rohdaten
2016-04-20;20,96;Rohdaten
2016-04-21;22,15;Rohdaten
2016-04-22;22,16;Rohdaten
2016-04-23;22,11;Rohdaten
2016-04-24;22,11;Rohdaten
2016-04-25;21,87;Rohdaten
2016-04-26;22,02;Rohdaten
2016-04-27;22,24;Rohdaten
2016-04-28;22,67;Rohdaten
2016-04-29;22,41;Rohdaten
2016-04-30;23,01;Rohdaten
2016-05-01;22,73;Rohdaten
2016-05-02;22,41;Rohdaten
2016-05-03;22,72;Rohdaten
2016-05-04;22,71;Rohdaten
2016-05-05;22,24;Rohdaten
2016-05-06;22,18;Rohdaten
2016-05-07;22,39;Rohdaten
2016-05-08;21,76;Rohdaten
2016-05-09;21,83;Rohdaten
2016-05-10;22,28;Rohdaten
2016-05-11;21,75;Rohdaten
2016-05-12;21,54;Rohdaten
2016-05-13;21,97;Rohdaten
2016-05-14;22,75;Rohdaten
2016-05-15;22,22;Rohdaten
2016-05-16;22,26;Rohdaten
2016-05-17;21,97;Rohdaten
2016-05-18;21,57;Rohdaten
2016-05-19;21,55;Rohdaten
2016-05-20;21,57;Rohdaten
2016-05-21;21,60;Rohdaten
2016-05-22;21,59;Rohdaten
2016-05-23;21,56;Rohdaten
2016-05-24;21,54;Rohdaten
2016-05-25;21,01;Rohdaten
2016-05-26;20,49;Rohdaten
2016-05-27;21,06;Rohdaten
2016-05-28;21,52;Rohdaten
2016-05-29;22,05;Rohdaten
2016-05-30;22,64;Rohdaten
2016-05-31;22,32;Rohdaten
2016-06-01;22,38;Rohdaten
2016-06-02;22,45;Rohdaten
2016-06-03;22,55;Rohdaten
2016-06-04;22,98;Rohdaten
2016-06-05;23,73;Rohdaten
2016-06-06;24,02;Rohdaten
2016-06-07;23,50;Rohdaten
2016-06-08;23,93;Rohdaten
2016-06-09;24,30;Rohdaten
2016-06-10;24,95;Rohdaten
2016-06-11;24,57;Rohdaten
2016-06-12;23,04;Rohdaten
2016-06-13;22,76;Rohdaten
2016-06-14;22,33;Rohdaten
2016-06-15;23,74;Rohdaten
2016-06-16;24,20;Rohdaten
2016-06-17;22,31;Rohdaten
2016-06-18;22,66;Rohdaten
2016-06-19;22,71;Rohdaten
2016-06-20;22,84;Rohdaten
2016-06-21;23,17;Rohdaten
2016-06-22;22,97;Rohdaten
2016-06-23;23,04;Rohdaten
2016-06-24;23,42;Rohdaten
2016-06-25;23,56;Rohdaten
2016-06-26;23,24;Rohdaten
2016-06-27;22,57;Rohdaten
2016-06-28;21,65;Rohdaten
2016-06-29;22,12;Rohdaten
2016-06-30;22,47;Rohdaten
2016-07-01;23,00;Rohdaten
2016-07-02;23,01;Rohdaten
2016-07-03;22,11;Rohdaten
2016-07-04;22,57;Rohdaten
2016-07-05;24,02;Rohdaten
2016-07-06;22,84;Rohdaten
2016-07-07;21,74;Rohdaten
2016-07-08;21,61;Rohdaten
2016-07-09;22,08;Rohdaten
2016-07-10;22,42;Rohdaten
2016-07-11;22,32;Rohdaten
2016-07-12;22,17;Rohdaten
2016-07-13;22,07;Rohdaten
2016-07-14;21,98;Rohdaten
2016-07-15;21,93;Rohdaten
2016-07-16;21,82;Rohdaten
2016-07-17;21,84;Rohdaten
2016-07-18;21,81;Rohdaten
2016-07-19;21,80;Rohdaten
2016-07-20;21,81;Rohdaten
2016-07-21;21,86;Rohdaten
2016-07-22;21,78;Rohdaten
2016-07-23;21,70;Rohdaten
2016-07-24;21,56;Rohdaten
2016-07-25;21,58;Rohdaten
2016-07-26;22,10;Rohdaten
2016-07-27;22,34;Rohdaten
2016-07-28;22,37;Rohdaten
2016-07-29;22,14;Rohdaten
2016-07-30;21,95;Rohdaten
2016-07-31;21,95;Rohdaten
2016-08-01;21,91;Rohdaten
2016-08-02;21,78;Rohdaten
2016-08-03;21,70;Rohdaten
2016-08-04;21,65;Rohdaten
2016-08-05;21,72;Rohdaten
2016-08-06;21,65;Rohdaten
2016-08-07;21,55;Rohdaten
2016-08-08;21,51;Rohdaten
2016-08-09;21,42;Rohdaten
2016-08-10;21,35;Rohdaten
2016-08-11;21,36;Rohdaten
2016-08-12;21,45;Rohdaten
2016-08-13;21,96;Rohdaten
2016-08-14;21,99;Rohdaten
2016-08-15;21,93;Rohdaten
2016-08-16;21,74;Rohdaten
2016-08-17;21,59;Rohdaten
2016-08-18;21,54;Rohdaten
2016-08-19;21,66;Rohdaten
2016-08-20;21,61;Rohdaten
2016-08-21;21,04;Rohdaten
2016-08-22;21,18;Rohdaten
2016-08-23;21,23;Rohdaten
2016-08-24;21,35;Rohdaten
2016-08-25;21,34;Rohdaten
2016-08-26;21,24;Rohdaten
2016-08-27;21,19;Rohdaten
2016-08-28;21,17;Rohdaten
2016-08-29;21,14;Rohdaten
2016-08-30;21,17;Rohdaten
2016-08-31;21,11;Rohdaten
2016-09-01;21,04;Rohdaten
2016-09-02;21,07;Rohdaten
2016-09-03;21,02;Rohdaten
2016-09-04;21,00;Rohdaten
2016-09-05;21,01;Rohdaten
2016-09-06;20,89;Rohdaten
2016-09-07;20,95;Rohdaten
2016-09-08;20,95;Rohdaten
2016-09-09;21,04;Rohdaten
2016-09-10;21,07;Rohdaten
2016-09-11;20,95;Rohdaten
2016-09-12;21,02;Rohdaten
2016-09-13;20,98;Rohdaten
2016-09-14;20,94;Rohdaten
2016-09-15;20,94;Rohdaten
2016-09-16;20,88;Rohdaten
2016-09-17;20,91;Rohdaten
2016-09-18;20,99;Rohdaten
2016-09-19;20,99;Rohdaten
2016-09-20;20,89;Rohdaten
2016-09-21;20,85;Rohdaten
2016-09-22;20,85;Rohdaten
2016-09-23;20,92;Rohdaten
2016-09-24;21,02;Rohdaten
2016-09-25;21,14;Rohdaten
2016-09-26;21,04;Rohdaten
2016-09-27;20,96;Rohdaten
2016-09-28;20,92;Rohdaten
2016-09-29;20,93;Rohdaten
2016-09-30;20,92;Rohdaten
2016-10-01;20,92;Rohdaten
2016-10-02;20,98;Rohdaten
2016-10-03;20,98;Rohdaten
2016-10-04;20,98;Rohdaten
2016-10-05;20,98;Rohdaten
2016-10-06;20,98;Rohdaten
2016-10-07;20,97;Rohdaten
2016-10-08;20,98;Rohdaten
2016-10-09;20,93;Rohdaten
2016-10-10;21,02;Rohdaten
2016-10-11;21,20;Rohdaten
2016-10-12;21,11;Rohdaten
2016-10-13;20,99;Rohdaten
2016-10-14;20,94;Rohdaten
2016-10-15;20,86;Rohdaten
2016-10-16;20,82;Rohdaten
2016-10-17;20,81;Rohdaten
2016-10-18;20,81;Rohdaten
2016-10-19;20,79;Rohdaten
2016-10-20;20,80;Rohdaten
2016-10-21;20,81;Rohdaten
2016-10-22;20,72;Rohdaten
2016-10-23;20,66;Rohdaten
2016-10-24;20,66;Rohdaten
2016-10-25;20,66;Rohdaten
2016-10-26;20,65;Rohdaten
2016-10-27;20,65;Rohdaten
2016-10-28;20,65;Rohdaten
2016-10-29;20,83;Rohdaten
2016-10-30;20,92;Rohdaten
2016-10-31;20,93;Rohdaten
2016-11-01;20,90;Rohdaten
2016-11-02;20,78;Rohdaten
2016-11-03;20,77;Rohdaten
2016-11-04;20,67;Rohdaten
2016-11-05;20,64;Rohdaten
2016-11-06;20,64;Rohdaten
2016-11-07;20,67;Rohdaten
2016-11-08;20,74;Rohdaten
2016-11-09;20,83;Rohdaten
2016-11-10;20,65;Rohdaten
2016-11-11;20,63;Rohdaten
2016-11-12;20,62;Rohdaten
2016-11-13;20,61;Rohdaten
2016-11-14;20,58;Rohdaten
2016-11-15;20,53;Rohdaten
2016-11-16;20,61;Rohdaten
2016-11-17;20,62;Rohdaten
2016-11-18;20,68;Rohdaten
2016-11-19;20,62;Rohdaten
2016-11-20;20,92;Rohdaten
2016-11-21;20,84;Rohdaten
2016-11-22;20,48;Rohdaten
2016-11-23;19,90;Rohdaten
2016-11-24;20,12;Rohdaten
2016-11-25;19,79;Rohdaten
2016-11-26;19,95;Rohdaten
2016-11-27;20,88;Rohdaten
2016-11-28;21,25;Rohdaten
2016-11-29;19,34;Rohdaten
2016-11-30;20,03;Rohdaten
2016-12-01;19,87;Rohdaten
2016-12-02;21,11;Rohdaten
2016-12-03;20,33;Rohdaten
2016-12-04;20,26;Rohdaten
2016-12-05;21,05;Rohdaten
2016-12-06;21,33;Rohdaten
2016-12-07;21,71;Rohdaten
2016-12-08;23,32;Rohdaten
2016-12-09;23,50;Rohdaten
2016-12-10;23,49;Rohdaten
2016-12-11;23,32;Rohdaten
2016-12-12;23,31;Rohdaten
2016-12-13;23,30;Rohdaten
2016-12-14;23,19;Rohdaten
2016-12-15;22,71;Rohdaten
2016-12-16;22,05;Rohdaten
2016-12-17;22,16;Rohdaten
2016-12-18;22,17;Rohdaten
2016-12-19;22,12;Rohdaten
2016-12-20;22,12;Rohdaten
2016-12-21;22,63;Rohdaten
2016-12-22;22,92;Rohdaten
2016-12-23;22,53;Rohdaten
2016-12-24;21,84;Rohdaten
2016-12-25;21,02;Rohdaten
2016-12-26;20,96;Rohdaten
2016-12-27;20,05;Rohdaten
2016-12-28;19,79;Rohdaten
2016-12-29;18,92;Rohdaten
2016-12-30;18,17;Rohdaten
2016-12-31;17,78;Rohdaten
2017-01-01;18,32;Rohdaten
2017-01-02;18,61;Rohdaten
2017-01-03;18,68;Rohdaten
2017-01-04;18,71;Rohdaten
2017-01-05;18,69;Rohdaten
2017-01-06;18,67;Rohdaten
2017-01-07;18,65;Rohdaten
2017-01-08;18,67;Rohdaten
2017-01-09;18,66;Rohdaten
2017-01-10;18,69;Rohdaten
2017-01-11;18,68;Rohdaten
2017-01-12;18,71;Rohdaten
2017-01-13;18,83;Rohdaten
2017-01-14;18,90;Rohdaten
2017-01-15;18,83;Rohdaten
2017-01-16;18,81;Rohdaten
2017-01-17;18,78;Rohdaten
2017-01-18;18,72;Rohdaten
2017-01-19;18,74;Rohdaten
2017-01-20;18,67;Rohdaten
2017-01-21;18,66;Rohdaten
2017-01-22;18,61;Rohdaten
2017-01-23;18,68;Rohdaten
2017-01-24;18,70;Rohdaten
2017-01-25;18,64;Rohdaten
2017-01-26;18,65;Rohdaten
2017-01-27;18,51;Rohdaten
2017-01-28;18,57;Rohdaten
2017-01-29;18,73;Rohdaten
2017-01-30;18,74;Rohdaten
2017-01-31;18,78;Rohdaten
2017-02-01;18,75;Rohdaten
2017-02-02;18,75;Rohdaten
2017-02-03;18,78;Rohdaten
2017-02-04;18,88;Rohdaten
2017-02-05;18,98;Rohdaten
2017-02-06;18,96;Rohdaten
2017-02-07;18,93;Rohdaten
2017-02-08;18,85;Rohdaten
2017-02-09;18,77;Rohdaten
2017-02-10;18,70;Rohdaten
2017-02-11;18,55;Rohdaten
2017-02-12;18,56;Rohdaten
2017-02-13;18,57;Rohdaten
2017-02-14;18,61;Rohdaten
2017-02-15;18,59;Rohdaten
2017-02-16;18,60;Rohdaten
2017-02-17;18,69;Rohdaten
2017-02-18;18,77;Rohdaten
2017-02-19;18,73;Rohdaten
2017-02-20;18,64;Rohdaten
2017-02-21;19,00;Rohdaten
2017-02-22;19,08;Rohdaten
2017-02-23;18,81;Rohdaten
2017-02-24;18,81;Rohdaten
2017-02-25;18,62;Rohdaten
2017-02-26;18,71;Rohdaten
2017-02-27;18,86;Rohdaten
2017-02-28;18,96;Rohdaten
2017-03-01;18,92;Rohdaten
2017-03-02;19,01;Rohdaten
2017-03-03;18,92;Rohdaten
2017-03-04;18,95;Rohdaten
2017-03-05;18,88;Rohdaten
2017-03-06;18,92;Rohdaten
2017-03-07;18,86;Rohdaten
2017-03-08;18,77;Rohdaten
2017-03-09;18,74;Rohdaten
2017-03-10;18,52;Rohdaten
2017-03-11;18,33;Rohdaten
2017-03-12;18,75;Rohdaten
2017-03-13;18,59;Rohdaten
2017-03-14;18,59;Rohdaten
2017-03-15;18,60;Rohdaten
2017-03-16;18,59;Rohdaten
2017-03-17;18,76;Rohdaten
2017-03-18;18,34;Rohdaten
2017-03-19;17,78;Rohdaten
2017-03-20;18,66;Rohdaten
2017-03-21;19,08;Rohdaten
2017-03-22;19,29;Rohdaten
2017-03-23;19,05;Rohdaten
2017-03-24;19,82;Rohdaten
2017-03-25;20,43;Rohdaten
2017-03-26;;Rohdaten
2017-03-27;;Rohdaten
2017-03-28;;Rohdaten
2017-03-29;;Rohdaten
2017-03-30;20,05;Rohdaten
2017-03-31;20,00;Rohdaten
2017-04-01;20,14;Rohdaten
2017-04-02;20,20;Rohdaten
2017-04-03;20,16;Rohdaten
2017-04-04;20,21;Rohdaten
2017-04-05;20,23;Rohdaten
2017-04-06;20,19;Rohdaten
2017-04-07;20,26;Rohdaten
2017-04-08;20,21;Rohdaten
2017-04-09;20,16;Rohdaten
2017-04-10;20,18;Rohdaten
2017-04-11;20,17;Rohdaten
2017-04-12;20,19;Rohdaten
2017-04-13;20,14;Rohdaten
2017-04-14;20,16;Rohdaten
2017-04-15;20,10;Rohdaten
2017-04-16;20,11;Rohdaten
2017-04-17;20,24;Rohdaten
2017-04-18;20,18;Rohdaten
2017-04-19;20,11;Rohdaten
2017-04-20;20,07;Rohdaten
2017-04-21;20,08;Rohdaten
2017-04-22;20,13;Rohdaten
2017-04-23;20,10;Rohdaten
2017-04-24;20,08;Rohdaten
2017-04-25;20,12;Rohdaten
2017-04-26;20,39;Rohdaten
2017-04-27;20,48;Rohdaten
2017-04-28;20,58;Rohdaten
2017-04-29;20,60;Rohdaten
2017-04-30;20,50;Rohdaten
2017-05-01;20,50;Rohdaten
2017-05-02;21,17;Rohdaten
2017-05-03;21,20;Rohdaten
2017-05-04;21,21;Rohdaten
2017-05-05;21,12;Rohdaten
2017-05-06;;Rohdaten
2017-05-07;21,01;Rohdaten
2017-05-08;;Rohdaten
2017-05-09;;Rohdaten
2017-05-10;;Rohdaten
2017-05-11;19,66;Rohdaten
2017-05-12;20,85;Rohdaten
2017-05-13;21,52;Rohdaten
2017-05-14;21,51;Rohdaten
2017-05-15;21,47;Rohdaten
2017-05-16;21,48;Rohdaten
2017-05-17;19,23;Rohdaten
2017-05-18;16,91;Rohdaten
2017-05-19;19,29;Rohdaten
2017-05-20;19,63;Rohdaten
2017-05-21;20,17;Rohdaten
2017-05-22;16,85;Rohdaten
2017-05-23;18,38;Rohdaten
2017-05-24;18,98;Rohdaten
2017-05-25;17,75;Rohdaten
2017-05-26;18,80;Rohdaten
2017-05-27;20,50;Rohdaten
2017-05-28;20,58;Rohdaten
2017-05-29;20,61;Rohdaten
2017-05-30;20,61;Rohdaten
2017-05-31;20,52;Rohdaten
2017-06-01;20,47;Rohdaten
2017-06-02;18,42;Rohdaten
2017-06-03;17,40;Rohdaten
2017-06-04;17,89;Rohdaten
2017-06-05;18,17;Rohdaten
2017-06-06;18,34;Rohdaten
2017-06-07;18,22;Rohdaten
2017-06-08;18,91;Rohdaten
2017-06-09;19,05;Rohdaten
2017-06-10;18,97;Rohdaten
2017-06-11;19,23;Rohdaten
2017-06-12;19,14;Rohdaten
2017-06-13;19,68;Rohdaten
2017-06-14;19,03;Rohdaten
2017-06-15;18,77;Rohdaten
2017-06-16;18,75;Rohdaten
2017-06-17;17,97;Rohdaten
2017-06-18;15,84;Rohdaten
2017-06-19;16,95;Rohdaten
2017-06-20;16,55;Rohdaten
2017-06-21;16,87;Rohdaten
2017-06-22;17,25;Rohdaten
2017-06-23;17,55;Rohdaten
2017-06-24;17,73;Rohdaten
2017-06-25;17,79;Rohdaten
2017-06-26;17,86;Rohdaten
2017-06-27;16,27;Rohdaten
2017-06-28;16,97;Rohdaten
2017-06-29;17,95;Rohdaten
2017-06-30;18,91;Rohdaten
2017-07-01;17,53;Rohdaten
2017-07-02;18,23;Rohdaten
2017-07-03;18,25;Rohdaten
2017-07-04;18,24;Rohdaten
2017-07-05;18,36;Rohdaten
2017-07-06;17,74;Rohdaten
2017-07-07;18,20;Rohdaten
2017-07-08;18,41;Rohdaten
2017-07-09;18,80;Rohdaten
2017-07-10;19,43;Rohdaten
2017-07-11;19,51;Rohdaten
2017-07-12;19,12;Rohdaten
2017-07-13;18,87;Rohdaten
2017-07-14;18,76;Rohdaten
2017-07-15;18,59;Rohdaten
2017-07-16;18,47;Rohdaten
2017-07-17;18,49;Rohdaten
2017-07-18;18,30;Rohdaten
2017-07-19;18,29;Rohdaten
2017-07-20;18,30;Rohdaten
2017-07-21;18,47;Rohdaten
2017-07-22;;Rohdaten
2017-07-23;;Rohdaten
2017-07-24;19,32;Rohdaten
2017-07-25;;Rohdaten
2017-07-26;;Rohdaten
2017-07-27;;Rohdaten
2017-07-28;;Rohdaten
2017-07-29;;Rohdaten
2017-07-30;;Rohdaten
2017-07-31;19,50;Rohdaten
2017-08-01;19,32;Rohdaten
2017-08-02;19,43;Rohdaten
2017-08-03;19,69;Rohdaten
2017-08-04;19,60;Rohdaten
2017-08-05;19,52;Rohdaten
2017-08-06;18,77;Rohdaten
2017-08-07;19,36;Rohdaten
2017-08-08;19,61;Rohdaten
2017-08-09;19,53;Rohdaten
2017-08-10;19,58;Rohdaten
2017-08-11;19,46;Rohdaten
2017-08-12;19,46;Rohdaten
2017-08-13;19,37;Rohdaten
2017-08-14;19,30;Rohdaten
2017-08-15;19,29;Rohdaten
2017-08-16;19,38;Rohdaten
2017-08-17;19,57;Rohdaten
2017-08-18;19,58;Rohdaten
2017-08-19;19,83;Rohdaten
2017-08-20;19,87;Rohdaten
2017-08-21;19,83;Rohdaten
2017-08-22;19,74;Rohdaten
2017-08-23;19,49;Rohdaten
2017-08-24;19,45;Rohdaten
2017-08-25;19,24;Rohdaten
2017-08-26;19,76;Rohdaten
2017-08-27;19,76;Rohdaten
2017-08-28;19,83;Rohdaten
2017-08-29;19,70;Rohdaten
2017-08-30;19,65;Rohdaten
2017-08-31;18,45;Rohdaten
2017-09-01;19,17;Rohdaten
2017-09-02;19,78;Rohdaten
2017-09-03;20,61;Rohdaten
2017-09-04;20,62;Rohdaten
2017-09-05;20,17;Rohdaten
2017-09-06;18,94;Rohdaten
2017-09-07;17,99;Rohdaten
2017-09-08;17,38;Rohdaten
2017-09-09;19,22;Rohdaten
2017-09-10;20,40;Rohdaten
2017-09-11;20,44;Rohdaten
2017-09-12;20,56;Rohdaten
2017-09-13;20,36;Rohdaten
2017-09-14;21,14;Rohdaten
2017-09-15;22,19;Rohdaten
2017-09-16;23,01;Rohdaten
2017-09-17;23,23;Rohdaten
2017-09-18;23,25;Rohdaten
2017-09-19;23,22;Rohdaten
2017-09-20;23,03;Rohdaten
2017-09-21;22,28;Rohdaten
2017-09-22;22,67;Rohdaten
2017-09-23;22,64;Rohdaten
2017-09-24;21,63;Rohdaten
2017-09-25;18,98;Rohdaten
2017-09-26;19,71;Rohdaten
2017-09-27;20,11;Rohdaten
2017-09-28;20,78;Rohdaten
2017-09-29;20,15;Rohdaten
2017-09-30;18,45;Rohdaten
2017-10-01;18,23;Rohdaten
2017-10-02;18,63;Rohdaten
2017-10-03;19,96;Rohdaten
2017-10-04;19,66;Rohdaten
2017-10-05;19,36;Rohdaten
2017-10-06;20,57;Rohdaten
2017-10-07;19,32;Rohdaten
2017-10-08;19,19;Rohdaten
2017-10-09;18,90;Rohdaten
2017-10-10;18,60;Rohdaten
2017-10-11;18,50;Rohdaten
2017-10-12;18,26;Rohdaten
2017-10-13;18,04;Rohdaten
2017-10-14;18,06;Rohdaten
2017-10-15;18,78;Rohdaten
2017-10-16;18,59;Rohdaten
2017-10-17;18,28;Rohdaten
2017-10-18;18,59;Rohdaten
2017-10-19;19,44;Rohdaten
2017-10-20;19,59;Rohdaten
2017-10-21;20,08;Rohdaten
2017-10-22;20,56;Rohdaten
2017-10-23;20,67;Rohdaten
2017-10-24;19,18;Rohdaten
2017-10-25;19,25;Rohdaten
2017-10-26;18,99;Rohdaten
2017-10-27;18,94;Rohdaten
2017-10-28;19,11;Rohdaten
2017-10-29;19,23;Rohdaten
2017-10-30;19,32;Rohdaten
2017-10-31;19,67;Rohdaten
2017-11-01;19,36;Rohdaten
2017-11-02;19,36;Rohdaten
2017-11-03;18,65;Rohdaten
2017-11-04;18,49;Rohdaten
2017-11-05;19,53;Rohdaten
2017-11-06;19,58;Rohdaten
2017-11-07;19,19;Rohdaten
2017-11-08;19,51;Rohdaten
2017-11-09;19,98;Rohdaten
2017-11-10;19,71;Rohdaten
2017-11-11;20,63;Rohdaten
2017-11-12;21,15;Rohdaten
2017-11-13;22,18;Rohdaten
2017-11-14;22,16;Rohdaten
2017-11-15;20,80;Rohdaten
2017-11-16;21,26;Rohdaten
2017-11-17;23,54;Rohdaten
2017-11-18;22,66;Rohdaten
2017-11-19;22,71;Rohdaten
2017-11-20;22,35;Rohdaten
2017-11-21;23,12;Rohdaten
2017-11-22;23,71;Rohdaten
2017-11-23;23,97;Rohdaten
2017-11-24;23,32;Rohdaten
2017-11-25;23,98;Rohdaten
2017-11-26;23,62;Rohdaten
2017-11-27;23,62;Rohdaten
2017-11-28;23,20;Rohdaten
2017-11-29;23,25;Rohdaten
2017-11-30;23,74;Rohdaten
2017-12-01;23,98;Rohdaten
2017-12-02;24,03;Rohdaten
2017-12-03;23,97;Rohdaten
2017-12-04;23,93;Rohdaten
2017-12-05;23,83;Rohdaten
2017-12-06;23,90;Rohdaten
2017-12-07;24,02;Rohdaten
2017-12-08;23,79;Rohdaten
2017-12-09;23,79;Rohdaten
2017-12-10;23,79;Rohdaten
2017-12-11;22,25;Rohdaten
2017-12-12;;Rohdaten
2017-12-13;;Rohdaten
2017-12-14;;Rohdaten
2017-12-15;;Rohdaten
2017-12-16;;Rohdaten
2017-12-17;;Rohdaten
2017-12-18;;Rohdaten
2017-12-19;;Rohdaten
2017-12-20;;Rohdaten
2017-12-21;;Rohdaten
2017-12-22;;Rohdaten
2017-12-23;;Rohdaten
2017-12-24;;Rohdaten
2017-12-25;;Rohdaten
2017-12-26;;Rohdaten
2017-12-27;;Rohdaten
2017-12-28;;Rohdaten
2017-12-29;;Rohdaten
2017-12-30;;Rohdaten
2017-12-31;;Rohdaten
2018-01-01;;Rohdaten
2018-01-02;;Rohdaten
2018-01-03;;Rohdaten
2018-01-04;;Rohdaten
2018-01-05;;Rohdaten
2018-01-06;;Rohdaten
2018-01-07;;Rohdaten
2018-01-08;;Rohdaten
2018-01-09;;Rohdaten
2018-01-10;;Rohdaten
2018-01-11;;Rohdaten
2018-01-12;;Rohdaten
2018-01-13;;Rohdaten
2018-01-14;;Rohdaten
2018-01-15;;Rohdaten
2018-01-16;;Rohdaten
2018-01-17;;Rohdaten
2018-01-18;;Rohdaten
2018-01-19;;Rohdaten
2018-01-20;;Rohdaten
2018-01-21;;Rohdaten
2018-01-22;;Rohdaten
2018-01-23;;Rohdaten
2018-01-24;;Rohdaten
2018-01-25;;Rohdaten
2018-01-26;22,57;Rohdaten
2018-01-27;;Rohdaten
2018-01-28;;Rohdaten
2018-01-29;;Rohdaten
2018-01-30;;Rohdaten
2018-01-31;;Rohdaten
2018-02-01;;Rohdaten
2018-02-02;;Rohdaten
2018-02-03;;Rohdaten
2018-02-04;;Rohdaten
2018-02-05;;Rohdaten
2018-02-06;;Rohdaten
2018-02-07;;Rohdaten
2018-02-08;21,87;Rohdaten
2018-02-09;;Rohdaten
2018-02-10;;Rohdaten
2018-02-11;;Rohdaten
2018-02-12;;Rohdaten
2018-02-13;;Rohdaten
2018-02-14;;Rohdaten
2018-02-15;;Rohdaten
2018-02-16;;Rohdaten
2018-02-17;;Rohdaten
2018-02-18;;Rohdaten
2018-02-19;;Rohdaten
2018-02-20;;Rohdaten
2018-02-21;;Rohdaten
2018-02-22;21,57;Rohdaten
2018-02-23;;Rohdaten
2018-02-24;;Rohdaten
2018-02-25;;Rohdaten
2018-02-26;;Rohdaten
2018-02-27;;Rohdaten
2018-02-28;;Rohdaten
2018-03-01;;Rohdaten
2018-03-02;;Rohdaten
2018-03-03;;Rohdaten
2018-03-04;;Rohdaten
2018-03-05;;Rohdaten
2018-03-06;;Rohdaten
2018-03-07;;Rohdaten
2018-03-08;;Rohdaten
2018-03-09;21,53;Rohdaten
2018-03-10;;Rohdaten
2018-03-11;;Rohdaten
2018-03-12;;Rohdaten
2018-03-13;;Rohdaten
2018-03-14;;Rohdaten
2018-03-15;;Rohdaten
2018-03-16;;Rohdaten
2018-03-17;;Rohdaten
2018-03-18;;Rohdaten
2018-03-19;;Rohdaten
2018-03-20;;Rohdaten
2018-03-21;;Rohdaten
2018-03-22;;Rohdaten
2018-03-23;;Rohdaten
2018-03-24;;Rohdaten
2018-03-25;;Rohdaten
2018-03-26;;Rohdaten
2018-03-27;;Rohdaten
2018-03-28;;Rohdaten
2018-03-29;;Rohdaten
2018-03-30;;Rohdaten
2018-03-31;;Rohdaten
2018-04-01;;Rohdaten
2018-04-02;;Rohdaten
2018-04-03;;Rohdaten
2018-04-04;;Rohdaten
2018-04-05;;Rohdaten
2018-04-06;;Rohdaten
2018-04-07;;Rohdaten
2018-04-08;;Rohdaten
2018-04-09;;Rohdaten
2018-04-10;;Rohdaten
2018-04-11;;Rohdaten
2018-04-12;;Rohdaten
2018-04-13;;Rohdaten
2018-04-14;;Rohdaten
2018-04-15;;Rohdaten
2018-04-16;;Rohdaten
2018-04-17;;Rohdaten
2018-04-18;;Rohdaten
2018-04-19;21,05;Rohdaten
2018-04-20;;Rohdaten
2018-04-21;;Rohdaten
2018-04-22;;Rohdaten
2018-04-23;;Rohdaten
2018-04-24;;Rohdaten
2018-04-25;;Rohdaten
2018-04-26;;Rohdaten
2018-04-27;;Rohdaten
2018-04-28;;Rohdaten
2018-04-29;;Rohdaten
2018-04-30;;Rohdaten
2018-05-01;;Rohdaten
2018-05-02;;Rohdaten
2018-05-03;;Rohdaten
2018-05-04;;Rohdaten
2018-05-05;;Rohdaten
2018-05-06;;Rohdaten
2018-05-07;;Rohdaten
2018-05-08;;Rohdaten
2018-05-09;;Rohdaten
2018-05-10;;Rohdaten
2018-05-11;;Rohdaten
2018-05-12;;Rohdaten
2018-05-13;;Rohdaten
2018-05-14;;Rohdaten
2018-05-15;;Rohdaten
2018-05-16;;Rohdaten
2018-05-17;;Rohdaten
2018-05-18;;Rohdaten
2018-05-19;;Rohdaten
2018-05-20;;Rohdaten
2018-05-21;;Rohdaten
2018-05-22;;Rohdaten
2018-05-23;;Rohdaten
2018-05-24;;Rohdaten
2018-05-25;;Rohdaten
2018-05-26;;Rohdaten
2018-05-27;;Rohdaten
2018-05-28;;Rohdaten
2018-05-29;;Rohdaten
2018-05-30;;Rohdaten
2018-05-31;;Rohdaten
2018-06-01;;Rohdaten
2018-06-02;;Rohdaten
2018-06-03;;Rohdaten
2018-06-04;;Rohdaten
2018-06-05;;Rohdaten
2018-06-06;;Rohdaten
2018-06-07;;Rohdaten
2018-06-08;;Rohdaten
2018-06-09;;Rohdaten
2018-06-10;;Rohdaten
2018-06-11;;Rohdaten
2018-06-12;;Rohdaten
2018-06-13;;Rohdaten
2018-06-14;;Rohdaten
2018-06-15;;Rohdaten
2018-06-16;;Rohdaten
2018-06-17;;Rohdaten
2018-06-18;;Rohdaten
2018-06-19;;Rohdaten
2018-06-20;;Rohdaten
2018-06-21;;Rohdaten
2018-06-22;;Rohdaten
2018-06-23;;Rohdaten
2018-06-24;;Rohdaten
2018-06-25;;Rohdaten
2018-06-26;;Rohdaten
2018-06-27;;Rohdaten
2018-06-28;;Rohdaten
2018-06-29;;Rohdaten
2018-06-30;;Rohdaten
2018-07-01;;Rohdaten
2018-07-02;;Rohdaten
2018-07-03;;Rohdaten
2018-07-04;;Rohdaten
2018-07-05;;Rohdaten
2018-07-06;;Rohdaten
2018-07-07;;Rohdaten
2018-07-08;;Rohdaten
2018-07-09;;Rohdaten
2018-07-10;;Rohdaten
2018-07-11;;Rohdaten
2018-07-12;;Rohdaten
2018-07-13;;Rohdaten
2018-07-14;;Rohdaten
2018-07-15;;Rohdaten
2018-07-16;;Rohdaten
2018-07-17;;Rohdaten
2018-07-18;;Rohdaten
2018-07-19;;Rohdaten
2018-07-20;;Rohdaten
2018-07-21;;Rohdaten
2018-07-22;;Rohdaten
2018-07-23;;Rohdaten
2018-07-24;;Rohdaten
2018-07-25;;Rohdaten
2018-07-26;;Rohdaten
2018-07-27;;Rohdaten
2018-07-28;;Rohdaten
2018-07-29;;Rohdaten
2018-07-30;;Rohdaten
2018-07-31;;Rohdaten
2018-08-01;;Rohdaten
2018-08-02;;Rohdaten
2018-08-03;;Rohdaten
2018-08-04;;Rohdaten
2018-08-05;;Rohdaten
2018-08-06;;Rohdaten
2018-08-07;;Rohdaten
2018-08-08;;Rohdaten
2018-08-09;;Rohdaten
2018-08-10;;Rohdaten
2018-08-11;;Rohdaten
2018-08-12;;Rohdaten
2018-08-13;;Rohdaten
2018-08-14;;Rohdaten
2018-08-15;;Rohdaten
2018-08-16;;Rohdaten
2018-08-17;;Rohdaten
2018-08-18;;Rohdaten
2018-08-19;;Rohdaten
2018-08-20;;Rohdaten
2018-08-21;;Rohdaten
2018-08-22;;Rohdaten
2018-08-23;;Rohdaten
2018-08-24;;Rohdaten
2018-08-25;;Rohdaten
2018-08-26;;Rohdaten
2018-08-27;;Rohdaten
2018-08-28;;Rohdaten
2018-08-29;;Rohdaten
2018-08-30;19,45;Rohdaten
2018-08-31;;Rohdaten
2018-09-01;;Rohdaten
2018-09-02;;Rohdaten
2018-09-03;;Rohdaten
2018-09-04;;Rohdaten
2018-09-05;;Rohdaten
2018-09-06;;Rohdaten
2018-09-07;;Rohdaten
2018-09-08;;Rohdaten
2018-09-09;;Rohdaten
2018-09-10;;Rohdaten
2018-09-11;;Rohdaten
2018-09-12;;Rohdaten
2018-09-13;;Rohdaten
2018-09-14;;Rohdaten
2018-09-15;;Rohdaten
2018-09-16;;Rohdaten
2018-09-17;;Rohdaten
2018-09-18;;Rohdaten
2018-09-19;;Rohdaten
2018-09-20;19,01;Rohdaten
2018-09-21;19,10;Rohdaten
2018-09-22;19,18;Rohdaten
2018-09-23;19,54;Rohdaten
2018-09-24;19,73;Rohdaten
2018-09-25;19,89;Rohdaten
2018-09-26;20,08;Rohdaten
2018-09-27;20,03;Rohdaten
2018-09-28;20,13;Rohdaten
2018-09-29;20,17;Rohdaten
2018-09-30;20,18;Rohdaten
2018-10-01;20,03;Rohdaten
2018-10-02;19,80;Rohdaten
2018-10-03;19,27;Rohdaten
2018-10-04;18,81;Rohdaten
2018-10-05;18,94;Rohdaten
2018-10-06;19,21;Rohdaten
2018-10-07;19,57;Rohdaten
2018-10-08;20,33;Rohdaten
2018-10-09;20,20;Rohdaten
2018-10-10;19,91;Rohdaten
2018-10-11;19,85;Rohdaten
2018-10-12;19,77;Rohdaten
2018-10-13;18,65;Rohdaten
2018-10-14;18,91;Rohdaten
2018-10-15;19,10;Rohdaten
2018-10-16;19,16;Rohdaten
2018-10-17;19,23;Rohdaten
2018-10-18;19,26;Rohdaten
2018-10-19;19,31;Rohdaten
2018-10-20;19,27;Rohdaten
2018-10-21;18,43;Rohdaten
2018-10-22;17,18;Rohdaten
2018-10-23;17,30;Rohdaten
2018-10-24;17,21;Rohdaten
2018-10-25;17,19;Rohdaten
2018-10-26;17,27;Rohdaten
2018-10-27;17,50;Rohdaten
2018-10-28;18,01;Rohdaten
2018-10-29;18,42;Rohdaten
2018-10-30;18,69;Rohdaten
2018-10-31;18,81;Rohdaten
2018-11-01;19,04;Rohdaten
2018-11-02;18,95;Rohdaten
2018-11-03;18,86;Rohdaten
2018-11-04;18,69;Rohdaten
2018-11-05;18,65;Rohdaten
2018-11-06;18,59;Rohdaten
2018-11-07;18,74;Rohdaten
2018-11-08;18,91;Rohdaten
2018-11-09;18,73;Rohdaten
2018-11-10;18,53;Rohdaten
2018-11-11;18,60;Rohdaten
2018-11-12;18,47;Rohdaten
2018-11-13;18,55;Rohdaten
2018-11-14;18,61;Rohdaten
2018-11-15;18,56;Rohdaten
2018-11-16;18,51;Rohdaten
2018-11-17;18,42;Rohdaten
2018-11-18;18,48;Rohdaten
2018-11-19;18,50;Rohdaten
2018-11-20;18,39;Rohdaten
2018-11-21;18,27;Rohdaten
2018-11-22;18,37;Rohdaten
2018-11-23;18,16;Rohdaten
2018-11-24;18,17;Rohdaten
2018-11-25;18,20;Rohdaten
2018-11-26;18,17;Rohdaten
2018-11-27;18,47;Rohdaten
2018-11-28;18,41;Rohdaten
2018-11-29;18,35;Rohdaten
2018-11-30;18,23;Rohdaten
2018-12-01;18,01;Rohdaten
2018-12-02;18,02;Rohdaten
2018-12-03;18,21;Rohdaten
2018-12-04;19,11;Rohdaten
2018-12-05;18,96;Rohdaten
2018-12-06;18,91;Rohdaten
2018-12-07;19,07;Rohdaten
2018-12-08;19,05;Rohdaten
2018-12-09;18,71;Rohdaten
2018-12-10;18,91;Rohdaten
2018-12-11;18,90;Rohdaten
2018-12-12;18,77;Rohdaten
2018-12-13;18,95;Rohdaten
2018-12-14;17,64;Rohdaten
2018-12-15;17,34;Rohdaten
2018-12-16;17,27;Rohdaten
2018-12-17;17,30;Rohdaten
2018-12-18;17,23;Rohdaten
2018-12-19;17,13;Rohdaten
2018-12-20;17,26;Rohdaten
2018-12-21;17,29;Rohdaten
2018-12-22;17,64;Rohdaten
2018-12-23;17,85;Rohdaten
2018-12-24;19,10;Rohdaten
2018-12-25;19,50;Rohdaten
2018-12-26;19,44;Rohdaten
2018-12-27;19,42;Rohdaten
2018-12-28;19,53;Rohdaten
2018-12-29;19,26;Rohdaten
2018-12-30;19,18;Rohdaten
2018-12-31;19,25;Rohdaten
2019-01-01;19,27;Rohdaten
2019-01-02;19,33;Rohdaten
2019-01-03;19,59;Rohdaten
2019-01-04;19,62;Rohdaten
2019-01-05;19,89;Rohdaten
2019-01-06;20,86;Rohdaten
2019-01-07;22,73;Rohdaten
2019-01-08;23,96;Rohdaten
2019-01-09;24,45;Rohdaten
2019-01-10;23,81;Rohdaten
2019-01-11;23,54;Rohdaten
2019-01-12;23,40;Rohdaten
2019-01-13;24,07;Rohdaten
2019-01-14;25,74;Rohdaten
2019-01-15;26,81;Rohdaten
2019-01-16;27,29;Rohdaten
2019-01-17;26,94;Rohdaten
2019-01-18;25,82;Rohdaten
2019-01-19;25,57;Rohdaten
2019-01-20;25,55;Rohdaten
2019-01-21;25,42;Rohdaten
2019-01-22;25,51;Rohdaten
2019-01-23;25,63;Rohdaten
2019-01-24;25,00;Rohdaten
2019-01-25;24,33;Rohdaten
2019-01-26;24,20;Rohdaten
2019-01-27;24,37;Rohdaten
2019-01-28;24,71;Rohdaten
2019-01-29;24,66;Rohdaten
2019-01-30;24,50;Rohdaten
2019-01-31;24,03;Rohdaten
2019-02-01;24,16;Rohdaten
2019-02-02;24,35;Rohdaten
2019-02-03;24,25;Rohdaten
2019-02-04;24,22;Rohdaten
2019-02-05;24,22;Rohdaten
2019-02-06;24,32;Rohdaten
2019-02-07;23,67;Rohdaten
2019-02-08;23,58;Rohdaten
2019-02-09;23,59;Rohdaten
2019-02-10;23,77;Rohdaten
2019-02-11;24,26;Rohdaten
2019-02-12;24,52;Rohdaten
2019-02-13;24,51;Rohdaten
2019-02-14;24,31;Rohdaten
2019-02-15;23,70;Rohdaten
2019-02-16;23,65;Rohdaten
2019-02-17;24,03;Rohdaten
2019-02-18;24,37;Rohdaten
2019-02-19;24,51;Rohdaten
2019-02-20;24,06;Rohdaten
2019-02-21;23,62;Rohdaten
2019-02-22;24,02;Rohdaten
2019-02-23;24,35;Rohdaten
2019-02-24;24,32;Rohdaten
2019-02-25;24,24;Rohdaten
2019-02-26;23,67;Rohdaten
2019-02-27;23,50;Rohdaten
2019-02-28;23,82;Rohdaten
2019-03-01;23,74;Rohdaten
2019-03-02;24,04;Rohdaten
2019-03-03;24,10;Rohdaten
2019-03-04;24,09;Rohdaten
2019-03-05;23,42;Rohdaten
2019-03-06;23,62;Rohdaten
2019-03-07;23,65;Rohdaten
2019-03-08;23,87;Rohdaten
2019-03-09;24,00;Rohdaten
2019-03-10;24,34;Rohdaten
2019-03-11;24,14;Rohdaten
2019-03-12;23,25;Rohdaten
2019-03-13;23,34;Rohdaten
2019-03-14;23,45;Rohdaten
2019-03-15;23,61;Rohdaten
2019-03-16;23,71;Rohdaten
2019-03-17;23,84;Rohdaten
2019-03-18;23,82;Rohdaten
2019-03-19;23,26;Rohdaten
2019-03-20;23,28;Rohdaten
2019-03-21;23,33;Rohdaten
2019-03-22;23,94;Rohdaten
2019-03-23;23,93;Rohdaten
2019-03-24;23,78;Rohdaten
2019-03-25;23,12;Rohdaten
2019-03-26;23,25;Rohdaten
2019-03-27;23,16;Rohdaten
2019-03-28;23,28;Rohdaten
2019-03-29;23,55;Rohdaten
2019-03-30;23,70;Rohdaten
2019-03-31;23,47;Rohdaten
2019-04-01;23,70;Rohdaten
2019-04-02;23,62;Rohdaten
2019-04-03;23,06;Rohdaten
2019-04-04;22,78;Rohdaten
2019-04-05;22,49;Rohdaten
2019-04-06;22,80;Rohdaten
2019-04-07;23,07;Rohdaten
2019-04-08;23,27;Rohdaten
2019-04-09;23,36;Rohdaten
2019-04-10;23,46;Rohdaten
2019-04-11;23,62;Rohdaten
2019-04-12;23,49;Rohdaten
2019-04-13;23,27;Rohdaten
2019-04-14;22,67;Rohdaten
2019-04-15;22,00;Rohdaten
2019-04-16;22,35;Rohdaten
2019-04-17;22,20;Rohdaten
2019-04-18;22,19;Rohdaten
2019-04-19;22,29;Rohdaten
2019-04-20;22,25;Rohdaten
2019-04-21;22,20;Rohdaten
2019-04-22;22,40;Rohdaten
2019-04-23;22,64;Rohdaten
2019-04-24;22,46;Rohdaten
2019-04-25;22,09;Rohdaten
2019-04-26;21,72;Rohdaten
2019-04-27;21,61;Rohdaten
2019-04-28;21,77;Rohdaten
2019-04-29;22,09;Rohdaten
2019-04-30;22,26;Rohdaten
2019-05-01;22,44;Rohdaten
2019-05-02;22,37;Rohdaten
2019-05-03;22,46;Rohdaten
2019-05-04;22,16;Rohdaten
2019-05-05;22,51;Rohdaten
2019-05-06;21,73;Rohdaten
2019-05-07;20,93;Rohdaten
2019-05-08;21,05;Rohdaten
2019-05-09;21,17;Rohdaten
2019-05-10;20,98;Rohdaten
2019-05-11;21,16;Rohdaten
2019-05-12;21,41;Rohdaten
2019-05-13;;Rohdaten
2019-05-14;21,24;Rohdaten
2019-05-15;21,30;Rohdaten
2019-05-16;21,27;Rohdaten
2019-05-17;21,00;Rohdaten
2019-05-18;21,08;Rohdaten
2019-05-19;20,68;Rohdaten
2019-05-20;20,11;Rohdaten
2019-05-21;21,30;Rohdaten
2019-05-22;21,38;Rohdaten
2019-05-23;21,72;Rohdaten
2019-05-24;21,61;Rohdaten
2019-05-25;21,58;Rohdaten
2019-05-26;21,60;Rohdaten
2019-05-27;21,68;Rohdaten
2019-05-28;21,85;Rohdaten
2019-05-29;21,97;Rohdaten
2019-05-30;21,97;Rohdaten
2019-05-31;21,80;Rohdaten
2019-06-01;21,58;Rohdaten
2019-06-02;21,65;Rohdaten
2019-06-03;21,42;Rohdaten
2019-06-04;20,61;Rohdaten
2019-06-05;20,40;Rohdaten
2019-06-06;20,67;Rohdaten
2019-06-07;20,88;Rohdaten
2019-06-08;20,54;Rohdaten
2019-06-09;20,83;Rohdaten
2019-06-10;20,73;Rohdaten
2019-06-11;21,03;Rohdaten
2019-06-12;21,18;Rohdaten
2019-06-13;21,20;Rohdaten
2019-06-14;21,04;Rohdaten
2019-06-15;21,28;Rohdaten
2019-06-16;21,43;Rohdaten
2019-06-17;21,34;Rohdaten
2019-06-18;21,09;Rohdaten
2019-06-19;21,12;Rohdaten
2019-06-20;21,82;Rohdaten
2019-06-21;22,89;Rohdaten
2019-06-22;23,22;Rohdaten
2019-06-23;22,52;Rohdaten
2019-06-24;20,15;Rohdaten
2019-06-25;20,43;Rohdaten
2019-06-26;20,31;Rohdaten
2019-06-27;20,24;Rohdaten
2019-06-28;20,43;Rohdaten
2019-06-29;20,71;Rohdaten
2019-06-30;20,68;Rohdaten
2019-07-01;20,63;Rohdaten
2019-07-02;20,65;Rohdaten
2019-07-03;20,43;Rohdaten
2019-07-04;20,76;Rohdaten
2019-07-05;20,43;Rohdaten
2019-07-06;20,25;Rohdaten
2019-07-07;20,63;Rohdaten
2019-07-08;20,24;Rohdaten
2019-07-09;20,08;Rohdaten
2019-07-10;19,53;Rohdaten
2019-07-11;19,38;Rohdaten
2019-07-12;19,37;Rohdaten
2019-07-13;19,47;Rohdaten
2019-07-14;19,64;Rohdaten
2019-07-15;19,60;Rohdaten
2019-07-16;19,65;Rohdaten
2019-07-17;19,82;Rohdaten
2019-07-18;19,85;Rohdaten
2019-07-19;19,94;Rohdaten
2019-07-20;19,92;Rohdaten
2019-07-21;19,59;Rohdaten
2019-07-22;18,09;Rohdaten
2019-07-23;17,59;Rohdaten
2019-07-24;18,98;Rohdaten
2019-07-25;19,25;Rohdaten
2019-07-26;19,19;Rohdaten
2019-07-27;19,35;Rohdaten
2019-07-28;19,60;Rohdaten
2019-07-29;19,58;Rohdaten
2019-07-30;19,66;Rohdaten
2019-07-31;19,99;Rohdaten
2019-08-01;20,09;Rohdaten
2019-08-02;20,34;Rohdaten
2019-08-03;20,68;Rohdaten
2019-08-04;20,94;Rohdaten
2019-08-05;20,92;Rohdaten
2019-08-06;20,94;Rohdaten
2019-08-07;21,00;Rohdaten
2019-08-08;20,64;Rohdaten
2019-08-09;20,94;Rohdaten
2019-08-10;21,05;Rohdaten
2019-08-11;21,39;Rohdaten
2019-08-12;21,55;Rohdaten
2019-08-13;21,66;Rohdaten
2019-08-14;20,97;Rohdaten
2019-08-15;20,27;Rohdaten
2019-08-16;20,36;Rohdaten
2019-08-17;20,63;Rohdaten
2019-08-18;20,73;Rohdaten
2019-08-19;20,90;Rohdaten
2019-08-20;21,04;Rohdaten
2019-08-21;21,18;Rohdaten
2019-08-22;21,21;Rohdaten
2019-08-23;20,29;Rohdaten
2019-08-24;18,98;Rohdaten
2019-08-25;18,95;Rohdaten
2019-08-26;18,82;Rohdaten
2019-08-27;18,92;Rohdaten
2019-08-28;18,45;Rohdaten
2019-08-29;18,49;Rohdaten
2019-08-30;18,67;Rohdaten
2019-08-31;18,86;Rohdaten
2019-09-01;18,83;Rohdaten
2019-09-02;18,74;Rohdaten
2019-09-03;18,80;Rohdaten
2019-09-04;19,12;Rohdaten
2019-09-05;19,38;Rohdaten
2019-09-06;19,25;Rohdaten
2019-09-07;;Rohdaten
2019-09-08;;Rohdaten
2019-09-09;;Rohdaten
2019-09-10;19,65;Rohdaten
2019-09-11;19,97;Rohdaten
2019-09-12;20,00;Rohdaten
2019-09-13;19,70;Rohdaten
2019-09-14;17,92;Rohdaten
2019-09-15;17,98;Rohdaten
2019-09-16;18,74;Rohdaten
2019-09-17;19,49;Rohdaten
2019-09-18;;Rohdaten
2019-09-19;17,98;Rohdaten
2019-09-20;18,17;Rohdaten
2019-09-21;18,08;Rohdaten
2019-09-22;18,05;Rohdaten
2019-09-23;18,39;Rohdaten
2019-09-24;18,81;Rohdaten
2019-09-25;19,03;Rohdaten
2019-09-26;19,03;Rohdaten
2019-09-27;19,14;Rohdaten
2019-09-28;19,02;Rohdaten
2019-09-29;18,98;Rohdaten
2019-09-30;19,03;Rohdaten
2019-10-01;;Rohdaten
2019-10-02;18,93;Rohdaten
2019-10-03;19,09;Rohdaten
2019-10-04;18,95;Rohdaten
2019-10-05;19,16;Rohdaten
2019-10-06;19,14;Rohdaten
2019-10-07;18,99;Rohdaten
2019-10-08;19,06;Rohdaten
2019-10-09;19,01;Rohdaten
2019-10-10;19,02;Rohdaten
2019-10-11;19,09;Rohdaten
2019-10-12;;Rohdaten
2019-10-13;18,85;Rohdaten
2019-10-14;18,72;Rohdaten
2019-10-15;18,87;Rohdaten
2019-10-16;19,01;Rohdaten
2019-10-17;19,06;Rohdaten
2019-10-18;18,81;Rohdaten
2019-10-19;18,97;Rohdaten
2019-10-20;18,84;Rohdaten
2019-10-21;18,93;Rohdaten
2019-10-22;18,45;Rohdaten
2019-10-23;18,21;Rohdaten
2019-10-24;18,36;Rohdaten
2019-10-25;18,19;Rohdaten
2019-10-26;18,29;Rohdaten
2019-10-27;18,43;Rohdaten
2019-10-28;18,35;Rohdaten
2019-10-29;18,11;Rohdaten
2019-10-30;18,13;Rohdaten
2019-10-31;;Rohdaten
2019-11-01;18,27;Rohdaten
2019-11-02;17,96;Rohdaten
2019-11-03;17,70;Rohdaten
2019-11-04;17,94;Rohdaten
2019-11-05;17,83;Rohdaten
2019-11-06;17,73;Rohdaten
2019-11-07;17,82;Rohdaten
2019-11-08;17,95;Rohdaten
2019-11-09;17,93;Rohdaten
2019-11-10;17,96;Rohdaten
2019-11-11;17,79;Rohdaten
2019-11-12;17,72;Rohdaten
2019-11-13;17,55;Rohdaten
2019-11-14;17,82;Rohdaten
2019-11-15;17,73;Rohdaten
2019-11-16;17,63;Rohdaten
2019-11-17;17,69;Rohdaten
2019-11-18;17,73;Rohdaten
2019-11-19;17,68;Rohdaten
2019-11-20;17,43;Rohdaten
2019-11-21;17,45;Rohdaten
2019-11-22;17,49;Rohdaten
2019-11-23;17,43;Rohdaten
2019-11-24;17,21;Rohdaten
2019-11-25;16,55;Rohdaten
2019-11-26;16,93;Rohdaten
2019-11-27;17,11;Rohdaten
2019-11-28;17,06;Rohdaten
2019-11-29;17,13;Rohdaten
2019-11-30;17,06;Rohdaten
2019-12-01;17,02;Rohdaten
2019-12-02;17,02;Rohdaten
2019-12-03;17,03;Rohdaten
2019-12-04;16,99;Rohdaten
2019-12-05;16,93;Rohdaten
2019-12-06;17,04;Rohdaten
2019-12-07;17,10;Rohdaten
2019-12-08;17,06;Rohdaten
2019-12-09;17,57;Rohdaten
2019-12-10;17,05;Rohdaten
2019-12-11;16,84;Rohdaten
2019-12-12;17,03;Rohdaten
2019-12-13;17,02;Rohdaten
2019-12-14;17,01;Rohdaten
2019-12-15;17,18;Rohdaten
2019-12-16;17,00;Rohdaten
2019-12-17;16,86;Rohdaten
2019-12-18;16,87;Rohdaten
2019-12-19;16,38;Rohdaten
2019-12-20;16,27;Rohdaten
2019-12-21;16,40;Rohdaten
2019-12-22;16,24;Rohdaten
2019-12-23;16,37;Rohdaten
2019-12-24;16,49;Rohdaten
2019-12-25;16,73;Rohdaten
2019-12-26;16,78;Rohdaten
2019-12-27;16,72;Rohdaten
2019-12-28;16,65;Rohdaten
2019-12-29;16,88;Rohdaten
2019-12-30;16,70;Rohdaten
2019-12-31;16,80;Rohdaten
2020-01-01;16,75;Rohdaten
2020-01-02;16,60;Rohdaten
2020-01-03;16,73;Rohdaten
2020-01-04;16,74;Rohdaten
2020-01-05;16,63;Rohdaten
2020-01-06;16,65;Rohdaten
2020-01-07;16,64;Rohdaten
2020-01-08;16,69;Rohdaten
2020-01-09;16,77;Rohdaten
2020-01-10;16,79;Rohdaten
2020-01-11;16,83;Rohdaten
2020-01-12;16,85;Rohdaten
2020-01-13;16,67;Rohdaten
2020-01-14;16,77;Rohdaten
2020-01-15;16,75;Rohdaten
2020-01-16;16,70;Rohdaten
2020-01-17;16,60;Rohdaten
2020-01-18;16,40;Rohdaten
2020-01-19;15,94;Rohdaten
2020-01-20;15,74;Rohdaten
2020-01-21;15,75;Rohdaten
2020-01-22;15,85;Rohdaten
2020-01-23;15,77;Rohdaten
2020-01-24;15,89;Rohdaten
2020-01-25;15,99;Rohdaten
2020-01-26;16,12;Rohdaten
2020-01-27;16,29;Rohdaten
2020-01-28;16,26;Rohdaten
2020-01-29;16,35;Rohdaten
2020-01-30;16,50;Rohdaten
2020-01-31;16,68;Rohdaten
2020-02-01;16,44;Rohdaten
2020-02-02;16,59;Rohdaten
2020-02-03;17,08;Rohdaten
2020-02-04;17,29;Rohdaten
2020-02-05;17,25;Rohdaten
2020-02-06;17,18;Rohdaten
2020-02-07;17,14;Rohdaten
2020-02-08;17,20;Rohdaten
2020-02-09;17,27;Rohdaten
2020-02-10;17,68;Rohdaten
2020-02-11;17,81;Rohdaten
2020-02-12;17,95;Rohdaten
2020-02-13;17,78;Rohdaten
2020-02-14;17,84;Rohdaten
2020-02-15;17,75;Rohdaten
2020-02-16;17,80;Rohdaten
2020-02-17;17,97;Rohdaten
2020-02-18;18,29;Rohdaten
2020-02-19;18,55;Rohdaten
2020-02-20;18,49;Rohdaten
2020-02-21;18,97;Rohdaten
2020-02-22;18,38;Rohdaten
2020-02-23;18,01;Rohdaten
2020-02-24;18,63;Rohdaten
2020-02-25;18,72;Rohdaten
2020-02-26;19,06;Rohdaten
2020-02-27;18,91;Rohdaten
2020-02-28;19,14;Rohdaten
2020-02-29;19,49;Rohdaten
2020-03-01;19,19;Rohdaten
2020-03-02;19,29;Rohdaten
2020-03-03;19,36;Rohdaten
2020-03-04;19,44;Rohdaten
2020-03-05;19,40;Rohdaten
2020-03-06;19,73;Rohdaten
2020-03-07;19,73;Rohdaten
2020-03-08;19,78;Rohdaten
2020-03-09;19,91;Rohdaten
2020-03-10;19,98;Rohdaten
2020-03-11;19,95;Rohdaten
2020-03-12;20,73;Rohdaten
2020-03-13;20,75;Rohdaten
2020-03-14;20,75;Rohdaten
2020-03-15;20,60;Rohdaten
2020-03-16;20,55;Rohdaten
2020-03-17;20,63;Rohdaten
2020-03-18;20,60;Rohdaten
2020-03-19;20,70;Rohdaten
2020-03-20;20,80;Rohdaten
2020-03-21;20,88;Rohdaten
2020-03-22;20,80;Rohdaten
2020-03-23;20,55;Rohdaten
2020-03-24;20,44;Rohdaten
2020-03-25;20,63;Rohdaten
2020-03-26;20,59;Rohdaten
2020-03-27;20,80;Rohdaten
2020-03-28;20,82;Rohdaten
2020-03-29;20,98;Rohdaten
2020-03-30;20,01;Rohdaten
2020-03-31;19,82;Rohdaten
2020-04-01;19,91;Rohdaten
2020-04-02;19,84;Rohdaten
2020-04-03;19,96;Rohdaten
2020-04-04;20,03;Rohdaten
2020-04-05;20,07;Rohdaten
2020-04-06;19,89;Rohdaten
2020-04-07;19,93;Rohdaten
2020-04-08;19,78;Rohdaten
2020-04-09;19,78;Rohdaten
2020-04-10;19,75;Rohdaten
2020-04-11;19,83;Rohdaten
2020-04-12;19,80;Rohdaten
2020-04-13;19,92;Rohdaten
2020-04-14;19,69;Rohdaten
2020-04-15;19,76;Rohdaten
2020-04-16;19,44;Rohdaten
2020-04-17;19,49;Rohdaten
2020-04-18;19,47;Rohdaten
2020-04-19;19,51;Rohdaten
2020-04-20;19,36;Rohdaten
2020-04-21;19,43;Rohdaten
2020-04-22;19,34;Rohdaten
2020-04-23;18,51;Rohdaten
2020-04-24;18,51;Rohdaten
2020-04-25;17,99;Rohdaten
2020-04-26;18,33;Rohdaten
2020-04-27;17,96;Rohdaten
2020-04-28;18,80;Rohdaten
2020-04-29;19,02;Rohdaten
2020-04-30;19,29;Rohdaten
2020-05-01;18,69;Rohdaten
2020-05-02;18,59;Rohdaten
2020-05-03;18,54;Rohdaten
2020-05-04;18,56;Rohdaten
2020-05-05;18,44;Rohdaten
2020-05-06;18,61;Rohdaten
2020-05-07;18,59;Rohdaten
2020-05-08;18,19;Rohdaten
2020-05-09;18,10;Rohdaten
2020-05-10;18,15;Rohdaten
2020-05-11;18,23;Rohdaten
2020-05-12;18,19;Rohdaten
2020-05-13;18,19;Rohdaten
2020-05-14;18,15;Rohdaten
2020-05-15;18,10;Rohdaten
2020-05-16;18,16;Rohdaten
2020-05-17;18,06;Rohdaten
2020-05-18;18,18;Rohdaten
2020-05-19;18,07;Rohdaten
2020-05-20;18,06;Rohdaten
2020-05-21;17,73;Rohdaten
2020-05-22;16,59;Rohdaten
2020-05-23;15,84;Rohdaten
2020-05-24;15,79;Rohdaten
2020-05-25;15,71;Rohdaten
2020-05-26;15,66;Rohdaten
2020-05-27;15,56;Rohdaten
2020-05-28;15,51;Rohdaten
2020-05-29;15,80;Rohdaten
2020-05-30;15,75;Rohdaten
2020-05-31;15,86;Rohdaten
2020-06-01;16,11;Rohdaten
2020-06-02;16,35;Rohdaten
2020-06-03;16,70;Rohdaten
2020-06-04;16,89;Rohdaten
2020-06-05;16,95;Rohdaten
2020-06-06;17,11;Rohdaten
2020-06-07;17,25;Rohdaten
2020-06-08;17,10;Rohdaten
2020-06-09;17,02;Rohdaten
2020-06-10;17,16;Rohdaten
2020-06-11;17,16;Rohdaten
2020-06-12;17,23;Rohdaten
2020-06-13;17,40;Rohdaten
2020-06-14;17,79;Rohdaten
2020-06-15;17,91;Rohdaten
2020-06-16;18,08;Rohdaten
2020-06-17;18,29;Rohdaten
2020-06-18;18,45;Rohdaten
2020-06-19;18,27;Rohdaten
2020-06-20;17,88;Rohdaten
2020-06-21;17,36;Rohdaten
2020-06-22;17,41;Rohdaten
2020-06-23;17,58;Rohdaten
2020-06-24;17,69;Rohdaten
2020-06-25;17,84;Rohdaten
2020-06-26;18,07;Rohdaten
2020-06-27;18,33;Rohdaten
2020-06-28;18,24;Rohdaten
2020-06-29;18,13;Rohdaten
2020-06-30;18,33;Rohdaten
2020-07-01;18,45;Rohdaten
2020-07-02;18,62;Rohdaten
2020-07-03;18,56;Rohdaten
2020-07-04;18,37;Rohdaten
2020-07-05;18,52;Rohdaten
2020-07-06;18,28;Rohdaten
2020-07-07;18,34;Rohdaten
2020-07-08;18,08;Rohdaten
2020-07-09;17,96;Rohdaten
2020-07-10;18,25;Rohdaten
2020-07-11;18,25;Rohdaten
2020-07-12;18,04;Rohdaten
2020-07-13;17,66;Rohdaten
2020-07-14;17,26;Rohdaten
2020-07-15;17,30;Rohdaten
2020-07-16;17,27;Rohdaten
2020-07-17;17,25;Rohdaten
2020-07-18;17,30;Rohdaten
2020-07-19;17,32;Rohdaten
2020-07-20;17,39;Rohdaten
2020-07-21;17,34;Rohdaten
2020-07-22;17,43;Rohdaten
2020-07-23;17,57;Rohdaten
2020-07-24;17,58;Rohdaten
2020-07-25;17,55;Rohdaten
2020-07-26;17,50;Rohdaten
2020-07-27;;Rohdaten
2020-07-28;;Rohdaten
2020-07-29;;Rohdaten
2020-07-30;;Rohdaten
2020-07-31;16,46;Rohdaten
2020-08-01;16,36;Rohdaten
2020-08-02;16,36;Rohdaten
2020-08-03;16,49;Rohdaten
2020-08-04;16,66;Rohdaten
2020-08-05;16,67;Rohdaten
2020-08-06;15,76;Rohdaten
2020-08-07;16,03;Rohdaten
2020-08-08;16,42;Rohdaten
2020-08-09;16,98;Rohdaten
2020-08-10;16,95;Rohdaten
2020-08-11;17,09;Rohdaten
2020-08-12;17,23;Rohdaten
2020-08-13;17,10;Rohdaten
2020-08-14;17,02;Rohdaten
2020-08-15;17,01;Rohdaten
2020-08-16;17,03;Rohdaten
2020-08-17;17,25;Rohdaten
2020-08-18;17,27;Rohdaten
2020-08-19;17,11;Rohdaten
2020-08-20;17,20;Rohdaten
2020-08-21;17,13;Rohdaten
2020-08-22;16,97;Rohdaten
2020-08-23;17,01;Rohdaten
2020-08-24;17,11;Rohdaten
2020-08-25;17,13;Rohdaten
2020-08-26;17,09;Rohdaten
2020-08-27;16,67;Rohdaten
2020-08-28;16,88;Rohdaten
2020-08-29;16,96;Rohdaten
2020-08-30;16,98;Rohdaten
2020-08-31;16,82;Rohdaten
2020-09-01;16,87;Rohdaten
2020-09-02;16,84;Rohdaten
2020-09-03;16,68;Rohdaten
2020-09-04;16,86;Rohdaten
2020-09-05;17,06;Rohdaten
2020-09-06;17,03;Rohdaten
2020-09-07;17,23;Rohdaten
2020-09-08;17,28;Rohdaten
2020-09-09;17,09;Rohdaten
2020-09-10;16,92;Rohdaten
2020-09-11;17,13;Rohdaten
2020-09-12;16,74;Rohdaten
2020-09-13;16,32;Rohdaten
2020-09-14;16,41;Rohdaten
2020-09-15;16,52;Rohdaten
2020-09-16;16,60;Rohdaten
2020-09-17;16,65;Rohdaten
2020-09-18;16,77;Rohdaten
2020-09-19;16,77;Rohdaten
2020-09-20;16,59;Rohdaten
2020-09-21;16,62;Rohdaten
2020-09-22;16,74;Rohdaten
2020-09-23;16,80;Rohdaten
2020-09-24;16,89;Rohdaten
2020-09-25;16,95;Rohdaten
2020-09-26;16,85;Rohdaten
2020-09-27;16,89;Rohdaten
2020-09-28;16,77;Rohdaten
2020-09-29;16,59;Rohdaten
2020-09-30;15,52;Rohdaten
2020-10-01;15,56;Rohdaten
2020-10-02;15,60;Rohdaten
2020-10-03;15,80;Rohdaten
2020-10-04;15,89;Rohdaten
2020-10-05;15,99;Rohdaten
2020-10-06;16,06;Rohdaten
2020-10-07;16,27;Rohdaten
2020-10-08;16,23;Rohdaten
2020-10-09;16,06;Rohdaten
2020-10-10;16,08;Rohdaten
2020-10-11;16,10;Rohdaten
2020-10-12;16,07;Rohdaten
2020-10-13;16,13;Rohdaten
2020-10-14;16,05;Rohdaten
2020-10-15;15,99;Rohdaten
2020-10-16;15,85;Rohdaten
2020-10-17;15,44;Rohdaten
2020-10-18;15,23;Rohdaten
2020-10-19;15,16;Rohdaten
2020-10-20;15,26;Rohdaten
2020-10-21;15,20;Rohdaten
2020-10-22;15,20;Rohdaten
2020-10-23;15,17;Rohdaten
2020-10-24;15,25;Rohdaten
2020-10-25;15,38;Rohdaten
2020-10-26;15,41;Rohdaten
2020-10-27;15,53;Rohdaten
2020-10-28;15,35;Rohdaten
2020-10-29;15,46;Rohdaten
2020-10-30;15,56;Rohdaten
2020-10-31;15,71;Rohdaten
2020-11-01;15,68;Rohdaten
2020-11-02;15,62;Rohdaten
2020-11-03;15,73;Rohdaten
2020-11-04;15,27;Rohdaten
2020-11-05;14,86;Rohdaten
2020-11-06;14,96;Rohdaten
2020-11-07;14,69;Rohdaten
2020-11-08;14,75;Rohdaten
2020-11-09;14,85;Rohdaten
2020-11-10;14,66;Rohdaten
2020-11-11;14,62;Rohdaten
2020-11-12;14,75;Rohdaten
2020-11-13;14,71;Rohdaten
2020-11-14;14,58;Rohdaten
2020-11-15;14,46;Rohdaten
2020-11-16;14,64;Rohdaten
2020-11-17;14,60;Rohdaten
2020-11-18;14,69;Rohdaten
2020-11-19;14,81;Rohdaten
2020-11-20;14,78;Rohdaten
2020-11-21;14,78;Rohdaten
2020-11-22;14,79;Rohdaten
2020-11-23;14,78;Rohdaten
2020-11-24;15,07;Rohdaten
2020-11-25;14,26;Rohdaten
2020-11-26;14,18;Rohdaten
2020-11-27;14,22;Rohdaten
2020-11-28;14,31;Rohdaten
2020-11-29;14,48;Rohdaten
2020-11-30;14,65;Rohdaten
2020-12-01;13,90;Rohdaten
2020-12-02;14,00;Rohdaten
2020-12-03;13,98;Rohdaten
2020-12-04;14,51;Rohdaten
2020-12-05;14,61;Rohdaten
2020-12-06;14,51;Rohdaten
2020-12-07;14,42;Rohdaten
2020-12-08;14,53;Rohdaten
2020-12-09;14,68;Rohdaten
2020-12-10;14,73;Rohdaten
2020-12-11;14,87;Rohdaten
2020-12-12;14,80;Rohdaten
2020-12-13;14,64;Rohdaten
2020-12-14;14,70;Rohdaten
2020-12-15;14,64;Rohdaten
2020-12-16;14,63;Rohdaten
2020-12-17;14,69;Rohdaten
2020-12-18;14,74;Rohdaten
2020-12-19;14,83;Rohdaten
2020-12-20;14,93;Rohdaten
2020-12-21;14,90;Rohdaten
2020-12-22;14,80;Rohdaten
2020-12-23;14,63;Rohdaten
2020-12-24;14,01;Rohdaten
2020-12-25;14,58;Rohdaten
2020-12-26;14,66;Rohdaten
2020-12-27;14,69;Rohdaten
2020-12-28;15,00;Rohdaten
2020-12-29;14,86;Rohdaten
2020-12-30;14,90;Rohdaten
2020-12-31;15,04;Rohdaten
2021-01-01;15,16;Rohdaten
2021-01-02;15,19;Rohdaten
2021-01-03;15,22;Rohdaten
2021-01-04;15,28;Rohdaten
2021-01-05;15,17;Rohdaten
2021-01-06;15,27;Rohdaten
2021-01-07;15,12;Rohdaten
2021-01-08;15,02;Rohdaten
2021-01-09;14,93;Rohdaten
2021-01-10;15,10;Rohdaten
2021-01-11;15,01;Rohdaten
2021-01-12;14,98;Rohdaten
2021-01-13;13,94;Rohdaten
2021-01-14;13,39;Rohdaten
2021-01-15;13,50;Rohdaten
2021-01-16;13,55;Rohdaten
2021-01-17;13,75;Rohdaten
2021-01-18;13,86;Rohdaten
2021-01-19;13,73;Rohdaten
2021-01-20;14,29;Rohdaten
2021-01-21;14,61;Rohdaten
2021-01-22;14,51;Rohdaten
2021-01-23;15,12;Rohdaten
2021-01-24;15,22;Rohdaten
2021-01-25;15,17;Rohdaten
2021-01-26;15,10;Rohdaten
2021-01-27;15,15;Rohdaten
2021-01-28;15,13;Rohdaten
2021-01-29;15,54;Rohdaten
2021-01-30;16,30;Rohdaten
2021-01-31;17,26;Rohdaten
2021-02-01;17,22;Rohdaten
2021-02-02;17,22;Rohdaten
2021-02-03;17,43;Rohdaten
2021-02-04;17,82;Rohdaten
2021-02-05;17,77;Rohdaten
2021-02-06;17,35;Rohdaten
2021-02-07;17,52;Rohdaten
2021-02-08;18,05;Rohdaten
2021-02-09;18,06;Rohdaten
2021-02-10;17,57;Rohdaten
2021-02-11;17,63;Rohdaten
2021-02-12;18,00;Rohdaten
2021-02-13;17,59;Rohdaten
2021-02-14;17,73;Rohdaten
2021-02-15;17,68;Rohdaten
2021-02-16;18,06;Rohdaten
2021-02-17;18,26;Rohdaten
2021-02-18;18,72;Rohdaten
2021-02-19;19,02;Rohdaten
2021-02-20;19,15;Rohdaten
2021-02-21;19,29;Rohdaten
2021-02-22;19,56;Rohdaten
2021-02-23;19,64;Rohdaten
2021-02-24;19,63;Rohdaten
2021-02-25;19,86;Rohdaten
2021-02-26;20,11;Rohdaten
2021-02-27;19,71;Rohdaten
2021-02-28;19,78;Rohdaten
2021-03-01;19,78;Rohdaten
2021-03-02;19,69;Rohdaten
2021-03-03;19,66;Rohdaten
2021-03-04;18,92;Rohdaten
2021-03-05;18,99;Rohdaten
2021-03-06;19,16;Rohdaten
2021-03-07;19,02;Rohdaten
2021-03-08;19,15;Rohdaten
2021-03-09;19,18;Rohdaten
2021-03-10;19,12;Rohdaten
2021-03-11;19,36;Rohdaten
2021-03-12;19,24;Rohdaten
2021-03-13;19,28;Rohdaten
2021-03-14;19,68;Rohdaten
2021-03-15;19,60;Rohdaten
2021-03-16;19,55;Rohdaten
2021-03-17;19,29;Rohdaten
2021-03-18;19,59;Rohdaten
2021-03-19;18,25;Rohdaten
2021-03-20;18,33;Rohdaten
2021-03-21;18,56;Rohdaten
2021-03-22;18,61;Rohdaten
2021-03-23;18,43;Rohdaten
2021-03-24;18,86;Rohdaten
2021-03-25;18,87;Rohdaten
2021-03-26;18,64;Rohdaten
2021-03-27;18,42;Rohdaten
2021-03-28;18,28;Rohdaten
2021-03-29;17,87;Rohdaten
2021-03-30;17,11;Rohdaten
2021-03-31;17,46;Rohdaten
2021-04-01;17,15;Rohdaten
2021-04-02;17,15;Rohdaten
2021-04-03;17,06;Rohdaten
2021-04-04;17,09;Rohdaten
2021-04-05;17,14;Rohdaten
2021-04-06;17,23;Rohdaten
2021-04-07;17,31;Rohdaten
2021-04-08;16,67;Rohdaten
2021-04-09;15,49;Rohdaten
2021-04-10;15,62;Rohdaten
2021-04-11;15,80;Rohdaten
2021-04-12;16,82;Rohdaten
2021-04-13;16,83;Rohdaten
2021-04-14;16,90;Rohdaten
2021-04-15;16,61;Rohdaten
2021-04-16;16,79;Rohdaten
2021-04-17;16,81;Rohdaten
2021-04-18;16,86;Rohdaten
2021-04-19;16,80;Rohdaten
2021-04-20;16,87;Rohdaten
2021-04-21;16,81;Rohdaten
2021-04-22;16,66;Rohdaten
2021-04-23;16,55;Rohdaten
2021-04-24;16,65;Rohdaten
2021-04-25;16,57;Rohdaten
2021-04-26;16,45;Rohdaten
2021-04-27;16,37;Rohdaten
2021-04-28;16,28;Rohdaten
2021-04-29;16,38;Rohdaten
2021-04-30;16,38;Rohdaten
2021-05-01;16,20;Rohdaten
2021-05-02;16,56;Rohdaten
2021-05-03;16,48;Rohdaten
2021-05-04;16,62;Rohdaten
2021-05-05;17,04;Rohdaten
2021-05-06;16,88;Rohdaten
2021-05-07;16,86;Rohdaten
2021-05-08;16,02;Rohdaten
2021-05-09;16,04;Rohdaten
2021-05-10;16,17;Rohdaten
2021-05-11;16,21;Rohdaten
2021-05-12;16,53;Rohdaten
2021-05-13;16,68;Rohdaten
2021-05-14;17,93;Rohdaten
2021-05-15;17,90;Rohdaten
2021-05-16;17,18;Rohdaten
2021-05-17;17,23;Rohdaten
2021-05-18;17,30;Rohdaten
2021-05-19;17,45;Rohdaten
2021-05-20;17,23;Rohdaten
2021-05-21;17,21;Rohdaten
2021-05-22;17,28;Rohdaten
2021-05-23;17,32;Rohdaten
2021-05-24;17,44;Rohdaten
2021-05-25;18,66;Rohdaten
2021-05-26;21,94;Rohdaten
2021-05-27;22,92;Rohdaten
2021-05-28;18,78;Rohdaten
2021-05-29;16,94;Rohdaten
2021-05-30;16,53;Rohdaten
2021-05-31;16,59;Rohdaten
2021-06-01;16,94;Rohdaten
2021-06-02;16,89;Rohdaten
2021-06-03;16,78;Rohdaten
2021-06-04;16,99;Rohdaten
2021-06-05;17,07;Rohdaten
2021-06-06;16,79;Rohdaten
2021-06-07;17,18;Rohdaten
2021-06-08;17,40;Rohdaten
2021-06-09;17,50;Rohdaten
2021-06-10;17,50;Rohdaten
2021-06-11;17,37;Rohdaten
2021-06-12;17,22;Rohdaten
2021-06-13;17,04;Rohdaten
2021-06-14;16,76;Rohdaten
2021-06-15;16,85;Rohdaten
2021-06-16;16,89;Rohdaten
2021-06-17;17,03;Rohdaten
2021-06-18;17,11;Rohdaten
2021-06-19;17,04;Rohdaten
2021-06-20;17,02;Rohdaten
2021-06-21;17,20;Rohdaten
2021-06-22;17,12;Rohdaten
2021-06-23;16,92;Rohdaten
2021-06-24;17,21;Rohdaten
2021-06-25;17,22;Rohdaten
2021-06-26;17,03;Rohdaten
2021-06-27;16,99;Rohdaten
2021-06-28;16,87;Rohdaten
2021-06-29;17,93;Rohdaten
2021-06-30;17,64;Rohdaten
2021-07-13;17,82;Rohdaten
2021-07-14;17,63;Rohdaten
2021-07-15;17,55;Rohdaten
2021-07-16;17,55;Rohdaten
2021-07-17;17,54;Rohdaten
2021-07-18;17,52;Rohdaten
2021-07-19;17,81;Rohdaten
2021-07-20;18,79;Rohdaten
2021-07-21;18,78;Rohdaten
2021-07-22;17,26;Rohdaten
2021-07-23;17,25;Rohdaten
2021-07-24;17,28;Rohdaten
2021-07-25;17,55;Rohdaten
2021-07-26;17,51;Rohdaten
2021-07-27;17,45;Rohdaten
2021-07-28;17,50;Rohdaten
2021-07-29;17,36;Rohdaten
2021-07-30;17,45;Rohdaten
2021-07-31;17,52;Rohdaten
2021-08-01;17,95;Rohdaten
2021-08-02;17,64;Rohdaten
2021-08-03;17,32;Rohdaten
2021-08-04;17,18;Rohdaten
2021-08-05;16,94;Rohdaten
2021-08-06;16,94;Rohdaten
2021-08-07;16,81;Rohdaten
2021-08-08;16,68;Rohdaten
2021-08-09;16,64;Rohdaten
2021-08-10;16,67;Rohdaten
2021-08-11;16,65;Rohdaten
2021-08-12;16,64;Rohdaten
2021-08-13;16,64;Rohdaten
2021-08-14;16,64;Rohdaten
2021-08-15;16,64;Rohdaten
2021-08-16;16,64;Rohdaten
2021-08-17;16,49;Rohdaten
2021-08-18;16,64;Rohdaten
2021-08-19;16,61;Rohdaten
2021-08-20;16,57;Rohdaten
2021-08-21;16,60;Rohdaten
2021-08-22;16,48;Rohdaten
2021-08-23;16,43;Rohdaten
2021-08-24;16,34;Rohdaten
2021-08-25;16,34;Rohdaten
2021-08-26;16,34;Rohdaten
2021-08-27;16,34;Rohdaten
2021-08-28;16,34;Rohdaten
2021-08-29;16,34;Rohdaten
2021-08-30;16,43;Rohdaten
2021-08-31;16,65;Rohdaten
2021-09-01;16,52;Rohdaten
2021-09-02;16,39;Rohdaten
2021-09-03;16,35;Rohdaten
2021-09-04;16,45;Rohdaten
2021-09-05;16,53;Rohdaten
2021-09-06;16,36;Rohdaten
2021-09-07;16,34;Rohdaten
2021-09-08;16,34;Rohdaten
2021-09-09;16,34;Rohdaten
2021-09-10;16,33;Rohdaten
2021-09-11;16,27;Rohdaten
2021-09-12;16,05;Rohdaten
2021-09-13;16,05;Rohdaten
2021-09-14;16,05;Rohdaten
2021-09-15;15,97;Rohdaten
2021-09-16;15,94;Rohdaten
2021-09-17;15,78;Rohdaten
2021-09-18;15,77;Rohdaten
2021-09-19;15,75;Rohdaten
2021-09-20;15,92;Rohdaten
2021-09-21;16,03;Rohdaten
2021-09-22;16,03;Rohdaten
2021-09-23;16,03;Rohdaten
2021-09-24;16,03;Rohdaten
2021-09-25;16,02;Rohdaten
2021-09-26;16,01;Rohdaten
2021-09-27;15,95;Rohdaten
2021-09-28;15,89;Rohdaten
2021-09-29;15,95;Rohdaten
2021-09-30;15,76;Rohdaten
2021-10-01;15,74;Rohdaten
2021-10-02;15,74;Rohdaten
2021-10-03;15,74;Rohdaten
2021-10-04;15,74;Rohdaten
2021-10-05;15,74;Rohdaten
2021-10-06;15,82;Rohdaten
2021-10-07;15,75;Rohdaten
2021-10-08;15,75;Rohdaten
2021-10-09;15,75;Rohdaten
2021-10-10;15,70;Rohdaten
2021-10-11;15,75;Rohdaten
2021-10-12;15,75;Rohdaten
2021-10-13;15,75;Rohdaten
2021-10-14;15,75;Rohdaten
2021-10-15;15,75;Rohdaten
2021-10-16;15,70;Rohdaten
2021-10-17;15,61;Rohdaten
2021-10-18;15,56;Rohdaten
2021-10-19;15,50;Rohdaten
2021-10-20;15,49;Rohdaten
2021-10-21;15,73;Rohdaten
2021-10-22;15,81;Rohdaten
2021-10-23;15,75;Rohdaten
2021-10-24;15,65;Rohdaten
2021-10-25;15,49;Rohdaten
2021-10-26;15,47;Rohdaten
2021-10-27;15,47;Rohdaten
2021-10-28;15,47;Rohdaten
2021-10-29;15,47;Rohdaten
2021-10-30;15,47;Rohdaten
2021-10-31;15,58;Rohdaten
2021-11-01;15,75;Rohdaten
2021-11-02;15,75;Rohdaten
2021-11-03;15,75;Rohdaten
2021-11-04;15,82;Rohdaten
2021-11-05;15,75;Rohdaten
2021-11-06;15,70;Rohdaten
2021-11-07;15,56;Rohdaten
2021-11-08;15,63;Rohdaten
2021-11-09;15,61;Rohdaten
2021-11-10;15,68;Rohdaten
2021-11-11;15,68;Rohdaten
2021-11-12;15,64;Rohdaten
2021-11-13;15,47;Rohdaten
2021-11-14;15,48;Rohdaten
2021-11-15;15,47;Rohdaten
2021-11-16;15,47;Rohdaten
2021-11-17;15,47;Rohdaten
2021-11-18;15,47;Rohdaten
2021-11-19;15,31;Rohdaten
2021-11-20;15,19;Rohdaten
2021-11-21;15,18;Rohdaten
2021-11-22;15,20;Rohdaten
2021-11-23;15,18;Rohdaten
2021-11-24;15,19;Rohdaten
2021-11-25;15,18;Rohdaten
2021-11-26;15,23;Rohdaten
2021-11-27;15,18;Rohdaten
2021-11-28;15,20;Rohdaten
2021-11-29;15,18;Rohdaten
2021-11-30;15,18;Rohdaten
2021-12-01;15,32;Rohdaten
2021-12-02;15,47;Rohdaten
2021-12-03;15,44;Rohdaten
2021-12-04;15,66;Rohdaten
2021-12-05;15,51;Rohdaten
2021-12-06;15,18;Rohdaten
2021-12-07;15,18;Rohdaten
2021-12-08;15,19;Rohdaten
2021-12-09;15,19;Rohdaten
2021-12-10;15,18;Rohdaten
2021-12-11;15,18;Rohdaten
2021-12-12;15,18;Rohdaten
2021-12-13;15,18;Rohdaten
2021-12-14;15,42;Rohdaten
2021-12-15;15,47;Rohdaten
2021-12-16;15,47;Rohdaten
2021-12-17;15,47;Rohdaten
2021-12-18;15,39;Rohdaten
2021-12-19;15,20;Rohdaten
2021-12-20;15,25;Rohdaten
2021-12-21;15,19;Rohdaten
2021-12-22;15,20;Rohdaten
2021-12-23;15,19;Rohdaten
2021-12-24;15,29;Rohdaten
2021-12-25;15,68;Rohdaten
2021-12-26;15,83;Rohdaten
2021-12-27;15,82;Rohdaten
2021-12-28;15,89;Rohdaten
2021-12-29;16,08;Rohdaten
2021-12-30;16,53;Rohdaten
2021-12-31;16,48;Rohdaten
2022-01-01;16,34;Rohdaten
2022-01-02;16,34;Rohdaten
2022-01-03;16,33;Rohdaten
2022-01-04;16,30;Rohdaten
2022-01-05;16,45;Rohdaten
2022-01-06;16,53;Rohdaten
2022-01-07;16,35;Rohdaten
2022-01-08;16,57;Rohdaten
2022-01-09;16,67;Rohdaten
2022-01-10;16,86;Rohdaten
2022-01-11;16,95;Rohdaten
2022-01-12;16,94;Rohdaten
2022-01-13;16,94;Rohdaten
2022-01-14;16,83;Rohdaten
2022-01-15;16,90;Rohdaten
2022-01-16;17,30;Rohdaten
2022-01-17;18,06;Rohdaten
2022-01-18;17,95;Rohdaten
2022-01-19;16,94;Rohdaten
2022-01-20;16,94;Rohdaten
2022-01-21;16,92;Rohdaten
2022-01-22;16,70;Rohdaten
2022-01-23;16,74;Rohdaten
2022-01-24;16,82;Rohdaten
2022-01-25;16,78;Rohdaten
2022-01-26;16,72;Rohdaten
2022-01-27;16,64;Rohdaten
2022-01-28;16,77;Rohdaten
2022-01-29;16,94;Rohdaten
2022-01-30;16,94;Rohdaten
2022-01-31;16,88;Rohdaten
2022-02-01;16,87;Rohdaten
2022-02-02;17,11;Rohdaten
2022-02-03;17,07;Rohdaten
2022-02-04;16,97;Rohdaten
2022-02-05;16,99;Rohdaten
2022-02-06;16,94;Rohdaten
2022-02-07;17,01;Rohdaten
2022-02-08;17,46;Rohdaten
2022-02-09;18,17;Rohdaten
2022-02-10;18,04;Rohdaten
2022-02-11;17,88;Rohdaten
2022-02-12;17,70;Rohdaten
2022-02-13;17,56;Rohdaten
2022-02-14;17,59;Rohdaten
2022-02-15;17,59;Rohdaten
2022-02-16;17,69;Rohdaten
2022-02-17;19,43;Rohdaten
2022-02-18;18,40;Rohdaten
2022-02-19;18,35;Rohdaten
2022-02-20;18,24;Rohdaten
2022-02-21;18,15;Rohdaten
2022-02-22;17,58;Rohdaten
2022-02-23;17,62;Rohdaten
2022-02-24;17,63;Rohdaten
2022-02-25;17,55;Rohdaten
2022-02-26;17,55;Rohdaten
2022-02-27;17,55;Rohdaten
2022-02-28;17,53;Rohdaten
2022-03-01;17,57;Rohdaten
2022-03-02;17,55;Rohdaten
2022-03-03;17,62;Rohdaten
2022-03-04;17,56;Rohdaten
2022-03-05;17,55;Rohdaten
2022-03-06;17,49;Rohdaten
2022-03-07;17,39;Rohdaten
2022-03-08;17,28;Rohdaten
2022-03-09;17,35;Rohdaten
2022-03-10;17,36;Rohdaten
2022-03-11;17,42;Rohdaten
2022-03-12;17,44;Rohdaten
2022-03-13;17,57;Rohdaten
2022-03-14;17,52;Rohdaten
2022-03-15;17,55;Rohdaten
2022-03-16;17,56;Rohdaten
2022-03-17;17,44;Rohdaten
2022-03-18;17,46;Rohdaten
2022-03-19;17,50;Rohdaten
2022-03-20;17,42;Rohdaten
2022-03-21;17,27;Rohdaten
2022-03-22;17,16;Rohdaten
2022-03-23;17,07;Rohdaten
2022-03-24;17,15;Rohdaten
2022-03-25;17,21;Rohdaten
2022-03-26;17,32;Rohdaten
2022-03-27;17,31;Rohdaten
2022-03-28;17,34;Rohdaten
2022-03-29;17,36;Rohdaten
2022-03-30;17,44;Rohdaten
2022-03-31;17,48;Rohdaten
2022-04-01;17,48;Rohdaten
2022-04-02;17,55;Rohdaten
2022-04-03;17,55;Rohdaten
2022-04-04;17,67;Rohdaten
2022-04-05;17,74;Rohdaten
2022-04-06;17,92;Rohdaten
2022-04-07;17,89;Rohdaten
2022-04-08;18,06;Rohdaten
2022-04-09;19,27;Rohdaten
2022-04-10;19,73;Rohdaten
2022-04-11;19,49;Rohdaten
2022-04-12;19,31;Rohdaten
2022-04-13;19,18;Rohdaten
2022-04-14;19,14;Rohdaten
2022-04-15;18,99;Rohdaten
2022-04-16;18,80;Rohdaten
2022-04-17;18,63;Rohdaten
2022-04-18;18,67;Rohdaten
2022-04-19;18,67;Rohdaten
2022-04-20;18,69;Rohdaten
2022-04-21;18,77;Rohdaten
2022-04-22;18,87;Rohdaten
2022-04-23;18,79;Rohdaten
2022-04-24;18,76;Rohdaten
2022-04-25;18,80;Rohdaten
2022-04-26;18,64;Rohdaten
2022-04-27;18,68;Rohdaten
2022-04-28;18,67;Rohdaten
2022-04-29;18,68;Rohdaten
2022-04-30;18,80;Rohdaten
2022-05-01;18,79;Rohdaten
2022-05-02;18,79;Rohdaten
2022-05-03;18,75;Rohdaten
2022-05-04;18,74;Rohdaten
2022-05-05;18,71;Rohdaten
2022-05-06;18,50;Rohdaten
2022-05-07;18,50;Rohdaten
2022-05-08;18,48;Rohdaten
2022-05-09;18,48;Rohdaten
2022-05-10;18,47;Rohdaten
2022-05-11;18,50;Rohdaten
2022-05-12;18,50;Rohdaten
2022-05-13;18,50;Rohdaten
2022-05-14;18,43;Rohdaten
2022-05-15;18,41;Rohdaten
2022-05-16;18,31;Rohdaten
2022-05-17;18,22;Rohdaten
2022-05-18;18,33;Rohdaten
2022-05-19;18,29;Rohdaten
2022-05-20;18,29;Rohdaten
2022-05-21;18,18;Rohdaten
2022-05-22;18,19;Rohdaten
2022-05-23;18,22;Rohdaten
2022-05-24;18,19;Rohdaten
2022-05-25;18,18;Rohdaten
2022-05-26;18,18;Rohdaten
2022-05-27;18,18;Rohdaten
2022-05-28;18,15;Rohdaten
2022-05-29;18,03;Rohdaten
2022-05-30;18,02;Rohdaten
2022-05-31;17,89;Rohdaten
2022-06-01;17,90;Rohdaten
2022-06-02;17,89;Rohdaten
2022-06-03;17,87;Rohdaten
2022-06-04;17,87;Rohdaten
2022-06-05;17,89;Rohdaten
2022-06-06;17,87;Rohdaten
2022-06-07;17,87;Rohdaten
2022-06-08;17,87;Rohdaten
2022-06-09;17,87;Rohdaten
2022-06-10;17,72;Rohdaten
2022-06-11;17,58;Rohdaten
2022-06-12;17,55;Rohdaten
2022-06-13;17,55;Rohdaten
2022-06-14;17,55;Rohdaten
2022-06-15;17,55;Rohdaten
2022-06-16;17,45;Rohdaten
2022-06-17;17,38;Rohdaten
2022-06-18;17,35;Rohdaten
2022-06-19;17,37;Rohdaten
2022-06-20;17,27;Rohdaten
2022-06-21;17,17;Rohdaten
2022-06-22;17,14;Rohdaten
2022-06-23;17,18;Rohdaten
2022-06-24;17,25;Rohdaten
2022-06-25;17,22;Rohdaten
2022-06-26;17,25;Rohdaten
2022-06-27;17,25;Rohdaten
2022-06-28;17,25;Rohdaten
2022-06-29;17,25;Rohdaten
2022-06-30;17,25;Rohdaten
2022-07-01;17,22;Rohdaten
2022-07-02;17,21;Rohdaten
2022-07-03;17,04;Rohdaten
2022-07-04;16,95;Rohdaten
2022-07-05;16,94;Rohdaten
2022-07-06;16,94;Rohdaten
2022-07-07;16,93;Rohdaten
2022-07-08;16,85;Rohdaten
2022-07-09;16,82;Rohdaten
2022-07-10;16,83;Rohdaten
2022-07-11;16,78;Rohdaten
2022-07-12;16,77;Rohdaten
2022-07-13;16,69;Rohdaten
2022-07-14;16,75;Rohdaten
2022-07-15;16,64;Rohdaten
2022-07-16;16,64;Rohdaten
2022-07-17;16,64;Rohdaten
2022-07-18;16,60;Rohdaten
2022-07-19;16,49;Rohdaten
2022-07-20;16,45;Rohdaten
2022-07-21;16,34;Rohdaten
2022-07-22;16,34;Rohdaten
2022-07-23;16,34;Rohdaten
2022-07-24;16,33;Rohdaten
2022-07-25;16,34;Rohdaten
2022-07-26;16,30;Rohdaten
2022-07-27;16,12;Rohdaten
2022-07-28;16,08;Rohdaten
2022-07-29;16,05;Rohdaten
2022-07-30;16,05;Rohdaten
2022-07-31;16,05;Rohdaten
2022-08-01;16,05;Rohdaten
2022-08-02;16,05;Rohdaten
2022-08-03;16,05;Rohdaten
2022-08-04;16,03;Rohdaten
2022-08-05;15,96;Rohdaten
2022-08-06;15,81;Rohdaten
2022-08-07;15,78;Rohdaten
2022-08-08;15,75;Rohdaten
2022-08-09;15,75;Rohdaten
2022-08-10;15,75;Rohdaten
2022-08-11;15,82;Rohdaten
2022-08-12;15,88;Rohdaten
2022-08-13;15,48;Rohdaten
2022-08-14;15,47;Rohdaten
2022-08-15;15,47;Rohdaten
2022-08-16;15,47;Rohdaten
2022-08-17;15,47;Rohdaten
2022-08-18;15,44;Rohdaten
2022-08-19;15,62;Rohdaten
2022-08-20;15,68;Rohdaten
2022-08-21;15,77;Rohdaten
2022-08-22;15,78;Rohdaten
2022-08-23;15,79;Rohdaten
2022-08-24;15,84;Rohdaten
2022-08-25;15,92;Rohdaten
2022-08-26;15,91;Rohdaten
2022-08-27;15,64;Rohdaten
2022-08-28;15,47;Rohdaten
2022-08-29;15,47;Rohdaten
2022-08-30;15,47;Rohdaten
2022-08-31;15,36;Rohdaten
2022-09-01;15,22;Rohdaten
2022-09-02;15,18;Rohdaten
2022-09-03;15,18;Rohdaten
2022-09-04;15,17;Rohdaten
2022-09-05;15,12;Rohdaten
2022-09-06;15,04;Rohdaten
2022-09-07;14,96;Rohdaten
2022-09-08;15,18;Rohdaten
2022-09-09;15,12;Rohdaten
2022-09-10;14,97;Rohdaten
2022-09-11;15,23;Rohdaten
2022-09-12;15,14;Rohdaten
2022-09-13;15,00;Rohdaten
2022-09-14;15,08;Rohdaten
2022-09-15;15,46;Rohdaten
2022-09-16;15,74;Rohdaten
2022-09-17;15,62;Rohdaten
2022-09-18;15,68;Rohdaten
2022-09-19;15,68;Rohdaten
2022-09-20;15,75;Rohdaten
2022-09-21;15,72;Rohdaten
2022-09-22;15,72;Rohdaten
2022-09-23;15,69;Rohdaten
2022-09-24;15,57;Rohdaten
2022-09-25;15,50;Rohdaten
2022-09-26;15,47;Rohdaten
2022-09-27;15,47;Rohdaten
2022-09-28;15,47;Rohdaten
2022-09-29;15,48;Rohdaten
2022-09-30;15,47;Rohdaten
2022-10-01;15,48;Rohdaten
2022-10-02;15,76;Rohdaten
2022-10-03;16,63;Rohdaten
2022-10-04;16,54;Rohdaten
2022-10-05;16,36;Rohdaten
2022-10-06;16,34;Rohdaten
2022-10-07;16,29;Rohdaten
2022-10-08;16,22;Rohdaten
2022-10-09;16,05;Rohdaten
2022-10-10;16,05;Rohdaten
2022-10-11;16,04;Rohdaten
2022-10-12;15,92;Rohdaten
2022-10-13;15,81;Rohdaten
2022-10-14;15,77;Rohdaten
2022-10-15;15,99;Rohdaten
2022-10-16;16,01;Rohdaten
2022-10-17;15,88;Rohdaten
2022-10-18;15,79;Rohdaten
2022-10-19;15,77;Rohdaten
2022-10-20;15,75;Rohdaten
2022-10-21;15,73;Rohdaten
2022-10-22;15,78;Rohdaten
2022-10-23;15,75;Rohdaten
2022-10-24;15,74;Rohdaten
2022-10-25;15,80;Rohdaten
2022-10-26;15,78;Rohdaten
2022-10-27;15,65;Rohdaten
2022-10-28;15,72;Rohdaten
2022-10-29;15,63;Rohdaten
2022-10-30;15,65;Rohdaten
2022-10-31;15,51;Rohdaten
2022-11-01;15,47;Rohdaten
2022-11-02;15,47;Rohdaten
2022-11-03;15,47;Rohdaten
2022-11-04;15,47;Rohdaten
2022-11-05;15,43;Rohdaten
2022-11-06;15,33;Rohdaten
2022-11-07;15,31;Rohdaten
2022-11-08;15,34;Rohdaten
2022-11-09;15,38;Rohdaten
2022-11-10;15,34;Rohdaten
2022-11-11;15,18;Rohdaten
2022-11-12;15,18;Rohdaten
2022-11-13;15,17;Rohdaten
2022-11-14;15,18;Rohdaten
2022-11-15;15,18;Rohdaten
2022-11-16;15,18;Rohdaten
2022-11-17;15,18;Rohdaten
2022-11-18;15,44;Rohdaten
2022-11-19;15,48;Rohdaten
2022-11-20;15,74;Rohdaten
2022-11-21;15,67;Rohdaten
2022-11-22;15,74;Rohdaten
2022-11-23;15,74;Rohdaten
2022-11-24;15,72;Rohdaten
2022-11-25;15,73;Rohdaten
2022-11-26;15,74;Rohdaten
2022-11-27;15,67;Rohdaten
2022-11-28;15,74;Rohdaten
2022-11-29;15,74;Rohdaten
2022-11-30;15,69;Rohdaten
2022-12-01;15,71;Rohdaten
2022-12-02;15,63;Rohdaten
2022-12-03;15,62;Rohdaten
2022-12-04;15,68;Rohdaten
2022-12-05;15,67;Rohdaten
2022-12-06;15,75;Rohdaten
2022-12-07;15,49;Rohdaten
2022-12-08;15,55;Rohdaten
2022-12-09;15,54;Rohdaten
2022-12-10;15,51;Rohdaten
2022-12-11;15,47;Rohdaten
2022-12-12;15,47;Rohdaten
2022-12-13;15,33;Rohdaten
2022-12-14;15,41;Rohdaten
2022-12-15;15,47;Rohdaten
2022-12-16;15,40;Rohdaten
2022-12-17;15,23;Rohdaten
2022-12-18;15,32;Rohdaten
2022-12-19;15,56;Rohdaten
2022-12-20;15,66;Rohdaten
2022-12-21;15,91;Rohdaten
2022-12-22;16,17;Rohdaten
2022-12-23;16,16;Rohdaten
2022-12-24;16,74;Rohdaten
2022-12-25;16,94;Rohdaten
2022-12-26;16,95;Rohdaten
2022-12-27;16,95;Rohdaten
2022-12-28;17,05;Rohdaten
2022-12-29;17,20;Rohdaten
2022-12-30;17,34;Rohdaten
2022-12-31;17,48;Rohdaten
