﻿Quelle:;"Bayerisches Landesamt für Umwelt, www.gkd.bayern.de"
Datenbankabfrage:;"24.02.2023 16:00"
Zeitbezug:;MEZ
Messstellen-Name:;"Strössendorf Quelle"
Messstellen-Nr.:;5561
Ostwert:;658179;Nordwert:;5555469;"ETRS89 / UTM Zone 32N"

Datum;"Quellschüttung [l/s]";Prüfstatus
2023-01-01;0,26;Rohdaten
2023-01-02;0,28;Rohdaten
2023-01-03;0,29;Rohdaten
2023-01-04;0,29;Rohdaten
2023-01-05;0,29;Rohdaten
2023-01-06;0,31;Rohdaten
2023-01-07;0,32;Rohdaten
2023-01-08;0,33;Rohdaten
2023-01-09;0,33;Rohdaten
2023-01-10;0,33;Rohdaten
2023-01-11;0,33;Rohdaten
2023-01-12;0,33;Rohdaten
2023-01-13;0,33;Rohdaten
2023-01-14;0,33;Rohdaten
2023-01-15;0,32;Rohdaten
2023-01-16;0,33;Rohdaten
2023-01-17;0,34;Rohdaten
2023-01-18;0,34;Rohdaten
2023-01-19;0,33;Rohdaten
2023-01-20;0,34;Rohdaten
2023-01-21;0,34;Rohdaten
2023-01-22;0,35;Rohdaten
2023-01-23;0,35;Rohdaten
2023-01-24;0,35;Rohdaten
2023-01-25;0,36;Rohdaten
2023-01-26;0,37;Rohdaten
2023-01-27;0,36;Rohdaten
2023-01-28;0,36;Rohdaten
2023-01-29;0,35;Rohdaten
2023-01-30;0,37;Rohdaten
2023-01-31;0,36;Rohdaten
